text,label
@user Eight years the republicans denied obama’s picks. Breitbarters outrage is as phony as their fake president.,2
@user She has become a parody unto herself? She has certainly taken some heat for being such an....well idiot. Could be optic too  Who know with Liberals  They're all optics.  No substance,2
@user Your looking more like a plant #maga #walkaway,2
@user Antifa would burn a Conservatives house down and CNN would be there lighting the torches &amp; throwing gas on the flames.,2
"@user They cite Jones being banned for violating Twitter's ToS. There are blue checkmarks spewing the same, if not worse, kind of shit. If you are going to play the anyone can get banned"""" card. Shouldn't these people also receive bans and suspensions? #VerifiedHate""""",2
@user also shitbiscuit stole most of the Tempe girls u can't blame that on me..,2
"@user @user Well, see, if I start talking at Dana about sensible gun control laws and she ignores me (or calls me a tragedy dry-humping whore"""" as she did @user then we aren't having a conversation. I'm just talking into the void.""""",2
@user All you do is lie. All congress does us lie.  MAGA.,2
@user @user @user @user @user @user @user @user @user @user @user @user @user @user @user @user @user @user @user @user @user @user @user @user @user @user @user @user @user @user @user @user @user @user @user @user @user @user @user @user @user @user @user @user @user @user He also clarified that there is the water birth when we are physically born. Then there is the spiritual birth which is obviously when we spiritually die to our sinful flesh and be reborn sinless after being cleansed by His blood at salvation when our sin debt is paid! Praise God,2
@user @user Why are you wasting time replying on twitter (trolling) on behalf of people making under that amount?  Seems like someone is just a propaganda pusher...or likes gloating to other #MAGA's that they got screwed by Trump.,2
@user We had Leveon Bell. Thats the dumbest argument. But we can compare college for when he played. His best season was 1700 yds 26 TDs. How about Collins? And this is Conners first year starting and he is starting much better than Collins,2
@user @user SHE IS A FUCKING MESS!! I HATE HER SO MUCH,2
@user I was think she jisoo but I’m Focused I found she is taeyoun,2
@user Holy shit I love her???,2
@user I can’t cuz that nigga retarded smh,2
9 factory workers gunned down in Iowa City with 20-gauge Winchester pump-action shotgun. The NRA blames gun control laws.,2
@user He is quite good at faking. Must have done it numerous times,2
Take Take Take #WalkAway from the #idiot party! #MAGA,2
@user @user You are so correct the Democratic party for slavery and pro-nazi gun control,2
@user @user Prove your claim or be exposed as the lying piece of shit you are.   Meanwhile...,2
@user Get shit poppin,2
@user She says no. You are now sad. She then realizes what you might actually mean. She slaps you. She says no. Now you are sad AND your face hurts.,2
@user Patrick ass??,2
@user All we ever hear from Hillary is beeching &amp; moaning.  Dang ! That witch never get tired of complaining!,2
@user Come on CNN.  He literally introduced himself.  The guy is a public figure for gun control.  Call him out!,2
@user @user @user She is a walking talking lie..  that’s why.,2
@user Holder is responsible for selling guns to the Mexican cartel. Just another Obama administration law breaker.,2
@user Better than what? Truth? Politicians have never been good at that. My America is better than Flake.,2
@user you couldn’t catch me letting some saggy whitey bitch talkin like this to me 😫 bitch eat dirt,2
@user You are becoming the court jester of the senate,2
@user And why report this garbage.  We don't give a crap.,2
@user She is disgusting,2
@user Eric holder is Obama's straw man of corruption,2
@user America is better than swamp crud like YOU!,2
@user The lies i keep hearing everyday sigh *INHALES* IM TIRED OF YOU PUTTING YOURSELF DOWN AND IF PPL DONT SEE HOW BEAUTIFUL MY BESTFRIEND IS THEN ITS THEIR PROBLEM You are beautiful ive seen iT so its my place to tell you you are beautiful and i accept nothing less. If not more 😤,2
"@user Dear Paul McFartney-  You had us at Beatles.  You lost us at President Mad Captain.  Burn in hell-  Jon.""""",2
@user @user I think she is a hypocrite and loyal to the evil GOP. Vote her out.,2
@user @user Bill Clinton enjoyed raping them while Ted Kennedy enjoyed killing them. But you are cool with that.,2
@user #Conservatives #Republicans are #TRAITORS to #America,2
@user This liberal is pissed that anyone would give that disgusting pos an award for equality. And....f.u. for including all liberals in this bullshit decision by the HRC.,2
@user Eirc Holder: a friken idiot,2
@user Crazy freaking liberals,2
@user @user Ikkk he is a fucking prince 6al3 mn al stories bta3in Disney kida ahhooo😹😭😹😭😹💜💜💜,2
@user @user says social housing is good and in the same breath talks of climbing the ladder.   Hypocrisy incarnate from a failed lying politician lining her party's pockets with tax money for real estate builders @user building their failure of lies,2
@user @user He is delirious!,2
@user sick of white neo liberals speaking for Black people saying they all love Hillary. They are so deluded. It’s like they just rep ‘black lives matter’ so they can appear woke enough to keep railing against Bernie supporters. Because you know they didn’t care b4 Hillary lost 2 trump,2
@user @user @user Do it with quran and then we will see how much atheist and brave she is... hindus figured it out that this type of attention grabbing big boss wanna be people are not worth it...  Go live in your 2 minutes Prime Time covered life ... Lord krishna and his followers don't care,2
@user @user @user How about your outrage over this?  Do something so you can be credible instead of being perceived as demagogues partisans #MAGA,2
"@user @user @user @user @user @user @user @user @user So the AR-15 is a fully semi-automatic assault rifle,"""" gun control works, and Donald Trump is racist?""""",2
@user Just listening to Juan Williams on the FIVE drives me crazy.  He is such an ignorant man.  Where does this man get his facts?  Thank GOD for Jesse Waters and you ladies!,2
"@user @user @user @user What you're doing is so irresponsible &amp; I believe that ur smart enough to understand how evil you are. If the FBI or JD had some plot to thwart DT, all they had to do was leak"""" to the press that he was being investigated. They DID NO SUCH THING. U know you're wrong, that's evil!""""",2
The “Law and Order” president really hates law enforcement! Lol #MAGA,2
"@user @user @user @user @user ...how you want to be defined""""? PUL-EASE! When you live under a 24/7/365 MSMedia SHIT-SMEAR to the point you have Marxine Waters sending her ANTIFA minions out to threaten you in public places - you learn not to give a F*CK what the """"Pavlovian Left"""" thinks. Night, night 🌙!""""",2
@user You are sexy as fuck babygirl🔥🔥🔥,2
@user FF8 sucks MAJOR wang.,2
@user Another nail in the coffin of the NFL,2
@user Bullshit. People died because of an incompetent government in Puerto Rico. And you can start with that mayor. Stop lying Gutierrez.,2
@user Fascist always control the media.,2
@user Fuck you dope.  Not a Fox watcher.  Independent voter that will never vote left.  Your Party is dangerous.,2
@user was literally just talking about this lol all mass shootings like that have been set ups. it’s propaganda used to divide us on major issues like gun control and terrorism,2
@user @user @user @user as of right now my only solid position is that the NRA has become far too influential in politics and as a result they have delayed the desire for gun control for about 20 years.,2
@user @user @user @user @user @user He is a crook,2
A BUNCH OF VULTURES!  TIM ISNT EVEN GONE YET -WTF?  HAVE YOU NO SHAME?  ALL YOU SEE ARE $$ I HOPE HE LEFT EVERY PENNY TO AN ANIMAL RESCUE!  'Carol Burnett' star Tim Conway recovers from brain surgery as family battle over comic's fate rages on #FoxNews,2
"@user @user Right. shoot the messenger."""" Don't go after the homosexual rot in the clergy, Bergoglio, go after the man - Archbishop Vigano - who EXPOSED the homosexual rot in the clergy. Satan must be having a REALLY good laugh over that one.""""",2
@user @user Can't stand to listen to that puke. I change the channel when he speaks. He believes his own LIES!!....They're all NUTS!! #LeftWingLiberalDisease #WalkAway #VoteRedToSaveAmerica  🇺🇸🇺🇸#MAGA 🇺🇸🇺🇸,2
@user @user Ha ha ha sneaky buggers. I have put out a warning to have sound off. That will show them.,2
@user @user @user Look Ellen.... I am not a socialist commie... you are the one for government Universal Health Care bigger government gun control and free colleges. I am American I'm for capitalism,2
@user @user @user No you wouldn't sis I know damn well you would probably call it cute people propose in concerts all the time yet when its a gay couple its wrong you're at a fucking concert you don't have to pay attention,2
@user She is a fake a fraud and a democrat activist plant. She is a tool to try to derail the process and then to later drum up votes for democrats claiming conservatives don't care about victims. If Democrats cared if they wouldn't cheapen real victims with fakes.,2
@user @user She is dickmatized,2
@user Fat ass.... heart attack city..... keep eating fat ass....,2
@user As it gets closer to November the left is in full on panic mode their talking points will forever be 25th Amendment. Ok idiots let’s see you try it.,2
@user Nigga then how can you say bo2 is the best Cod 🤨,2
@user Dude. What the fuck is WRONG WITH YOU?  I sent you a direct tweet to show you how you re-tweet your OWN shit. Then I let it go. Now you want to double down?  Just go back to Whoviille,2
@user @user @user 👏WELL👏SAID👏👏👏👏👏👏She gets more negative feedback than anyone ever!! Because she is always defending her BAD BEHAVIOR! Way to show her little girl how to act!👏👏👏👏👏👏,2
@user Brett Kavanaugh was supposed to be a selling point for GOP candidates in the midterm elections. But now he could become a liability...CBS enough of all your BS lies. Go away with your other liberals CNN. MSM. WE ARE NOT LISTENING TO YOUR IGNORANT BS Stories!!! 😡😡😡😡,2
@user Ouch. She is horrible.,2
@user That's what Lindsey Graham uses for a butt hole............,2
"#USA (I feel your pain, even while I profit causing it!) #liberals , U gotta luv 'em! Redistributing wealth not on their menu- serve up identity politics slop. So you destroyed #Libya -ya'll never catch Bill now -he's got million dead #Iraqi kids (sanctions '90's) under his belt",2
@user @user @user @user Hes comin for ur woolly bitches,2
@user @user @user @user @user @user If you put any claim that that ambulance chaser is in anyway anything by a shyster you are a fool bigger than he is,2
@user Hope they continue to crash @user,2
@user You said it. They're trying to prove that cheepika is goddess and everyone else has nothing to offer. It tells everything about how insecure they are as fans. Now their target is alia because they know how good she is. Alia being so good is threat to their so called goddess.,2
@user @user achichincle lamebotas!,2
@user @user @user @user @user @user @user @user @user @user @user @user @user @user @user @user @user @user @user @user @user @user @user @user @user @user @user @user @user @user @user @user @user @user @user @user @user @user @user @user @user @user @user @user @user @user @user @user @user @user You are not very smart are you? Why do you think Gen Flynn’s sentencing keeps being rescheduled?,2
@user Carrey is a pig🤬,2
@user Liberals are full of s#$t when they say they have alot of love to give!  They have become the devils minions.  No one will prayerfully vote for their socialist agenda!,2
@user Free speech is alive but not so well since all social media platforms are run with a strict dictatorship of opinions by libtards.,2
@user I can't wait for Kavanaugh to throw gun control in the garbage can where it belongs.,2
@user No and they’re expensive ass hell,2
@user @user My favourite part of this is watching all the conservatives lose their minds as usual. Once again the Democrats are being mean to us boo-hoo. LOL.,2
@user @user   Pls take a look at signing gordon he is the deep threat with goodwin hurt we need and only 27. @user  come play with Grop,2
@user @user @user what the fuck,2
#Liberals grasp at unproven straws ... #NotPlastic,2
@user @user @user @user @user @user @user @user @user @user @user @user @user @user @user @user @user @user @user @user @user @user @user @user @user @user @user @user @user @user @user @user @user @user @user @user @user @user @user @user @user @user @user @user @user @user @user @user @user @user Stop with your nonsense. You are a block. You are STUPID!,2
@user everyone's ragging your ass on Puerto rico Don. The mayor put a stop to the work being done out there a while back.,2
@user Shameful.  #NRA is spending over a million $ to get Kavanaugh installed.  Gun control isn't his pot of Tea.,2
"@user @user Way over the head..."""" you #Liberals are all the same.. """"@USER supporters are stupid"""" """"If you think for yourself, you are a racist"""" """"Aboilish ICE so we can have open borders and more crime."""" Get out of you bubble for a minute and look at how great the country is doing. #MAGA""""",2
@user Character and Clinton. Cartoon maybe,2
AntiFa fascists and Socialists are one and the same......time to respond !,2
Sean Penn: #MeToo Movement Seeks to ‘Divide Men and Women’ &lt;— Gotta say… I stand w/ Jeff Spicoli on this one.  #MAGA #WWG1WGA #ConfirmKavanaugh,2
@user She is a piece of garbage! I can't believe the hatred those bitches on the View have for Trump! And ABC let's them spew this garbage on a daily basis. Disgusting! Boycott the View! Boycott ABC too! I have &amp; damn proud of it!,2
@user THE DEVIL MADE ME DO IT!!!!! THE UGLY FACE OF LIBERALS! I FEEL SORRY FOR THE INNOCENT HONEST ONES THAT ARE JUST BRAINWASHED!,2
@user This is dumb. An European government is allowed to make a decision that affects the entire planet. Also how would they even enforce this? Are they going to bug every computer in the world?,2
@user What are you afraid of liberals. You screamed for transparency!Now that POTUS is doing just that you are screaming to keep it secret.The truth is there. You don’t want it seen.Liberals are hypocrites &amp; the alphabet agencies have some bad apples involved in a soft coup. Tick Tock,2
@user @user Pushed to my limits.,2
@user @user Liberals don’t give a sh!t. They have no souls.,2
@user @user @user The Democrats are so desperate all those ppl threatening Sen Collins are from CA. They will do anything to delay or halt confirmation and @user re-election is on the line she is desperate. The ppl &amp; GOP are quite aware of what is going on.,2
@user @user this is all just another fraud put out by the democrats.this woman is lying to help her party.Nothing but a liberal nutjob who would say anything to try and keep the conservatives from having the majority on the SCOTUS.,2
@user What the fuck game are you watching?,2
@user @user Choosing heartless politician over your ancestors country.  Speaks volumes as to who you are.,2
@user @user @user @user So you are ok with the racial epithats that the left calls black conservatives? #bigotry #hypocrisy #walkaway I did. Many have. Dont be blind. You are being a tool for a establishment. Keep resisting the outsider and be for the political elite millionaires.,2
@user @user Of course he is. He will be remembered for being the biggest hypocrite in history. They change the rules constantly. #GOPHypocrites,2
@user he probably gets paid to say that...with $$ and assurances that he won't be called an islamophobe---pfffft it's a fake word--justin is an IDIOT and he is destroying canada one refugee at a time,2
@user I'm telling yeah she is leading Steve on...   look howa she always likes all Steves tweets.    What a hooch,2
@user This smells like another funding of George Soros. Follow the money 💴 trail.  That woman most likely never knew Judge Kavanaugh. liberals are running scared because The Judge has conservative Christians values. The man has an impeccable Portfolio. Finestine’s a dirty politician,2
Impeach Trump and #MAGA,2
@user His fruits comes not only from his mouth; he is a liar and a deceiver. He is definitely NOT a Catholic — he likes to re-form the Church to his own image.,2
@user @user @user way more accurate than most theories.Most history ancient Egypt ect is all made up BS . It’s all been fabricated for us I don’t claim to know why.But if you start looking into history ect there’s no fucking proof of anything.Enjoy the show.Our consciousness is def changing #Doit,2
@user @user Kind of why we need NATION-WIDE GUN CONTROL. Are you really that stupid?,2
@user I don't believe she's even getting death threats. Conservatives don't roll that way. Plus her &amp; her attorneys bankroll is Soros,2
@user Yes Liberals vs progressives This should be a really dumb banter  Go,2
@user @user I hate @user so much now. They fucked up the whole franchise.,2
@user Crazy liberals,2
@user @user You are pathetic. This has nothing to do with him his dad or the wall or Mexico. This is about Swallwell thinking its ok for liberals to threaten repubs but not the other away around.,2
@user @user How does that make him the best in the country though? There was nothing special about the throw. How does that make me butt hurt ?,2
@user @user Son please don’t make me cry today because I never saw this shit,2
@user So Fucking What. It doesn’t matter if they found the Dead Sea scrolls or the Colonel’s secret recipe. This man should not be dead but he is so due to the ignorant negligence of someone else.,2
@user Cali already has some of the most strict gun control laws in the county. And you can't blame this on on Indiana.,2
"@user @user @user @user @user @user Good luck with that! I dont follow along with fascists like the #resist movement and their apple and google overlords. I know what happened in ww2 and its the rhetoric they use that put us there. I dont need a GOD"""" to see the hate spewed from #Antifa and how that is wrong.""""",2
@user @user The name alt right is to make people think its a right wing group.just like ANTIFA that are fascist. BLM that really to they all black lives dont matter.,2
@user Dumb kid,2
@user HYPOCRITE!! You run a commercial about ur support for gun control &amp; protecting kids showing ur kids. Really! U support ABORTION. What’s the difference in that and a gun? They BOTH KILL! @user @user @user @user @user,2
@user Bye bye Flake you Flake! Don’t let the Senate door hit you in the behind on your way out. @user @user @user @user,2
@user @user @user @user @user hey #sickholder were you the dirty filthy greasy cheesy negarrrr who was in contempt of Congress? Don't open your mouth it's extremely stink.,2
@user Don’t even know the subject  but I’ll side with Sarandon only because she has class (even if I disagree with her) against the classless rambling fool.  😁,2
@user Its like saying the brown shirts afe better than nazis because they pretended to be socialists.,2
WTC This is a threat!!! ..@USER #Maga #QAnon #WakeUpAmerica,2
@user Bono is utterly stupid ridiculous wealthy tax avoiding hypocrite fascist  I can’t listen to U2 again,2
@user @user What a waste of one’s short life.🤷🏻‍♂️🇺🇸,2
@user You are a big blot on the dharmic Kashmiri Pandits community. In the name of modernity you have lost all sanity which reflects in the way you have supported this loony womans  hinduphobia.,2
"Roy Moore"""" """"Allegations From Far Distant Past""""  """"Bezos"""" """"Bunny"""" """"Satire"""" #drellenbrandt #MAGA Dr. Melissa Bunny, via a Medium, tells us from beyond the grave: """"About 35 years ago, Jeff Bezos put his hands on me, cut my head off, and cooked me as hasenpfeffer for dinner."""" 🐇🐇🐇",2
@user This shit gon keep me in the crib lol fuck it,2
@user He is an israeli puppet.,2
@user @user I continue to be concerned that our country’s gun control laws are not good enough to protect our children. I will only vote for the party that is willing to address this issue.,2
@user I saw some shit today that made me want to @ her and politely ask her if I could be her stylist.... because I'm not here for these early 2000 bangle bracelets and unnecessary accessories like who's responsible? I have a few words.,2
@user @user And most Hillary supporters are racist liberals.,2
@user House of flowers!!!!! Shits crazy,2
@user HE IS MOE,2
@user @user @user @user Gun control is never sensible.,2
@user I see you support gun control 😀,2
@user There's an entire faction dedicated to the idea that school shootings are all faked to try to get gun control laws passed.,2
@user @user I believe that Melania Trump is an abused woman maybe not physically but definitely mentally by an abuser husband and she is afraid to speak out against her abuser.,2
@user @user @user @user Who is fawning? And who are you to decide who is and who isn't reasonable? It is fully possible to be reasonable and still be wrong. I'm guessing you have never watched Daves show and are going by what you have heard from people you are fawning over.,2
@user Kirinodere and the Curious Case of the Fucked Customs Fees. 10/10 good book.,2
@user I like that after dating for 8 months you finally understand it when I cringe at the word cock lol,2
@user 👌🏻 I’ve never seen anyone talk like that on Twitter before and I’ve seen some really messed up shit,2
@user Oh fuck yeah,2
@user It’s more what she does than who she is,2
@user Hes sure as hell not one of is either... traitor liberals- all of them-,2
"@user @user @user You are hilarious!  You keep defending that woman.  I have watched her for over 20 years and she is a liar and a hypocrite and an obstructionist.  I like my crumbs"""".  She needs people like you to support her though.""""",2
@user Bono is clearly a racist,2
@user After the GOP wins the mid-terms easily there will be no reason we dont put on the masks and grab weapons to go all #ANTIFA on people like you clowns have been doing. Going to be so much fun!!!!,2
@user *as fuck. Not ass fuck. Although conservatives are fucking us all up the ass right now.,2
@user Hey why don’t you look at what Keith Elison of Minnesota get off your bully pulpit and do a investigation into his past abuse or do you just CHEERY PICK ……!!!,2
@user @user That’s so sad and terrifying; I know it’s been dropped to a 2 but all the reports I’ve seen says that doesn’t mean shit for this storm. All you have to do is look at pictures of that thing to realize it’s a fucking BEAST,2
@user @user My old ass was here,2
"@user I'm glad you think so. I know you could kick his ass yourself, but I'll always have your back.""""  He knows he is doing his best.   """"That's awful. That you had to live like that. No child should have to experience such things.""""  Shitty people like that should not be allowed near+""""",2
"@user Conservatives who quit rather than fight betray every claim that cons are patriots"""" &amp; """"will fight for our Constitution."""" It reveals extremism &amp; defeatism at once. Dems KNOW they will win if they stick together. History PROVES it.""""",2
@user @user @user This leftist is what is wrong in liberal colleges. More ppl and students will come out and will unmask this corrupt woman who is determined to destroy a good judge because she wants only liberals in the courts. @user  @user  @user,2
@user She is so gross. An obvious hack,2
@user Gun control now! Enough is enough!,2
@user He really bisca fool huh,2
@user Bitch I’m in the hood serving junkies in a Maybach !!!! 😂😂,2
@user NEITHER DOES ANTIFA OR BLACK LIVES MATTER OR ANY OTHER SOROS FUNDED GROUPS,2
@user 3/ you can not like Justin all you want but the conservatives have no plan to even consider climate change and have been using BLATANT misinformation to lead people like yourself into believing that it’s Trudeau’s fault we’re negotiating with a fucking sociopath down south,2
@user you fuckass,2
@user The Dems playing a con game. It must be Antifa don’t you think.,2
(Albert)  Conservatives are spreading the lie Anderson Cooper faked a hurricane...,2
@user Yes Comie (communist pun intended) WE do and will emerge stronger when u &amp; all ur cronies are put to death at Gitmo. WE THE PEOPLE WILL INDEED BE STRONGER. #MAGA #DrainTheSwamp,2
@user Happy 1stbirthday to Savage(Songs from a Broken World)! This time lst yr it dropped in my door and damn did it do some shit! 🎶 Little did we all know the ride it was going to take you and us as fans on. Thank you for this masterpiece! #garynuman #Savage #no2album,2
@user #metoo is the BEST WEAPON the Liberals have because there is NO DUE PROCESS .. its all DISGUSTING ... and WOMAN are the ones USING it as the weapon .. shameful and TYPICAL Liberalism .. USE emotions FOR their own BENEFIT ... @user  POSTER CHILD for USING Woman,2
@user You are so dope man,2
@user this jag off ref Tony Corrente needs to get out of the NFL. He is a bias piece of garbage. He made a HORRIBLE bad call in packer game which changed the game. He is a liar and won’t admit when he’s wrong! NFL PLEASE FIRE TONY CORRENTE,2
"@user My thoughts and prayers are with the families.  Random mass shootings, which plague our nation, are not normal and we as a country can't allow them to be normalized,"""" Craley said"""",   The truth is these mass shootings are becoming too """"normal"""".  Gun control would certainly help.""""",2
@user And this coming from the sick puppy liberals at the Beast.,2
@user Ohhhhhh I cried BIG crocodile tears the first time my daddy called me a bitch😂 took it on the chin like a champ but ran to my room to cry just like a bitch💀,2
@user LIAR!!!!.... see Clarence Thomas confirmation.... this was never about the lie!..it was always a delay tactic...nothing more...disgusting liberals and the Game they call 'politics',2
@user YESSSSSHHHHH who else call you shitgull if it were not me or ryme 😚,2
@user @user Not supporting trump is the lowest low bar. I’m glad someone doesn’t support trump. It doesn’t make them an ally. There are plenty of conservatives who hate trump who aren’t also pure trash.,2
@user You're a piece of shit for saying that FEMA was successful in helping Puerto Rico after hurricane Maria. 3000 people died. You think that's successful? You really have no soul. You're a fucking horrible human being. I don't even think you're human. FUCK YOU!!!,2
@user @user Idk what to think about her...but with her eyes like they r...she is naturally bugging out all the time...which is untrustworthy,2
@user @user That’s fucking rude to do that,2
@user .@USER your the perfect example of why Americans despise lying liberals. Disgusting,2
@user @user Landon sucks I asked him for my birthday if I could play with him but he never got back to me so Landon you suck,2
@user thanks Joe!!! my sanity was forsaken a looong time ago hahaha,2
@user @user They gone eat his high yellow ass 🤣,2
@user @user NO REAL AMERICAN WOULD WATCH THIS CRAP,2
@user @user @user @user @user He lost his virginity This process has been turned into a clown show Protestors democrats paid for was unethical There hate shows in everyway TRUMP denounced Natzi group  and bad on both sides which is true But democrats refuse to denounce Antifa a democratic domestic terror-,2
@user Dominos is ass,2
@user He is nuts who would have ever imagined that the US would have concentration camps......he is the devil,2
@user @user The pope is Satan incarnate,2
@user Do I care 🚫pe.  Hope they fold like a cheap table.  Wonder what the spoiled primadonnas do when their huge salaries can't be made.  Bet it won't be bailed out like GM &amp; Too Big To Fail Banks were,2
@user And I you ya sexy lady you ♡,2
@user @user @user traitor whoever he or she is.,2
"@user Yes, Joy @user ?....  You were about to say Six-and-a-half years?"""" Because that's correct, you sociopath.  You are """"stuck with this @user ,""""  f o r  t h e  n e x t  SIX-&amp;-ONE-HALF-YEARS.   #MAGA2KAG @user  🇺🇸 #WINNING""""",2
97% of Americans want a form of gun control. 62% of Americans want the government to protect the environment. 75% of Americans say immigration is a good thing &amp; 100% of Americans believe that HotDogs belong in the crusts of pizzas &amp; if the Italians don't like it they can suck it.,2
@user At least brennan is smart enough to recognize that Trump is a lion. He's not smart enough to know that he can't hurt Trump. Hurting Trump is what that idiot fantasies about.,2
@user @user @user Kwasia does ur Shatta Wale even have a career to start with . Idiot..his reign album hype seff Dey zero . As if he is not about to release an album 😂😂😂🤦🏼‍♂️🤦🏼‍♂️ hype no yh vim zero,2
@user Sorry...nothing but a setup to try and appease the Socialist Democratic Wacked Out Liberals. We are not stupid,2
@user Gutierrez you’re such a liar that’s all you guys are good for,2
"@user primary argument against #Kavanaugh is that he is too Constitutional""""  The democrats started a civil war during Clinton  They heightened their propaganda during Obama  They are scared animals backed into a corner  Antifa, BLM &amp; MS13 are their Sturmabteilung""""",2
@user EAT MY ASS OH MY GOD YOU BETTER BE LYING,2
@user State level crime when the alleged offender was a juvenile. Silly liberals no crime committed by Kavanaugh but probably one by the liar Ford #DemocratsDividingAndDestroyingAmerica #DemocratsHateAmerica,2
#Republicans grow some balls and start playing dirty like these liberals assholes do!,2
@user He is a DUMBASS !!!!!,2
@user Antifa is a terrorist organization,2
"@user You know what will make this professor even woker""""? If he's a gun control nut....""""",2
"@user @user @user You should.have tried more, perhaps a BJP or RSS connection could have been fixed"""".Masters would be happy Dhanya""""",2
"@user PHOOEY! It wasn't about stepping forward"""" it was about @user helping @user wield a crude sharp axe on the UK's poor and vulnerable. He is a total hypocrite and fraud in a stupid affected style hat.""""",2
@user @user Because 45% of Americans are too lazy to vote.  Non-voters skew liberal. And too many liberals who do vote throw their vote away on 3rd party losers. Next question?,2
@user Time to vote and spit in the eye of all these liberals,2
.@USER .@USER .@USER .@USER #HypocrisyMuch? .@USER .@USER .@USER that's why you are an enemy to the people #FakeNews go against political opponents and hide crimes from #Liberals #BigStuff!,2
@user @user I wouldn’t trust Chuck Schumer ever. He’s a liar and the president doesn’t trust him either.,2
@user Fuck u,2
@user @user @user @user @user Haha 😂 Trump is still winning. It’s fun to watch the liberals literally go insane.,2
@user Didn't this trashy thing sleep her way to the top with married men?,2
@user @user @user Great. Here’s how today has gone: Floris wanted to spank me. Leah wanted to stab me. Curtis won’t back me up. Adam still looks great at 67 or however old as fuck he is... KL has a bigger dick than me but she’s a she...he🤔...she?!?,2
@user Hitler would be so proud of David Hogg,2
@user But not long ago the same Ray went off on a follower (who quite possibly pays for his services) for pointing out a guy (don’t remember who) for getting injured again. You guys pay this assholes bills,2
@user FUCKOFF YOU BEEN KNEW IM SCARED OF HIM@,2
@user Fuck yeah!,2
@user @user @user I know you're not this naive. Those people make up a very small % of Trump supporters. Do all Liberals support terrorist and (groups such as Antifa?,2
@user @user Conversely you apparentl don't care about kids unless they are shot at school &amp; can be used to promote gun control. Funny that AR you hate so much is used to kill far less people than criminals do with their arms and legs. When do you start calling for everyone to be dismembered?,2
@user Boy is that professor stupid or else has a mental illness. He obviously should not be teaching anyone!,2
@user @user Actually he is a soy boy.,2
@user FASCIST LEFT ARE EVERYWHERE. We must crush them; boycotts work folks.,2
@user @user She is a piece of shit and I am not sorry for my bluntness. From now on I am going to say what I think whether bluntly or rudely!,2
@user Fool,2
@user Of course he is offended he is ill due to liberalism!,2
@user @user You are whoring yourself out for NRA $$!,2
@user @user @user @user Name the social injustices caused by the GOP and the death of anyone caused by members of it I dare you. How many people have lost their lives to the idiocy of gun control?,2
@user About 20 of them Motherfuckers ‼️,2
@user @user Yeah and guess what helped DC become Not the Murder Capital of the World?  Gun control! It works!,2
@user yup fooled antifa threw big ol' fire pit rocks at mah truck called the cops said them commies dunnit neat lawyer trick huh,2
1// Yal stupid people tell me to “back off cause he is like obsessed” BITCH who has been to all the football games. Walks to class. Does literally everything for them. Knows exact dates and numbers for everything me. Only reasons I’m not competition cause she ain’t gay,2
@user Shitttt. I do &amp; does.,2
@user @user Except for the little attempted rape thing he is just a wonderful guy,2
@user oh shit uhhh what ao3 fic is this,2
@user It’s Good for our Gun Business. More Guns sell when these people bring up Gun Control. Keep up the Great Work. Guns for All.,2
@user @user But refugees! Marijuana! Peoplekind! Gun control!,2
@user that's unepic,2
@user So you realize what a fool you are making of yourself with your weird obsession over #SusanSarandon Maybe do some research b4 spouting off nonsense.,2
@user @user shut that wanker up,2
@user I know many too !!! we liberals just don't feel the need to dance around waving them like the maga idiots.,2
@user Someone's is asking if Davido wasn't supposed to be in Camp? Oga madam park well!! Davido's business is non of your business. Na u send am go school? Haterz... chop shit n die,2
.@USER molested me 35 yrs ago when I was 11yrs Old. I didn't want to say it till now. She should Thrown in jail. According to #Liberals &amp; #MeToo you have to accept my allegations blindly. There I said it #ConfirmJudgeKavanaughNow #SenatorFeinstein #DemocratsHateAmerica,2
@user Trudeau and Liberals are incompetent to handle it.,2
@user Rezz is a dumb bitch who will get a rude awakening from BNF in Mexico lol,2
@user @user chloe shut the fuck up. seriously get a fucking life and leave us alone. idk how many time we have to fucking tell you. bc you clearly you don’t fucking get it.,2
@user bitch call me.,2
@user Rip lmao who knows 😂 that's why I'm trying so hard not to expose my shits since they can't never relate anyway,2
@user Doesn't surprise me. Texans hate Liberals w/ Soros backing.,2
@user He is a lying stack of shit too.,2
@user @user And that's where you are seeing what you want to see. You think these people want to look manly and powerful. I see them expressing solidarity. what a useless thing to mock.,2
@user That was Awesome. I love hearing you destroy the Liberals but most of all Trudeau,2
@user @user David stop been a mouthpiece for the anti gun people you r nothing but a worm looking for fame now remember that antifa BLM and all the radical left groups are violent and hurt people too but of course you agree with them,2
"@user @user Ain't nobody bitter here. Women who know their worth spending their life upgrading"""" somebody son but actually LIVING it and becoming their best versions for THEMSELVES. You go look cute on your maid outfit, like you always do""""",2
@user @user @user Lindsey... Sean Hannity talks to an echo chamber simply to hear himself.  He is not a journalist but a news pundit with his own weird conspiratorial agenda supported by well crafted partial facts aimed at a very narrow audience.  He really is a laughable fool for Trump..,2
@user Heard from who? You and your lying jealous cronies???,2
@user Moore just got Don elected again. Liberals never learn. He’s more unlikable than Trump,2
@user He is! Talking about “ I don’t need excuses I just need my money” 💀😂,2
@user Lolol God he is such an a**hole.,2
@user A vulgar attempt to reduce sisterhood to genitalia.....,2
@user How? You can’t just say “Wrong” with no evidence for why it is. You said you agree with Sargon I’m pretty much every subject but gun control and healthcare. That’s not what a centrist believes.,2
@user I SAW IT but mi*rosoft sucks at translations,2
"@user   Your continual use of Left liberal Progressive on your show are Euphemisms for the democrat Party who owns"""" them until deny them &amp; ideology.  You are lying to the Public by not calling a spade a spade.""""",2
@user god damn you’re so fucking valid,2
@user It really is. My abs are lot more defined but I miss lifting heavy ass weight. Thank you girl!,2
@user Go away my child. You are so boring that you can't even entertain a doubt.💩💩🐷🐷,2
"@user The problem is, the people who will read this and go oh shit he is a cunt"""" already think he is. The rednecks and retards that already support him will believe it is fake news.""""",2
@user He is the worst person.,2
@user Its interesting to see the hypocrisy with these liberals when last year it was discovered that there was a “Hush Fund” for Congressional  Sexual Scandals while working for the government,2
@user @user @user I am sure he is doing that in his organization.   Also respect is a two way street. Law enforcement  job is to protect  and SERVE its citizens.  It like they miss that part .,2
@user @user @user @user Not a conservative. Antifa is a left wing terror group that uses fascist tactics and violence to silence opposing views. They are NO DIFFERENT than the “Sturmabteilung” brown shirts. Thugs.,2
@user Lmao good one ! Now listen up Sparky your wife is a disease she is a bought and paid for evil  soulless  propaganda arm for child murderers and Russian agents. So stick with your cutsie  tweets but I'd prepare for a long prison sentence if i were you.,2
@user u a cold bitch,2
@user @user @user They are obstructionists. Anti-american. Pharisees. Ask them what they are running on and you get nothing. Maga!,2
@user The vile creature is trying to portray herself as some fierce bitch at the same time she knows that's not what the gun control conversation is about. Paper tiger,2
"@user @user @user @user Yes, you are right: not only lefties but (neo) liberals having any trouble. This papers have proper journalistic ethics"""" - it's funny 😆😆😆; and  Magyar Nemzet or Népszabadság had """"highest circulation"""" - it's also funny /only in the communistic past (before 1989)/ 😆😆😆!",2
@user She is unfit for office . Mentally deranged.. unstable..,2
@user @user @user Time I’m really starting to hate that word....she had all the time in the world to open her mouth...really shut up about time! Enough of this left....Liberals bull shit about time! You and she have no case! Actually time is what is Hurting her case!,2
@user Carrey should be shut up for good,2
@user @user She is full of bunk.,2
@user who in America isn't grateful to our military?!?!? Her husband didn't die on the battle field...he died at home!! She should be fighting for gun control and stronger laws regarding mental illness! @user is about police brutality...she should educate herself on the issues,2
@user I cackle at something different shit every time I watch it lol,2
@user @user Word cause her music SLAPS THERE'S NO REASON SHE SHOULDN'T BE SELLING OUT BIG ASS SHOWS (idk if she is or isn't but she DESERVES),2
@user @user @user It started with Cameron and May is even worse. She is not a Conservative!,2
@user We get shit transported from Africa niggas told me they seen venomous snakes Iguanas a beetle the size of a car tire lmaoooo 🤦🏾‍♂️🤦🏾‍♂️🤦🏾‍♂️🤦🏾‍♂️ all kinds of shit,2
@user @user Kind of like when conservatives wanna associate everyone to their left as communist antifa members?,2
@user Did you see what she said about Travis on Ellen?? That’s one hating ass bitch 😭,2
Shame on @user @user @user @user @user and all the rest of the left wing media that are not doing their jobs and purposely looking the other way. This is the best example yet of their #FakeNews bias. #MAGA #WalkAway from the bias and corruption of the left.,2
@user No one is mistreating her but you are all mistreating Kavanaugh. This man may be innocent but you liberals are jumping on this just because you hate Trump. So you all do the right thing and after 36 years it's her word against his so there is no contest.,2
@user This sicko thinks that others scheme and lie like he and a lot of the liberals do. Remember Rham Emanuel’s famous quote “You never let a serious crisis go to waste”,2
@user She went to my high school. Dumb liberals are prevalent in my area,2
"@user Being the good Christian that he is, he asked God to spare his properties. Virginia beach was only slightly impacted. You know the 700 club prayer, God spare me and mine, to hell with everybody else"""".""""",2
@user DJT2- You have to remember his daughter is married to am Iranian and so he defends them at all costs. He is a coward and a disgrace. Thank GOD for your Dad or we would all be in a World of hurt!,2
@user @user She is better than all this shit. She is better than anything. ❤️,2
@user Im not apart of Antifa foxy. I agree with you they are terrorsits,2
@user Mueller can go fornicate himself. He is as crooked as the day is long.,2
@user Yeah I'll not take my gun control policy advice from a Jean's company. Beyond that trumps die hard are almost enough that the snowflakes they claim to dislike and themselves are hard to tell a part,2
@user @user He gets confirmed. Conservatives don’t care that he’s a rapist. At all.,2
"@user Now to get inner cities, i.e.#Chicago, to have policies that promote job growth there so that the #nuclearfamily returns. The lack of one is why @user @user have the daily killings, NOT a gun control"""" issue. #twill""""",2
@user @user There's zero evidence of any gaff and it's not their jobs to do any such thing; this is just more hijinx and chicanery from two buffoons that have no platforms or morals. #CONservatives #cdnpoli,2
@user @user @user Silly rabbit 🐇 laws and rules aren’t for liberals.,2
"@user Well remember how the cops in San Jose stood down"""" and watched as antifa thugs armed with bats,bottles &amp; pepper spray attacked Trump rally goers?  They were """"just following orders"""".  That's what most soldiers &amp; cops do. Soldiers follow orders &amp; cops protect their paycheck.  SAD.""""",2
"@user @user @user @user @user Because he is talking to an idiot. Liberals have a mental disorder. In his book The Liberal Mind: The Psychological Causes of Political Madness."""" Dr. Rossiter exposes that the ideology motivating Liberals is actually a mental disorder.  Read more:",2
@user @user Too bad he can’t write a law to take away the stupidity from liberals.,2
@user @user @user Oh boy just wait! YOU ARE IN FOR A SURPRISE! Can't believe ANYONE to be that IGNORANT! LMAO!,2
@user you're on fucking drugs my dude,2
@user Deep corruption in the Puerto Rican government is the cause for the ppls misery. Billions sent &amp; you don’t have the foresight to harden &amp; secure the power system on an island that will most likely get hit again. This is the Puerto Rican’s government ms fault.,2
No my family aren't MAGA they just don't care. They're apart of the populace who get distracted by pop culture completely. They have zero idea what is going on in the world until I tell them &amp; even then they don't care. I'm a lion amongst lambs.,2
@user So it moves forward. Damn the facts as long as you keep up the narrative! The Dangerous line is the sliding scale line that you bunch of liberal idiots use to vilify Conservatives or justify the actions of liberals,2
@user Robyn I was gonna make vegan scones but I ran out of fucking time.  Blame my biochem lab,2
@user @user But you are still going to jail tho #Fredo,2
@user When are the Republicans going to learn that Democrats hate conservatives .Vote  Thursday,2
@user She is a drama queen she pulled the feel sorry for me card too because she is now a  ‘working’ mom...give me a break,2
Should I try out aikido instead of krav maga? 🤔🤔 #aikido #kravmaga,2
*pats tears* Gosh..... Dammit *sniffs* *sighs* My baby-* sniffs* She just doesn't deserve this💔😭. She is so precious and I-,2
@user Eric u got alot of balls ...,2
@user @user Wow those liberals are so uncivil and full of hate. #LickAWitch,2
@user He is starting to tweet nonsense like Mango Mussolini,2
@user @user @user @user Good grief!  That's a relief!  Now get rid of Antifa.,2
@user @user I can just hear the trumpsters now crowing that we liberals loved Jane Fonda and supported draft dodgers. I grew up in those times. I was against the war but knew Fonda had gone too far and was wrong. I supported those who burned their draft cards AND those who served.,2
@user @user @user I agree! I guess Dems are saying that they’re worried about some October surprise where the FISA docs are released leading up to the election.😊🇺🇸MAGA!,2
@user The presumption of innocence only applies to Lefist Liberals. You are guilty from the get go if you're a Conservative.,2
@user @user Dr Merck just following orders. Abysmal little pharma troll he is.,2
@user @user @user @user Yeah bitch we put him back in and beat your sorry asses the bears SUCK!! BLEW A 20-0 LEAD LMAOOOO,2
@user Ohh shit 😦,2
@user ugh I meant *wigs shit,2
@user SJSHSJ THATS MY JOB BITCH,2
#WhatILearnedToday  Liberals are the scum of the earth   Absolute treason.,2
@user Political hit job. What a slap in the face to all the women that were really abused. You liberals know this is a hit. Your leader @user told you to lie and do whatever you have to do to regain power. Pathetic,2
@user You still have not addressed your solution to make schools safer....you just preach more gun control...what are your solutions???,2
"99.9% of the Alumni"""" standing up for #ChristineBlaseyKavanaugh didn't even know her....and none are witnesses to her """"stories."""" DemocRATS &amp; Liberals are just to destroy America.  #ConfirmKavanaughNow""""",2
@user idk u too well but that must be a fuckin delicious corn chip that someone misses dearly,2
@user @user @user @user @user @user @user @user @user You said that if my speech offends someone then I should be fined/jailed.  I asked if you should be fined if you wanting gun control offended me,2
@user @user Simply to get the smear campaign going by the media. The democrats want a he said under oath while she’s supposed to get a pass on her she said lies. This woman is a fraud in cahoots with the liberals to delay &amp; divert until midterms.,2
@user Treason he should hang he has no business even trying this who the F does he think he is Trump needs to Lock him up fast,2
@user Shut up man  You are useless,2
@user @user @user So many issues facing Australian voters but the single obsession of Australian Conservatives is bullying transgender children...,2
@user @user @user @user Shitting yourself more like.,2
@user you live in the big dick part cause your gay,2
@user Shame on them willing to ruin good man over a 36-year-old groping accusation she can't prove.  They're rabid liberals who don't want a Supreme Court justice who will follow the Constitution.  It's all about politics.  Shame.,2
#IdiotAlert Gun control activist David Hogg suggested AR-15s cannot be used for self-defense because they shoot further than handguns.,2
@user But 10kg of an already shite allowance (coz EU workers are lame as fuck) is a proper piss take,2
@user @user He was a drunk driver that wrecked and injured a person then fled the scene of the crime! Hit and run.. should fit right in with leftists socialists antifa democrats!,2
"@user @user @user That's a black referring to a group. Markedly different from affluent white people calling Ben Carson or any other prominent conservative that term. I'm thinking more of stuff like this:    Antifa n word"""" is quite a fruitful search.""""",2
@user Because you are 💩,2
@user He’d shat his pants if he faced any Antifa,2
@user Cause they're assholes,2
@user He is so brutal. Hopefully he sells the team...,2
@user This is ridiculous...UNBELIEVABLE !!! So this fine young man is now dead because of a stupid reason .... come on !!!!! Gun control is the solution y'all so many innocent people got killed because of guns😡😡😡 This has to stop,2
@user @user Action talks and BULLSHIT walks,2
@user fool,2
@user CA has always been blue and so have I. You don't seem to be doing very much except helping yourself. Like my neighbors you are a champagne socialist.,2
"According to a student that spoke under condition of anonymity, the furniture in Johnson Hall has been replaced by even shittier couches."""" #seuday""""",2
@user we're buying a couple puzzle toys and looking at classes for him rn! but i think he is becoming a teenage monster.,2
@user You liberals... smh...tweeting stupid shit!  Trump order elimination of isis (Obama didn’t)....People! ..think about how people R not murder now (saved)  because we hav killed of isis,2
@user He is so very stupid. Or is it he is just so concrete??,2
@user I AM FUCKING SO FUCKING HAPPY,2
@user Bengals v. Some sorry team looking for a butt whoopin’,2
@user Now just vote him out. He is a known racist.,2
#ExpectUs to work our asses off for #GunSenseCandidates!  @user #GOTV  #ThrowThemOut,2
@user It’s either they lookin for shit for somebody else or they creeps 😂,2
@user Fuckkk 😂😂 I know I seen bitch that’s a slapper lmao,2
@user @user @user @user @user @user Lol you are being mean.,2
"@user Gun control measures?  As in Fast and Furious"""", where you directed FFL dealers to violate the law and allow straw purchases?  Where you knowingly allowed firearms to be sold to criminal organizations?""""",2
@user Clown,2
@user That one sucks bc he is so hit or miss,2
@user @user This guy Kerry is one do nothing damn politician where does he get off going over sea's and trying to undermined our President now this is a Traitor for sure you better watch this S.O.B. !,2
@user @user coming from a guy who should be arrested and charged as an accessory. I hat a deranged individual.,2
"@user The democrats are becoming more despicable by the day! There is no bottom to their vitriol and lies"""" barrel.  Why liberals go along with this makes no sense.""""",2
@user @user He is such an A-Hole. Sad.,2
@user IM SAVING THIS GOOD SHITTTT,2
"@user @user Or maybe this...The very fine people"""" the dipshit """"president"""" was talking about.  Antifa isn't the """"left"""". They're a fringe, far left, anti fascist movement. To lump the """"left"""" in as antifa is to lump the """"right"""" in with the neo nazi's and kkk that vote with you...Shhh.",2
@user @user  You are pathetic!,2
@user @user There is help for your mental illness.  Good grief you liberals are seriously disturbed.,2
@user Liberals are all Kookoo !!!,2
@user Liberals are SICK. This false accuser should be incarcerated for her bald-faced lies.,2
@user Love u bitch,2
@user  Could WE get some honest Law enforcement agencies to dig into @user Chinese Spy chauffeur. He may have been sexual assualted in High school.  Funny how an American citizen didn't qualify for the job.  VOTE #MAGA,2
@user Mom better watch out for the Moron's hands. He has at least 17 accusation of sexual harassment charges. He is also affected by Pee stained skin due to his liking to be peed on!,2
.... and so it begins.   &lt;&lt;&lt;&lt; The unfair and biased and unjustified targeting of Conservatives in a massive CENSORSHIP OF CONSERVATIVES Exercise . &gt;&gt;&gt;&gt;  #Pray4TheUSA  #Pray4Revival,2
@user Nobody is addressing the cow in the room. Not even when Florence is still doing her thing. It's like after a mass shooting and it's the wrong time to talk about gun control. @user,2
@user He is hurt and no one has checked on him!!!,2
@user Disco pose with “white dude overbite” look. Classic 70s dance move.,2
@user I hope the fuck not,2
@user Kavanaugh needs to stop lying... I believe this woman's account is credible and he is not going to be able to dodge it.,2
@user @user @user Trump is a very sick man. He is toxic and mean spirited.,2
@user Fuckin poisonous group of people. As soon as someone hands me a hat with a propeller on top... I'm out.  Find another company to work for lemmings.,2
@user What?  All 12 of them?  What about the terrorists Antifa?  Farrakhan’s hateful and racist thugs?  BLM criminals?  Black Panthers?  Those groups have NO place either!,2
@user @user @user She probably did not think it would get this far. I hope the little sleaze does not go to the hearing and I hope if she does that they will prove what a liar conniving witch she and the rest of the Liberals are.,2
@user I hope they beat his ass in private.,2
@user BS.  People died in PR because the local government is corrupt.,2
.@USER real goal: To make everyone in Wisconsin as dumb as he is.,2
"@user @user Antifa otherwise known as NAZI Brownshirts""""  I never thought of that comparison before, lol.  It's ironic that they're the one's that call everyone else a 'nazi' for disagreeing with anything they say, lol.""""",2
@user EXPOSE these demons violating our Constitution with violence &amp; threats to run govt instead of winning at the polls! Name them domestic terrorists &amp; jail them all.,2
@user @user @user So?what's wrong with white guys?..I'm a PROUD Caucasian &amp;Colombian American woman and I happen to like ALL these WHITE men that represent me..especiallySen.Kennedy...We are soooo done with identity politics from liberals.,2
@user @user lmao @ the WORLD league viewership compared to league of legends or overwatch or cs:go. Main issues are that the format is shit and the game is on console. So you need to fix one of them. Console could be turned into an advantage uf u capture the attention of Joe Shmo,2
@user just saw your algae commercial blaming @user that’s pretty rich considering you are the Gov and have done zero zip and now you want to be Senator of FL.,2
@user @user @user @user @user Holy shit that's awesome,2
@user @user I turn the tv off when Juan speaks. He is a real sicko.,2
@user He knew the email were released earlier! Just pandering to his ignorant base,2
@user I blame @user for inciting violence and she should be held accountable! She is a despicable disgrace.,2
@user AARON RODGERS WILL NEVER WIN A RING THE REST OF HIS SAD ASS CAREER! I HOPE YOU HIS REGULAR SEASON HEROICS CAUSE THATS ALL HE IS GOOD FOR! HAVE A NICE DAY!,2
@user @user He is both evil and delusional. He eats those high quality paint chips.,2
@user can we start shooting the blue thugs? then going through their shit and saying thats why they died? cuz this is fucking infuriating. WTF does it matter there is pot in his home. WHAT is in HER home?! SHE is the guilty one not HIM.,2
@user ajsjjsjdkkdjdk i want him so much he’d literally tell me to die and i’d obey him,2
@user Her family consist of : -Cheating husband who never loved her -two bonus boys who made it clear she is not their mom and never will be - in laws who show more affection to stray cats than Wewe. - paid employees who laugh at her while cashing her checks.,2
@user She is drinking so much koolaid she’s bloated.,2
@user The Democrats do not care ...they are out to destroy ..does not matter just so they are Republicans &amp; Conservatives ⁉️,2
@user @user Grab em by the pussy!!!  What's the problem?,2
@user Good ..  she is the one that seems sexist,2
@user @user @user He is awful. And so smug.,2
@user @user ANTIFA is not giving death threats to professor Ford or threatening violence if their candidate loses or Spanky is impeached.,2
"@user @user @user Whenever conservatives lose a court ruling, they bitch and moan about activist judges or agenda judges."""" Whenever anyone else loses a court ruling, they accept that they lost a court ruling. Conservatives are whiny babies.""""",2
@user @user The left have become a bunch of thugs. #NancyPelosi #chuckschumer,2
@user Carrey is becoming weird like peewee Herman...,2
@user Good to see your hosting of the Emmys' bombed. Seems only Liberals like no humor. You won't be asked back. Career killer. You were Da rating tanking Bomb. Now go celebrate with your liberal pals.,2
@user @user Antifa is a domestic terrorist group,2
@user Down with liberals!,2
@user @user So we should be denouncing Democrats &amp; their ANTIFA Thugs? Done &amp; Done!!!,2
@user All communist Democrat socialists are bad humans.,2
@user It’s going to suck with any rating. Venom without the Spiderman origin isn’t really Venom. This is just a Sony cash grab.,2
@user @user Yes it did... And it's on editorial... Is Joe Q the editor of X-Men... No he isn't... He is editor in Chief. He is the boss of all the other editors... Sooo he wasn't responsible... I shouldn't be arguing because this is stupid...,2
"@user Someone should'veTaken"""" this piece of shit to a volcano. 😂""""",2
@user I really thought so. He is the God of rap. How do you come back from that,2
Business is business. I love this story. URL,2
@user @user Jeff I have a lot of respect for you.    Please vote no to Brett -  not because you don’t like him but because it’s the right thing to do.  He has lied - he is hiding documents -  he thinks trump is above the law.   THIS IS WRONG !!!,2
@user This is the realest (and tealest) shit ever. Eric da gawd,2
@user #cnn will go down in flames with the rest of the liberals.  They are far too clueless to change.,2
@user @user is paid to attack the credibility of anyone who criticizes or accuses Trump of wrong doing. He is a paid political hitman disguised as a journalist. He is a hack!,2
@user Brennan sure as hell is.,2
@user @user @user @user @user She is a disgusting Coont!,2
@user @user Ezra is a cockroach who needs to have light shone on.,2
@user When will they learn.  People dont care about what they think about politics.  Just read your lines and entertain us.  Keep your stupid pins and fake tattoos and ribbons at home. #MAGA #Emmys,2
@user She is such a witch.  All she needs is a broom,2
@user @user No. I think he knows @user is going to lose anyway and he has nothing to lose in this battle. He is like a suicide bomber can only think tactically unfortunately he can only lie to stay in news.,2
@user Disgusting,2
@user @user @user cares a great deal about how he is perceived. The number of people who died is largely irrelevant to him as long as he doesn't look bad. Not sure how blaming Democrats fits with Trump's amorality and lack of empathy but his inability to take responsibility fits.,2
@user @user Miriam,2
@user Proud. Shit is fire no matter what weather you’re in. No matter if your house temperature is high or low. Everyone’s just too pussy to get in the water for 1 min. Cuz after that you get used to the temp,2
@user HEY BEE ITCH YOU WILL BE INDICTED AND WILL GO TO GITMO,2
@user @user As well this would allow you to still protest. But not stop a speaker or a group. Really Hitler did this in the early time of the Nazi party a group known as the SS would beat up politicians and people that didn't agree with them. (Sounds familiar smells like Antifa.),2
@user This will be settled and will never see a jury. We will never know the truth. Maybe she grabbed him first while swapping spit or he is really that stupid to just grab her. Either way I doubt we will ever know the complete truth.,2
"@user @user @user @user @user @user Anyone concerned with mass gun killings"""" should reject """"gun control"""" outright as unconstitutional. Especially since during the first 80 years of the Twentieth Century alone, “governments” killed some 170 million people. Facilitated by """"gun control”.""""",2
@user Iya Risi in my area didnt get the money. She is a widow with 5children and all attempt to get the money proved abortive. Isn't this a scam?,2
@user Another lie. Anything for a diversion,2
@user @user She has received death threats and has teenage daughters. She is protecting her family,2
@user @user .  The #MeToo has been ruined by hateful demonic Democrats.  It's now been WEAPONIZED against MEN.  Disgusting how Democrats/Liberals RUIN everything they touch! #VoteRedToSaveAmerica #MAGA,2
@user Yeah . Niggas who dey wear durag nor dey joke. Hard as fuck,2
@user @user @user Please call trump out for what he is...a NARCISSISTIC SOCIOPATH!,2
@user @user We the dregs of society will make sure you are never president ❗,2
@user Delusional idiot and the traitor!,2
@user @user Jesus she is the evilest of cunts,2
@user #LikeNoOther #GameStopContest Laura Croft is great because she is a badass!,2
. @user @user @user @user Fake conservatives and their fake outrage over the budget betrayal,2
@user She worked for @user before he fired her for her comments on The View. She is inconsistent all over the damn place.,2
@user I thought that I could not dislike anyone more than your father but I was wrong.  You are even more PATHETIC than he is.  Your children must be so proud to have a father who behaves like you.  Tick tock....  #MuellerIsComingForYouToo #PatheticLittleManJr,2
@user Did you go to the south side where thousands have died? Strictest gun control policies in the country and they don’t work.,2
@user LOOK ST THIS BULLSHIT,2
@user ME BITCH I WILL,2
@user @user @user Tell this idiot to try with other religion book. Her height will b reduced 6 inch from top before amrinder reaches her to arrest. She is sick. She needs treatment. And she is alive becoz she hindu. Don't blabber non sense,2
"@user @user @user @user I don't know how They said they aren't gay tho."""" and """"And by liberals you mean conservatives."""" sounds like me being upset.  As for why it matters, if it doesn't matter then why go to such lengths to deny that they're gay? There's straight couples, why not just let them be gay?""""",2
@user @user @user Snowflakes are liberals,2
@user @user @user @user @user So tell me all about why you are simply rudeand racist. Was it your mother…?,2
"6/7  ....drunk 17-year-old tell us little about his character as 53-year-old, let alone about his competency as a jurist.""""  But it seems a tad more likely that conservatives are merely clarifying, yet again, that “LAW AND ORDER MEANS USING THE LAW TO REINFORCE A SOCIAL ORDER.""""""""",2
@user @user These liberals have no problem lying.,2
@user Thank you Ms Desanctis! I'm comforted that not all conservatives are letting their ambition blind their conscience. Sexual assault/harassment has been a plague on society for centuries - that should NOT make it a conservative or traditionalist cause!,2
@user If you ain’t hyping me up like the nigga in the back ima have to throw the whole friend away,2
@user @user BOOP POLICE DEPARTMENT FREEZE OH SHIT  SHE IS TOO CUTE OPEN BOOPBOOPBOOP,2
@user Dear Andrew I saw the endorsement by Cory Booker the both of you are made for each other secondly you're view are so far left since you and Cory both hate the President secondly you're a moron running against Rick Scott I hope get beat so bad,2
Captain Maga getting slandered? And it wasn’t from me? Damn.,2
@user @user @user Trump call them very find people so lets talk about groups like Antifa and black life matter people that has form to fight hate groups y’all would like to apply some type of moral equivalency to hate groups and them just like ICE was form to stop illegal immigrants we luv them,2
@user NO BITCH I MEANT I DIDNT KNOW WE WERE DOING IT NOT ZOOMED IN NO BITCH THIS IS FUN,2
#prouduncle 😍 she is the finest cheerleader of them all💙 te amo stinky butt💝,2
@user  My. Arms. Wasn't. That. Big! N. Neither. Was. My. Boobs! They. Are. Now! From. Them. Injecting. Fat! Into. My. Body!,2
@user Rep Maxine Waters has been threatening violence on you the President and vise President. How come she is permitted to do this. Is the DOJ and Washington capital Police sleeping?? Why are all democrats above the law? This is a crime!,2
@user @user @user I agree.   There are obese people trying to change the way they are.  Good luck to them.  Not lazy. Tess_Holliday is doing the opposite.  She is actively promoting that its good and beautiful to be obese.  Its not.  And its down to being lazy and greedy.  Simple science,2
@user Silly unhinged liberals.,2
@user @user @user Yes but it doesnt help with the made up stories about him. He shouldn't of called football players SOB. but he is right about illegal immigration. We can't support the entire nation. Rules needs to change.,2
@user Don't bury the lead fam! It has nothing to do with gun control laws and everything to do with the demographics of those cities.,2
@user He blocked me a long time ago after one response that called him out for lying.  He's an idiot who thinks his $hit don't stick and loves saying stupid stuff to get liberals to love him.  A complete douchebag.,2
Maybe in 2020 (if Trump is still around) the Democratic challenger will invite all the women Trump has threatened or raped to the debates. #Fear #BobWoodward #TheResistance #MAGAts #MAGA,2
#USA #UK and probably #Europe and #Australia  With their level of intelligence?  Weez all stoopid y'all!  #MAGA #MEGA #MBGA #MCGA #Conservatives #Patriots #Celebrities,2
@user Can we all stop pretending that the Catholic Church is not the seat of Satan on earth?,2
@user FINALLY HOLY SHIT YOU ARE FINALLY READING THE GOAT,2
@user Goodell and my Lions both suck,2
...this obvious hit job on kavannah is not going to work...and the liberals continue to reveal themselves as demonic figures...,2
@user @user @user @user @user I know you are not being facetious.  You are incapable of understanding contradictions.,2
@user @user Correction: Liberals deliberately distorting.,2
"@user Why are you liberals, who are so quick to scream I'm a victim"""", so clueless as to how our legal system works &amp; which law depts investigate which crimes? Assault crimes are not what the FBI investigates, period. Your ignorance on this matter is glaring &amp; you should be embarassed.""""",2
@user @user @user @user @user @user @user @user @user @user that's what you are implying that no-one took correct records-having been to hospital it is usual for the doctors or nurses to record as they go-so it is your claim that so many are incompetent if no single record was produced correctly-,2
@user And you’ll spend your final days in hell sinking,2
@user You voted to trigger Article 50. You are complicit.,2
.@USER is staffed with unhinged Liberals &amp; @user  This is a disgusting statement.,2
@user @user I want to prove to him how actually retarded he is,2
@user It's like a reading a leaflet from Antifa or BLM. Utter garbage.,2
@user @user Yeah. He’s very immature &amp; can dish out criticism while crying and blocking instead of accepting any. It’s cool. Folks can see him for who he is mostly.,2
@user @user @user @user @user @user @user @user @user @user Ha if you really can't see the hypocrisy that is antifa then you have obvious drunk the cool aid.,2
@user What do u expect from vile violent lying disgusting liberals,2
@user @user  Chicago~~ Nearly 100 years of crooked Democrat leadership &amp; some of the strictest gun control in the nation and Dopey Durbin attempts to lay the blame at the feet of Republicans🤔🤔 MAKE NO MISTAKE DEMOCRATS #YouBuiltThis #ChicagoDeathToll,2
@user Better take an extra antidepressant Cher it’s a done deal. 🇺🇸,2
@user FOR THE KOCHS AND THE TRUMPS AND THE POLLUTORS.. BUT NOT FOR WE THE PEOPLE OR STUDENTS OR TEACHERS AND LETS NOT EVEN TALK ABOUT THE THINGS THAT A MAJORITY OF THE AMERICAN PEOPLE EXPECT LIKE HEALTHCARE &amp; GUN CONTROL! NOTHING BUT $$ FOR @user AND DONORS!,2
@user She is a liar,2
@user @user @user I’m really not on any side of this mess but all day people were siding with Cardi talking bout Nicki and do shit. Jsjdhkdfhjfkfkhsjdhd MESSSSSSS!!,2
"@user The comments below, defending Drug Ford's blatant abuse of power is completely laughable.  But, but the Liberals.  Bias, BIAS I tell you!!!  Must be only the NDP rich downtown area that was polled"""".  Ho-man... thanks guys... I needed a good laugh! 😂😂😂""""",2
@user Incoming “evil soy” conspiracy nuts,2
"@user @user Let's focus on Kavanaugh. Bringing up other cases to make an argument about hypocrisy is irrelevant. It's like saying, Let's not investigate this bank robbery because liberals have robbed other banks."""" Try to focus.""""",2
@user If It could that shit would be talking to you like BUTCH NOO YOU ALREADY KNOW HE A FUCK BOII BYE,2
@user @user @user What a crap she is?.......total publicity seeker. Since when  tearing apart The Bhagwad Gita is symbol    of changing India and why Bhagwad Gita .........if u have guts show here tearing apart Kuran and Bible too #Intellectualidiot,2
@user @user @user He's not an opportunistic liar. Nor have you proven he is. So your whole argument is fake news.,2
@user bitch i saw your whole ass tweet from wednesday you bitches always talking shit then back pedaling lmao just admit it,2
"@user Truly. He had that sly, self-deprecating humor and swagger. Like you said, very American"""".""""",2
@user @user Max is the boss. The conservatives shouldn’t have made such a weak dud as their leader this wouldn’t have happened. Scheer tries to cater to the left wing crazies. He should be all in on freedom of speech but he coward on that. He takes the same positions as Trudeau on NAFTA,2
@user Reason is he is in a small market on a mediocre team.,2
@user @user Eric is a crook and that’s that,2
@user the democommunists have allready destroyed america put men in a womens bathroom right to child molestors n child killers n illegals have more rights than americans if u think im wrong bill say something besides kissing liberals asses,2
"@user @user @user Yes, American women are waiting......to be allowed to continue SLAUGHTERING babies.  Mao, Stalin and Hitler all killed babies too.  Liberals are pathetic, whiney, crooked, yet, say, we are for the children"""", except they slaughter babies!""""",2
@user @user The right has the unique ability to create monsters out of thin air. It Legislation was even created to fight the phantom menance of antifa--currently in committee.,2
@user @user bitch i know u see the rainbow inna bio😂,2
@user whoaaa that's amazing i wanna see her now 😝   also you are a kinky lil slut but ily,2
@user @user She is a Sick Corrupt Ignorant Moron!,2
@user your @user app is down / sucks,2
@user @user @user Yes he is and the democrats hate it,2
@user Prime example as to why we can't have anymore liberals in our government.  They don't want to nor do they know our Constitution.  They prefer to dictate and be superior than Americans. Their hate for our Republic is brazen and we need to keep them out.  #VoteThemAllOut,2
@user @user Bwaaaaa!! Compared to who...Trump...bwaaaaaaa! Compared to that corrupt demented lunatic she is a godsend!!!,2
@user @user Just Chicago so they can stop the gun violence. Seems that is what democrats claim will stop it. Show us in one of the worst gun violence cities controlled by democrats so the nations will see how that works. Make it a model of successful gun control policies.,2
@user @user @user That's expected if you placate the violent leftists/terrorists. #KavanaughConfirmation #woke,2
@user You are beginning to sound just like a stuck record Brian. Why don't you go and find something less boring to do instead.,2
"@user So, I tuned into the Emmys last night, I watched for a whole 5 SECONDS before some celebrity, I had never heard of, started talking about their platform.""""  Click. Liberals ruin everything.""""",2
@user @user @user Okay violent liberal ANTIFA with your KKK hoods beating up strangers you know nothing about!,2
@user He is so full of BS!,2
@user @user OMG !!!! Really !!! #FrankOz ... Liberals ruins Everything ... #DefundPBS..,2
"@user I'm pretty sure most of your #MAGA supporters do not have any new found wealth"""". I assume you're referring to your fellow billionaires that you gave a huge tax break to.""""",2
@user Coming from a guy who worries more about straws than cleaning up failed 'shitty' policies..now he knows best..lol,2
@user Bono is an idiot!,2
@user @user Rescue conservatives from its own demons? Who are the two or three most notorious serial abusers of women in the last 30 years? Hint: they were not GOP. Did they ever face consequences?,2
@user He should leak that shit anyways lol,2
@user You don’t agree sexual assault is more serious than marijuana use? How many “baseless” allegations are supported by therapist corroboration 6 years beforehand? There’s evidence and conservatives are afraid investigation would make it more convincing.,2
@user Maybe there wouldn't be 5 of these things a day of there was a little sensible gun control in this fucking country.,2
@user Over 30 years worth of background checks under different Presidents and this one slipped through? #KavanaughConfirmation #KavanaughWithdraw #KavanaughSCOTUS #maga,2
@user Ask the liberals who have seemingly forgotten that you're a war criminal.,2
"@user @user actually we got gun control and gun grabbers dancing on their graves immediarely using it for political fodder. Accusing NRA instead of removing Sheriff &amp; RUNCIE who got paid by Obama's Promise Program to NOT ARREST KIDS b/c it was RACIST""""""""",2
"@user @user @user This is fun, I asked him for proof and he blocked me. I was about to joke about how he'd go from The Antifa are the real Nazis!"""" to similar alt-shite talking points, boy that sure was providing proof quickly.""""",2
@user @user Quite possible. You are very right to be skeptical. But one has to start somewhere !,2
@user Good.  He's a mess,2
"@user BBC stop with your blatant and biassed backing of the Conservatives. Theresa May didn't hit back she was out on her feet and her responses were scripted, robotic to say the least. She is the worst"""" leader along with the worst government the country has ever had.""""",2
@user @user Such delusional liberals..! So twisted with hate you can't even acknowledge the U.S. Airforce..!!,2
@user Srsly it sucks. When ur living life it’s full of bullshit rules we just gotta suck up to survive,2
@user @user @user @user You are as nasty as he is,2
@user Nigga keep tryna play both sides lol,2
@user His eyes are fucking louder than his words!!!! 😍😍💜💜,2
@user @user I'm all for gun control use both hand's,2
@user @user because the average American has $500 lying around to buy a new Glock. more likely Mr. Antifa will be using his unemployment check to purchase some dental work or a casket.,2
@user Boatload of crap!,2
@user @user Except he is. His administration has allowed crime in the city to skyrocket. You bloody leftist snake.,2
@user @user @user How about yours Chaplain. Liberals are fools.,2
@user I hope it was. Fucken dinosaur thought he Steinbrenner 😂😂,2
@user nah it's coz you're a cunt. blocked,2
@user Curious couldn't find this on your website.  Doesn't fit your narrative does it.  Cowards.,2
"@user its so cool that the blind idiot god"""" concept is already a real thing from a religion thousands of years old but peopl ehave to make it a fucking cthulhu reference for retard cred""""",2
@user @user @user then you are a fool too,2
@user @user @user @user @user @user @user @user @user @user @user @user @user @user @user @user @user @user @user @user @user @user @user @user @user @user @user @user @user @user @user @user @user @user @user @user @user @user @user @user @user @user @user @user @user @user @user @user @user @user And Trump fans are bullies!!! Antifa ?? Steve Scalise ??  Resists Movement ??  You need to get off CNN and MSNBC,2
@user Hahaha BIG thighs is not going to make it,2
"@user The Dregs of Society"""" are ISIS, ANTIFA, BLM, Planned Parenthood, Illllegal aliens, Pedofiles, and liberals.  This is who the Democrats support.  Once again, accusing others of what YOU, Biden are guilty of.""""",2
@user He doesn’t know if he should slam Manifort or suck up to him. He doesn’t know if he should worry about Junior and Kushner or not. He is mad as hell but knows that he can’t just fire Mueller so he is busy puking in the bathroom now that he understands that asset seizure is a thing,2
@user It’s exactly why I tweet!! Well that and making fun of liberals and their insanity!! 🙏🇺🇸❤️✝️❤️🇺🇸🙏 GOD help!!! 🙏❤️✝️✝️❤️🙏,2
@user That stage was such a pain in the ass for terrorist hunt I loved it,2
Are all the republiKlan maga wearing traitors going to dig through their childhood toy chest just to post videos of burning #Ernie &amp; #Bert dolls? #ernieandbert #SesameStreet #Toad #MarioKart #TraitorTrump #traitortoad,2
@user Do it shithouse,2
@user ....and boobs. Do NOT forget the tatas. ❤️,2
@user You are such a comedian edd!!,2
@user how long will it take for one of the biggest arsehole's to appear this millennium @user get humiliated and exposed for the corrupt fake lying toad that he is?,2
@user Liberals be like,2
@user @user He’s made a gun control shift as well. Check his talking points from last cycle.,2
@user Liberal Dictionary: -Illegal Immigrants: Dreamers -Trump Supporters: Deplorable -MS-13 Killers: Human Beings -Human Beings in the Womb: Not Human Beings -Antifa: Protestors -Law Abiding NRA Members: Terrorists -Bill Clinton: Feminist -Brett Kavanaugh: Predator,2
@user @user @user He is embarrassing and just as low a human as possible to diminish the loss of life of the elderly.,2
@user @user Wonder how many children he molested,2
@user Another dumbass Democrat. One thing you have to say about this president is he’s not lazy. Another bullshit story as usual,2
@user @user @user @user @user @user @user @user @user @user @user @user @user @user @user @user @user @user @user @user @user Don't understand your logic. Anyways this is going nowhere. This to me is not acceptable. Maybe you are ok with it.,2
@user @user Fuck that a bitch needs to have more class you cant act a ass because someone liked a tweet about you it dont matter who you are! #nyfw is not the place to decide to be about that life and run up and throw shoes. What Cardi Did wasnt the issue WHERE it was done was the issue!,2
MAGA are PERVERTS AND DEMONS-PERIOD! NOTHING IS SACRED OR INNOCENT WITH THESE MUTTS OF SATAN,2
@user Figures! What is wrong with these idiots? Thank God for @user,2
100% agree with Trump on this.  Surprised to see so many liberals talk about how cute he was sneaking candy at a war criminal's funeral.,2
@user @user Far left Antifa just a bunch of bullies who get brave when in a mob confronting a few  seems everyone is a nazi if they have a different opinion,2
@user fake ass emoji,2
@user @user After seeing the contents of the post @user I for one are pleased with the legislation we have in regard of gun control. On the other hand legislation does need to be improved to support mental aid to this individual. He has to be sectioned.,2
@user Gonna boo his ass regardless now,2
@user @user @user Nope. Teaching them not to give a shit what liberals from CA think.,2
@user @user You look happy .MAGA,2
@user @user So pointing at the umpire and calling him thief is berating and walking very fast toward an official and calling them f***ing moron is not? I think it is clear who needs help. You are a man perhaps?,2
@user @user @user You make no sense. “Antifa” is a cut-down word for ANTI-fascist. NAZIs are Hitler fascists by definition. Many so-called right-wingers tend to fascist views. Trump does. Just listen to him. The so-called left is far from fascist.,2
@user WHAT THE FUCK,2
@user This is so fake he’s unable to feel true feelings he even lies when he says anything and she is just as stupid in standing by a man who clearly doesn’t respect the unity of marriage while he was with her and pay these women off STAND UP DIVORCE LIKE HIS OTHER WIFES DID HES A PIG,2
@user @user When tRUmp posts shit like this you know that he is distracting from something else that is going on. #Distractification,2
@user I hope that ENTIRE police department gets shut the f*ck down!Obviously you all feel like you're above the law.Obviously you are incapable of holding your OWN accountable for breaking the law.Obviously you undermine everything a police officer&amp;dept are SUPPOSED to be/do. Shameful!,2
@user @user @user @user Police reform yes. We should try that. Gun control? We’ve tried that over and over again. It doesn’t work. But maybe it’s like socialism or communism. We just haven’t done it right yet. /Sarcasm,2
"#Republicans morals are stronger than #Democrat #Liberals  Evidenced by trying to stop Liberals from aborting themselves out of existence  It's the right thing to do   Even though letting them kill off their young so Natural Selection would win would benefit us more  #MAGA #KAG""""",2
"@user My favorite part is where left leaning people say we should believe all accusations at face value when it comes to sexual misconduct but not when it comes to Keith Ellison. Also I'm a Buddhist who's skeptical, thanks for adding to the all conservatives are Christian"""" stereotype.""""",2
@user Oh I never had any doubt.. Read all about the Dirty Wars too..He is a slovenly POS.. Jesuit who worships Satan..,2
@user Griffin thinks she is funny but she's not. She's a disgusting pig!!,2
@user So y'all are gonna fight against gun control but y'all laughing at this guy literally pulling out a gun and shooting it?,2
"@user A little note for @user -the Bible ( have you ever read that?) says that if the Holy Spirit is in us that we can fight off the devil. You lie and claim that you are holy (no human is holy by the way) so how dare you blame the devil? Your new name is Pope False Prophet"""".""""",2
"@user Please don't start with what he is concerned about. She wants to go out, if he has something planned or an idea of what to do.   Movie or not, it's scary.""""  Avery felt like there was something she wanted him to know, but she couldn't remember what off the top of her head.""""",2
@user That's what happens when you let a liberal get a hold of a gun.  That would be a good place to start gun control.  Ban liberals from getting guns.,2
@user Did he miss his head? This is a total lack of gun control,2
#meneither! She is a liar. Clear as day a liar.,2
@user I swear. I’m so glad my fat ass never drunk that shit. I’m tryna be slim but not crackhead slim🙇🏾‍♀️,2
@user @user Actually it’s liberals like Waters and antifa who promote violence,2
@user The mother never moved I think I would have at least moved a arm a leg I mean something she is a idiot. Why wasn’t she watching for car geeezzz and the other idiot in the car he/she is blind,2
@user @user This is absolutely hilarious. Liberals are so predictable.,2
@user Ahh yes we are cause some woman who comes out 30 some years later cant be believed.  Where was this liberal outrage when the guy from Minnesota was accused of beating his wife. Silent on that one libs god you hypocritical liberals make me sick,2
@user Why? Why are liberals so trashy?,2
@user Get away from these lying toxic people!,2
@user @user We don't watch any NFL games. This guy can shove it in his pie hole.,2
@user @user All he is missing are the inmate number,2
@user @user @user @user @user I’m gunna fucking die oh my god,2
@user We in this bitch together 💁🏽‍♂️,2
"@user Also she's thick as shit despite her posh brainy voice"""" on QT when the """"refugee"""" crisis was at it's peak,she said they should come in because there may be surgeons &amp; dentists amongst them.Fecking leftie lunatic.#ScruffBag""""",2
California - Creepy Fake Uber Driver Tries to Follow Woman Into Her Home    #MAGA #KAG #California #FakeUberDriver #BodyWrapRestraint #CrimeNews,2
@user @user @user You liberals live by double standards. Look at what you did to Monica Lewinski. She was branded a liar and whore even after she produced the evidence. All because good ole Bill is a Democrat! Your all fucking insane!,2
@user @user Apparantly that rule of law doesn't apply to Republicans/Conservatives baselessly accused by Dems,2
@user Probably say fuck it an do just that,2
"@user @user @user And, of course, you exclude all but a select group of (primarily Northwestern) European and a few Asian countries from your any country"""" list. Gun control has no positive correlation with lower homicide rates, even within cherry-picked Euro countries.",2
#tcot #MAGA Complacency kills. Vote in November,2
@user CNN = Fake News,2
@user I was on some shit last night,2
@user a perfect description of ANTiFA. Fascist shit bags.,2
@user @user The dems have done this since they were the KKK. Except back then they accused black men of raping white women then lynched them. Same play from the old playbook. Everyone of these liberals crying outrage are fake if they aren't pressuring Ellison to resign.,2
@user Oh my god. They’re so fucking cute.,2
@user @user You are a liar Ed. You have always been a liar. The people in Puerto Rico lives in squalor. Govt officials hid supplies sent. Miss reported death toll due to hurricane. Stop lying!,2
@user Any Texan that would grant automatic citizenship to illegal immigrants should never be elected.,2
All this talk about Trump's dick allegedly looking like Toad from #MarioKart  This is the only thing that has been accomplished. Only now the libs are picturing a 70 year old man naked.   #MAGA,2
@user Documents must be getting close to this crook.,2
@user @user @user They should consider gang squad units. They should consider controlling the dope epidemic. They should consider a lot of things. But the loosing left would disagree and just scream gun control,2
@user @user Could anyone expect anything less from a fool like j rubin? Incompetent hair on fire libs cost people their lives and blame it Pres. Trump.,2
@user @user @user @user The Institution only let her tweet when she behaves. She is a Window Licker!!!!,2
#MaxineWaters: #Trump ‘Has Displayed the Most Despicable Behavior That Any Human Being Could Do’ #MAGA,2
@user Bigly....lol.....bigly? He didnt won...he was elected by the people of the united states ahole...what he'll are you referring to? Antifa fools that get their asses kicked...vagina hats..lol pathetic ass,2
So I’m at the store and a dude walked in wit a MAGA shirt on (smh ) dog I was mean muggin the fuck outta dude so much that he left his broad in the store.🤷🏽‍♂️😆😆😆,2
@user @user I know right. It pisses me off he is so busy giving himself credit while we are all scared to death  here in nc. I don’t trust him,2
@user Typical sore loser he IS as always! Piece of shit!,2
@user @user @user @user @user @user @user Or a piss up in a brewery !! Hat,2
.She is dirty like Trump...She stole Ted Cruz campaign voters list and gave it to Trump,2
@user @user And those same politicians from both @user and @user are selling the country down the drain.,2
@user Not really. Gun control limits one capability to personally safety. It makes it even harder for good people to buy guns legally. It will even make it hard for women to obtain guns for self defense. Just keep a simple background check system we already have.,2
@user The GOP has blood on their hands. GUN CONTROL!!!,2
@user @user @user No worries Antifa. You can still live in your parents basement and go to your community college!!!,2
@user When atmosphere turns greenish tint from greenhouse gases and humans eat humans in candy bar form maybe I’ll care. MAGA!!!!!!!!,2
@user Go to hell! This is NOT Queen for a Day. I believe you less and less with every bit of bullsh*t you pull. You're nothing but a lying Demonrat! #MAGA #Trump2020,2
More like #Putin every day. #MAGA,2
@user These bitches on my brain,2
@user @user @user Trump is done. You are a Anti-Ameican pro-Trump azz!!,2
@user @user She’s trolling to fuck with you cause some of y’all be quick to call mfs coons for minor disagreements,2
@user @user @user @user Im going to tell you one more time to fuck off before I block and report your ass. Whos your current president?,2
@user @user @user She is the “comedian” that lectures the audience for an hour how white men are the scum of the earth.,2
@user @user @user @user She is a wannabe Hilary Clinton.. Can’t stand that woman and anything that the NDP stands for. I believe that they are even more dangerous than the liberals!,2
@user @user Isn’t that the Amazon bitch from Antifa?,2
@user Likely shift? He is a political operative for the GOP. This will be a life-long dream for many who have been working towards this outcome for decades. It’s sad.,2
*Gets Period* You are the cause of my 𝓭𝔂𝓼𝓹𝓱𝓸𝓻𝓲𝓪,2
Shits about to Hit the Fan. #MAGA,2
@user @user John Kerry is a swamp rat nothing more nothing less CNN we all know is the clown news network,2
@user Take your anti-American crap somewhere else. #TEDCRUZ for Senate!! #MAGA,2
@user 7 $ million buyout. Losers.,2
@user Russia had Ivan the Terrible. FSU has Willie the Terrible. He is to FSU what Bitch Rod was to Michigan and Tango Charlie was to Texas. We pay this piece of shit $5 million to put up 10 points against our first two FBS opponents. Even Western Michigan scores 41 against Syracuse.,2
@user And people died in Chicago because of you. Now how stupid does that sound you idiot,2
@user @user in every conner coz anti pakistani will not able to attack on our future generation rights,2
@user Was Al Gore nominated for Supreme Court judge? You conservatives have some nerve.,2
@user Liberals are not very smart,2
@user Fool!,2
"@user @user @user @user BS made up by a lying liberal..a cheap filthy whore, whose lies help to undermine REAL WOMEN who are sexually assaulted.  But with trashy liberals who cares?"""" right? As long as the end can justify the means?  Trashy libs tried same thing with Judge Thomas.  Democrats are sick.""""",2
@user @user @user @user this comment only shows that having refused to engage with facts you do the fascist antifa approach which is to use personal attack to try to bully your way into some mythical win. Research projection and stop doing it u look stupid now!,2
@user @user This is a teacher or nut job...you be the judge...but remember she is influencing young minds.,2
".....""""  And he is shuting up.  Don't mess with Yumi. Don't ever mess with Ms. Yuzuki.""""",2
@user I’m just here to see which liberals decide to politicize this tragedy (despite Cincy having tight gun control)...  👀,2
@user @user She's probably a millionaire now and once they get paid all that money to slander and ruin someones name they go away because they don't want to get sued  for slander/libel. The Democrat Party pays a lot of money to get people to make false accusations against conservatives.,2
@user Me-Too lynchings of innocent Republicans/conservatives will continue if GOP let's the Kavanaugh fraud prevail. GOP should fight fire with fire and do this one time to a prominent Dem male. Watch it stop after that.,2
@user @user @user Sensible gun control can only help. Mentally unstable people should not have guns. People with restraining orders should not have guns. No one needs a gun with a magazine more than 5-6 rounds (unless the zombie apocalypse happens).,2
@user @user Agreed. It's probably white people screaming how offensive she is too. I wish Big Brother wasn't forced by the twitter SJW army to remove her. We have all said offensive things when we were teenagers.,2
@user @user If Obama's lips are moving then he is lying.,2
@user #DearProfessorFord I want you to know that I have zero respect for you &amp; your ANTIFA style attack on Kavanaugh. You thought you were going to drop a bomb with your face covered &amp; blow up a good man's life. You have been exposed for the political hack that you are.  Shame on you,2
@user Yea that’s a crazy ass story. Like how do you go into the wrong apartment. There’s numbers on doors. And wouldn’t you notice as soon as you walk in and it ain’t your shit 🤷🏻‍♀️🤦🏻‍♀️,2
@user I hope so. That Tana girl fucks anything lol,2
@user @user @user @user do you like/love Louis Farrakhan because he is a racist or an anti Semite? Which one?,2
@user Google CFO is a joke! And so is the idiot who hired her for this position.  #Googlearecorrupt   #BestuseQwant,2
@user All you need to know is he is empty inside,2
@user @user Don’t usually do Twitter”conversations”but my point was Dana may be kind of woman who doesn’t want to help other woman;wants to be THE prima donna &amp; so doesn’t care about developing next-gen girls.She is against gun control &amp; isn’t bothered by school shootings-must not like kids,2
@user HE IS A RUSSIAN SPY /HAVE RECEIVED MUCH MONEY FROM PUTIN.,2
@user @user Crush him Beto !!! Make him look like the idiot he is.,2
@user @user @user @user @user And guys like you are the fat yokels.,2
@user @user @user @user He’s dead. So you are a necrophiliac as well? Good to know...you must suck at chess never mind 3 dimensional chess...you can’t even think one move ahead let alone many...Change your twitter handle to DumbAF not even ish🙄🙄🙄,2
@user Deranged and demented what a perfect match for the Democratic party,2
@user She is wortless why is she not checked out by secret service she is irresponsible in trying to generate hste to have somone kill thre president,2
ANTIFA is a domestic terrorist organization that leeches off of George Soros's money. They are a domestic terrorist organization that uses intimidation &amp; violence to spread their ideology.,2
@user If we lose tomorrow we r fucked. Tomorrow is our season lol. Too tough a schedule to drop one like this,2
@user @user Rubio sat through a 2-hour town hall in February answering questions from the public about gun control from people whose friends and children had just been murdered. That takes more courage than grandstanding and lying in a stupid hearing.,2
@user @user @user @user @user @user @user @user How blindly ignorant you are. Shameful people with the deep thinking you lack can vote,2
@user @user @user You are as cheap as cheap she is...Try with Bible and Quran if you really have guts,2
@user Just the fact that #StopKavanagh REPEATEDLY attempted to block the abortion for an undocumented immigrant (which she wanted) tells me   he is unfit to serve on the Supreme Court.   We don’t need a person who cherrypicks what laws will or will not be respected.  @user,2
@user @user Mine go drafts too. @user stop this crap I'm gathering proof your censoring conservatives,2
@user @user @user @user Oh i thought you were the dream team minus sonja. Really you are the mean disgusting team minus sonja. Oh by the way dorinda leave sonja alone. You are so jealous of sonja. She is kind sweet and so much prettier than you.  Get over it you drunk,2
@user @user @user She is absolutely useless. Everyone knows it except for her and the media.,2
@user @user It takes a 2sec Google search to see who this accuser is - I'll help the mindless uneducated liberals .,2
ANTI-ANTIFA IS BALLS,2
@user @user You align yourself with an organization that butchers babies for profit. Than scream about the need for gun control and the violence against our children but somehow your OK with the butchering of 100s thousands of innocent defenseless babies every yr If it lines your pockets.,2
#RSSReachesOut  This one step by the RSS can show the sense of nationalism it has when other UrbanNaxals are colluding with each other only to tear India apart. @user @user @user @user are working so hard for the downfall of India. Shame on liberals,2
"29. @user Listened To The Liberals; Democrats And Their Bed-Buddies In the MSM DEMAND Transparency"""" From the @user   Well, Your About To Get A YUGE Scoop Of """"Transparency"""" From him. Like I Said In the Start of This Thread: Be Careful What You Wish For.  ~End.",2
@user He is a child ~ a retarded one.,2
@user it’s like saying you’re pale! you live in the north pole! bitchass dipfuck,2
@user - both don’t support Medicare for all  - both voted against the dreamers  - both voted for the racist police brutality bill  - both voted to give Donald trump and even larger military budget .  - both didn’t do a thing on gun control  - both voted for the racist payday loans bill,2
@user @user @user @user @user @user @user Gun control is racist.,2
@user Who will abuse it the most: liberals or RINOS?,2
@user @user To justify his death to racists &amp; bigots. They're excuse will be well he had weed so he is a criminal &amp; deserved to be murdered. Just wait till the excuses start.,2
@user @user Ciara has stopped me from doing so much dumb ass shit god bless that woman,2
"@user @user @user @user Also cancel school debt"""" is the most stupid of all of her ideas. And far left idea of free college is bigoted idea. No wonder conservatives call us """"elitists"""". Who is going to pay for technical/trade schools 4 those who are not """"book smart""""?  Crazy!""""",2
@user @user You are out of you damn mind! Feinstinkle had this band then leaked it! She took a lie detector test and hired a lawyer last month! She is accusing a judge of a crime that is 35 years old with no proof! Ruining a mans life over an accusation with no proof you STFU,2
@user @user I wonder which one is the Democrat and which is the Republican. The dude is now totally for gun control. 😂,2
@user just censored the @user #Qanon merchandise. Really Zazzle? Meanwhile communism and Antifa merch are allowed on your site. The constitution of the USA means nothing to you? Well done. @user time to take our merch elsewhere. #WWG1WGA,2
@user Gun Control means using both hands. And in this case means acquiring the correct target. You can’t fix stupid.,2
10 restaurant diners fatally shot in Corpus Christi with .357 Ruger Blackhawk revolver. The NRA calls gun control research 'unethical'.,2
#democrats and #liberals don’t give a damn about @user allegedly committing physical violence on his ex-girlfriend but they all rush to discredit Kavanaugh for a 35 year old “vague” 11th hour accusation. #walkaway #Hypocrites,2
Open borders will bring this to America! Dems are brainless! Vote red like your life depends on it because it does! #KAG #MAGA,2
@user Hillary Clinton will be POTUS..Oops!,2
@user @user @user Please stick to Bakersfield issues and resign from House Leadership. You are illiterate in economics and the Constitution and take too many bribes! #NoSpeakerMcCarthy I’m for @user,2
@user @user This Soros guy needs to be investigated. He's been kicked out of other nations &amp; here his name keeps coming up with all these anti-American groups. Finances Antifa. Pays folks to act crazy at Trump events. I know he is against our sovereignty. He hates our Constitutional rights.,2
@user @user any gun control is unconstitutional and you leftist fake news traitors keep lying to the people that's why your enemies of the people,2
@user let me nigga fish in peace damn,2
@user Bernie up to his 🤥. You are not telling the WHOLE TRUTH. #WalkAwayFromDemocratsNow,2
@user @user fix this shit!,2
@user Good lord this woman is a dipshit !,2
@user  real shit,2
@user @user @user @user Ben is a terrible person that probably raped some people.  He is a vial human being in my book.    Has nothing to do with his on the field play.  I don’t like him personally.,2
@user I love that feeling that u get from going from Blues to purples. The discovery of new sexy loot!,2
@user @user @user @user @user That's why I am somewhat conflicted in talking shit or defending myself because there are so many VERY INTELLIGENT bright minds out there that have been held hostage by MSM propaganda Peddling. But uhave to read these Documents and dive deep to know who funds Antifa/MSM/DNC etc,2
@user Got a feeling every time deep state complains @user will punish them with more declass. They are going to pay for their sins! Biglly! Who needs a plan to dump 11k docs and round up crooks?  @user needs to geter done! #FNMA #FMCC #fanniegate #EndCorruption #LockThemAllUp #MAGA,2
@user fuck xenoblade chronicles,2
@user @user @user @user @user @user @user Lolololololololo are u kidding me. The ANTIFA shows up at all protest to stop freedom of speech. Open your eyes. Where did the ANTIFA come from democrats the snake party,2
@user Who cares! He is a sick head!,2
@user should be thanking her lucky stars that she has never been sexually assaulted or raped when she was a 15 year old girl.  She could hardly deal with a little harassment from Antifa. #NothingLower,2
@user @user @user would help them but he is in his own sunken place..   @user  to the rescue ?,2
@user If the tournament of shit ain’t on here...,2
@user @user He is a pedo.,2
@user @user Dolt. You’ve become another nail for Hammer Trump.,2
@user @user found out the name but I forgot.,2
@user @user He is such a con apparently finds are running low😏,2
@user @user She doesn’t remember her clothes or his clothes or the house or how she got there or what songs they were playing or what exact date. This is nothing but weaponizing me too with false accusations for ulterior motives. But if Fiberals can defend #antifa terrorists this is nothing.,2
@user If someone is being too nice to you at happy hour and asking probing questions about what you do at Pub Citizen....make sure to troll them and say you're with Antifa or something.,2
@user Of course it does. But they weren't interested to him. Domestic abuse is still domestic abuse. So I hope you didn't use this fake rumor just to shit on the habs and that you actually care about domestic abuse.,2
A bitch is complaining to corporate about me in our lobby lmaooo,2
@user YES I am so tired of relying on mfs to answer the phone for some shit that’s not even worth it! I’m about to be the new plug 😂😂😂,2
@user 😂 😂 😂 You are delusional,2
@user @user Sleazy and greasy!!!,2
@user It really is unbelievable that he feels it’s ok to call citizens worse than deplorable. He’s nuts. No wonder ppl are running to Reps. He obviously thinks he is way better than us. Time to go away Mr. Biden!,2
I love it when a plan comes together ☺️ #maga #nexit,2
@user She is a courageous intelligent woman who knows the crap that people will say - she is standing up to some evil and powerful and ruthless men who will stop at nothing to destroy her and her testimony,2
@user #MAGA their podcastful is about blockchainful. but it'sful about what it meansful to bewise working mothersful who are trying to makewise...,2
@user Sad part is She knows she's sick... She knows what she is doing.. She has been a crook all her life... She's a very sick woman.. God have mercy of her soul..,2
@user He is such a piece of shit,2
@user @user They on their bullshit,2
@user They just need to go away. No one wants to see them in the media advocating for gun control. It's unseemly.,2
@user The truth for the gun control/anti-2A,2
@user He is speaking to the best of the best  With utter disrespect ~   Our law enforcement Ice Agents  all first responders  Low middle and high class of all races and religions   DISAGREE Mr #CreepyJoeBiden  GRAVY TRAIN IS OVER PUNK!  #JoeDontTouchSoMuch Biden dirty hand joe,2
@user Chuck is a “ DUCK !”,2
LOL     Ted Cruz thinks #Texas voters are stupid.  Says Beto O'Rourke will ban barbeque from the state of Texas.  #resist   #MAGA    #Ridiculous,2
@user Democrats continually prove how crazy they are...,2
@user I neither side with the Klan nor Antifa.  I stay out of family squabbles. Dems can clean up their own bastard children.  Perhaps you could clarify how I do t support the 14th.,2
@user @user Looks like he is urinating in the water,2
@user @user @user Please stop calling the losers “Elite”,2
@user Gun control - no guns if you are a liberal!!🤣What an idiot...,2
@user UK Govt non announcements are the only consistant and affordable policy under Labour or Conservatives for decades. Designed for a soundbite. No immediate resource required. Never likely to ever be implemented. Its propoganda but sadly it has its desired effect.,2
@user If you are not sure then l will block all these useless tweets. OK ?,2
@user Yes do hurt your selves gun control freaks.,2
@user - Gun Control (MGK DISS) via @user  fucking new Em wouldn’t let the shit slide he was playin wit da kid @user,2
#FarRight #Psychopath @user #Leader @user will now use the #invisible #press #created #catkiller as #excuse to bring back #FoxHunting if she's not gone by #Christmas #AnimalCruelty #ToriesOUT #NoConfidence #CrimeSyndicate #GE2018 #CriminalsOutofNumber10,2
@user @user Then why the fuck did they elect him,2
@user im fucking sad also this gif is art,2
@user What does a snot nose 18-year-old kid know? He’s just a loud mouth immature punk who the media has placed on a pedestal using to promote gun control. He is fed tag lines to spark controversy in order to bring attention to the gun control debate that he knows nothing about.,2
@user He is not qualified to be a politician and that is why I voted for him How can anyone believe the failing Democratic Party as all thier agenda is to discredit a successful President and economy Also here is the idiot that gave IRAN millions to support terrorist,2
(2020 election season)  Trump: my dick is the most magnificent dick. Just tremendous.   Leftists: prove it you Russian puppet!  Trump: *whips dick out in fit of senility*  Conservatives: *vote Trump to victory*,2
"@user @user @user @user Kate, gun safety"""" is just a code word for gun control. There isn't anything """"safe"""" about gun control. It just limits law abiding citizens. Law breakers ignore ALL laws. Wake up! You folks in MN need to get off the liberal wagon. Vote for Patriots Only ... Vote Red! ✝🗽🚂⚓🇺🇸""""",2
@user I was more sad about how many liberals seem to love firing shots at allies. I saw it in 2016 with Bernie Sanders supporters calling me an Uncle Tom for supporting Hillary.  I made the same argument then and now. No shade and hopefully you don't block me. I respect your opinion,2
@user @user Bitch shut up he building his self esteem,2
@user Hey Ladies watch you on Saturday nights with Jesse keep up the good work and your right about Jon Voight he is a Gods man and bless his heart for standing up for the President mean evil people out their who are mad and Dangerous we all want hope and Change for America,2
@user All that money hadn't made u smarter.,2
@user Is that some weird invitation for a treasure hunt where the goal is to find his old “deadname”? Is it because he feels the need to prove that he is trans? Or because ppl didn’t care about it enough? Either way I’m not going to join 😒,2
"@user @user You can't be this dense. The point is the same - you can't presume someone is guilty just because they're part of a group that's a popular target.  For southern whites in the 40s, it was black men. For modern liberals, it's conservative white men. They're the devil"""".""""",2
@user Cause who bitches be playing with 😭😭😭😭 god aint give me the gift for nothing,2
@user CNN is trash and everyone that has a brain knows it!,2
@user But really....well Hold on. Let me go comment on some girls photo with her boobs hangin out. 🙃,2
@user Guilty old perv,2
@user Right..? Total OCD right there lol Yeah...totally gonna floss that sucker off.,2
@user Why of course. Liberals reject truth and accept falsehoods. That's why they don't believe Kanaugh and believe Ellison.,2
@user @user Holy shit pt 2,2
@user @user We have been saved from you! MAGA!,2
#MeTooMovement has become a far left liberal political machine ran by feminist hacks that hate all men and conservatives. #Trump #MAGA #KavanaughConfirmationHearings,2
@user yea your the bitch on the right getting smacked,2
@user @user This is the most consistently stupid argument gun control advocates make.,2
@user Because Gutierrez is corrupt and so are the unions there.,2
@user @user ANTIFA displays hate on those they disagree with...you are being hypocritical!,2
@user @user @user @user Now Comes The Pain...........  #MAGA🇺🇸🇺🇸🇺🇸🇺🇸🇺🇸  #WWG1WGA,2
@user Die bitch,2
@user BETO is for GUN control!!! In TEXAS that don’t hunt. He is a liberal just like Picante sauce from New Jersey😜   REMEMBER the ALAMO!  Keep Texas Red 🇺🇸,2
@user She doesn't want to go to jail for lying to a Senate Committee. She has had no crime committed on her &amp; is a leftest activist trying to stall his confirmation. A nutty Professor that I believe is a closet ANTIFA member pd by Soros.,2
@user Mon « bye bitches » suffisait,2
@user Another crazy liberals,2
@user He is not a troll he is simply dumb but I’m enjoying it I love tweeter for this 🤣🤣🤣🤣🤣🤣🤣,2
@user @user So Victoria's Secret won't sponsor Trump any more. I hope they realize how much of their crap trump has sold for them to Antifa!,2
@user Things are definitely fucked up when you need to state the obvious like this. Conservatives are needed just like liberals are needed. One without the other is faulty.,2
"@user This message is also going to get Antifa members killed - if the open carry nuts"""" feel someone is trying to kill them by taking their gun, they will defend themselves - and will probably not face jail. Whereas someone actively """"stealing"""" a gun will.""""",2
@user CNN is evil.  A true enemy of the people.  I can’t believe there are people who still take them seriously.,2
@user @user @user You think it's just antifa who stands up against fascists? All decent people will. Look through history. The flabby bigots will run with their tails between their legs like that always do.,2
@user The Liberals are mentally unstable!!,2
@user And they say Russia is the hackers.. Hmmm...,2
@user @user @user @user Isn't it great how liberals ignore the pain of their victims because they are democrats.  It is really sick.,2
@user @user She is a horrible at her job...maybe that's why her career is dying...,2
@user @user @user They had conservatives silently tied up in the cellar for dexades. They're livid we got out and now have a voice In the White House ascend they want to put us back. They're trying to silence us any way possible. We need to burn them all in the midterms. Once and for all,2
@user Who doesn't support her? Better question is why in hell would I believe someone when liberals are lying 24/7? Shit a california professor recently attacked a man with a lock in a sock... How many women have faked attacks on them sense the election?,2
@user @user Talk about the pot calling the kettle black... You should be ashamed of your cash payoffs to Iran &amp; of you helping Iran to become a necular power. It would be better if you just set your sales and gave us all a big wave goodby. @user will clean up your mess.,2
@user She is a Republican hypocrite!,2
@user @user HIRE AMERICAN YOU PIECES OF TRASH!!!!! PLEASE!!!!!! AND STOP BANNING CONSERVATIVES ON YOUR PLATFORMS PLEASE!!!!,2
@user But antifa are only anti fascist (Romney told me so) she wouldn't throw a brick at you unless you were a na... 😧,2
@user @user @user There are thousands apon thousands of videos on YouTube alone of Antifa attacking people just for being at Trump rallies or Republican events. This is not happening anywhere to Democrats. This is on a widespread scale and people like you try to lie and obfuscate to cover them,2
@user @user This is the ONLY acceptable way to end sex,2
@user Stay well clear. She is unhinged.,2
@user @user @user @user You are a boring individual. Its seems good too me,2
@user Creepy old pedo desperately trying to be relevant. Just an old guy from the old world which Trump has shattered.,2
@user @user Well they will start banishing all acct's for promoting FB gave @user Brandon a 30 day z-jail time. I'm sure tomorrow Apple/Jacks will do it too. Let's all just do it and see how many conservatives &amp; #WalkAwayMarch er's they shut down.poof FB begone,2
@user keemstar said he is not paying he just wanted his sever on rust popin I said pay him or the ooks will come for you on rust😂,2
@user So she can’t be effected by the radiation but killed. I hope he mentions Lady Gaga witch. Since she is the only known immortal witch and supreme,2
@user @user 🤣🤣🤣🤣🤣🤣🤣🤣 Deep Throat,2
@user @user Trump has no interest in caring the safety of the country.  He doesn’t care about gun control.  So far with all the shooting in the country.  He doesn’t care... he is a selfish person.  Everything is about him,2
@user and if you're in ANTIFA you are one of them shit for brains. Here worship your queen she needs her toe cheese licked out.,2
@user @user That is the same old crap spewed by the liberals (MSM). They are disgusting!,2
@user This is like when shitty restaurants advertise their “voted #1 world famous crabcakes” but nobody can tell you who voted and nobody who lives outside a 10-mile radius has ever actually eaten there.,2
@user Gonna be a bitch to re-write this one.,2
@user Colored people should vote! What color is she referring to? I’m white and bright! White is a color. Next racial dividing statement Ms Obama.,2
@user ...@USER is 100% correct and should be applauded for criticizing our inept and corrupt President - not denounced for it.....@USER @user @user @user @user @user @user @user @user @user @user @user,2
@user why no witnesses? She reported it AT THE TIME! It’s obvious the truth isn’t your priority. There are other qualified conservatives judges. Why push him? Is it because your “president” is in legal jeopardy &amp; this Judge believes a sitting POTUS is untouchable?,2
@user shit!! i left a little bit ago to get food but if you're still there i'll drop down with all the paper your heart desires!,2
@user He is still eating and talking about p**sy on carter V. Trust me,2
@user Although I think that Carter was a decent man he was without a doubt the 2nd worst president in my voting history.    44 was the worst if there was any question.,2
@user Crazy people don't care what they use. I suppose you leftist who says to bad it wasn't a gun. Sounds like you're disappointed he didn't. That way you can scream gun control.,2
@user @user Bitch please. You commie dems are the ones riding hell bent for leather to destroy democracy and the Republic.,2
@user Low life bitches,2
"@user @user @user @user You ignored my question, which is crucial to the argument. Once sensible"""" gun control is imposed and another shooting occurs, do you truly believe they will not push for further restrictions?""""",2
@user Who does he think he is the dumb Donald!!!!,2
@user Why isn’t she is custody?  I understand she cannot be in general population but she should be in custody and in some sort of holding cell.,2
@user Any day you free I’m dead ass serious an don’t call me talking about come get him cause imma block yo ass,2
* lives in Chicago   * thinks gun control works  😂😂😂😂😭,2
@user Ummm.   You are one of those people that shouldn’t be there.  😂,2
@user Conservatives are so sick of these tactics by liberals. First there was Bork then there was Thomas. Republicans just keep taking it too...Trump won’t take it for long though.,2
@user @user @user “Like hell he is hurt. Do your job” -Randy Orton.  Do you have ears?,2
@user @user @user Haha you liberals are so desperate it’s hilarious. Trying at all ends to set him up. This BS last minute stalling tactic about the alleged HS incident and the bait of emails that were sent to him. And people wonder how Trump won? Because they’re tired of Democrats and their crap.,2
@user I thought this was SNL. The last guy is wearing a fucking beanie with the mindmill on itS,2
#FireMorningJoe he is cut from the same cloth as all other conservatives. His misogyny and bigotry are always on display. He is responsible for Trump.,2
@user Holy freakin cow this is actually real from Antifa? Now we really know they are stupid. Great way to get shot or hurt.,2
@user @user @user Republicans constantly tell us about respecting law enforcement but ignore their judgment on gun control,2
@user What death threats? Antifa is not sitting outside her house like they have with Republicans. Why did she scrub all her social media?,2
@user Well that's why BB wins Super it's and you are an overhyped media mouth piece imbecild,2
@user Consider this source ... @user is a supreme ass kissing douche bag.,2
"@user @user @user And civil rights,"""" like the 'right' to kill your own child transcending a child's right to life...from the same people that insist on more stringent gun control laws to 'save the lives of children.' Let that sink in...""""",2
@user @user I'm talking about someone from a historical background and heritage of Guns. She a Roman catholic... They are generally all for gun control. You do your research sir.,2
@user @user @user Yeah fuck pogba👍,2
@user @user @user @user @user It's already legalized killing of babies and liberals are afraid of Trumps supreme court picks taking it away.,2
@user Not if you are from Wisconsin. And it’s a bubbler. And duck duck goose.,2
@user Liberal Dictionary:   Illegal Immigrants: Dreamers  Trump Supporters: Deplorable Dregs MS-13 Killers: Human Beings  Babies in the Womb: Not Human Beings  Antifa:Protestors  Law Abiding NRA: Terrorists  Bill Clinton: Feminist  Brett Kavanaugh:Predator Liberalism=a mental disorder,2
@user @user You are a disgrace,2
@user @user @user Exactly! She was sorry till she found people to cosign her bullshit. Idiots. The pair of them.,2
@user Chelsea is as crazy as her mother,2
@user Disgusting.,2
@user Greenie she acted like a spoiled elitist brat. She got the point taken away as she deserved. If she was good enough to win today it shouldn't have mattered.  She is an icon and one of the most admirable women I've ever seen in sports. She had a bad day. Move on not newsworthy.,2
"#maga #christineford #trump2020 #tcot #ccot #AmericaFirst #Patriots @user  #BrettKavanaugh had this to say about Bill Clinton during Whitewater:   It's imperative to make his pattern of revolting behavior clear -- piece by painful piece.""""   Indeed.",2
@user Yeah and....what’s the point of this article? Trying to demonize him for meeting with lawyers? He has a right to defend his character. He also has the right to file a defamation of character case against this woman and Sen. Feinstein. Democrats/liberals are pathetic. #Ridiculous,2
"@user Democrats cut funding. CIA goes around it. That's how it's done. Conservatives"""" who play by the rules will get fucked up, every time.",2
@user She is one of satan's daughters,2
@user @user He is seething!! You can see it in his eyes and hear it in his voice!! Obama was a failed president in every sense of the word! #MAGA #KAG 🚂🇺🇸🇺🇸🇺🇸🇺🇸🇺🇸🇺🇸🇺🇸,2
UPDATE Chuck Schumer’s Steamy Affair With A High School Cheerleader Conf... via @user Well someone said it so it must be true! ChickSchumer should Resign #Kavenaugh #ThursdayThoughts #FridayFeeling #DemDirtyTrick #MAGA #Resist FBI should Investigate,2
@user I've seen these big chairs but the look on your face and the pose makes me laugh. Somehow I believe that was all purposely orcastrated by you Boots! You are so silly,2
@user poor @user she is a rager and a shamer. sad....,2
@user She is so despicable!,2
@user Yeah sucks honestly but I plan on coming back on variety rather than fortnite and if the opportunities are nice to start esport on another game but I can approve that fortnite esport is over for me.,2
@user Uhhh no.  Sadam gassed the shit out of the Kurds (sp?),2
@user See his profile? Thinks he is hardcore ....boi 🤔,2
@user @user @user @user That's just depressing. Good churches are getting hard to find. Few and far between. I know people who belong to churches that espouse gun control and abortion! That's politics - not God! Not Christ!,2
@user @user Pope Char compares Pope Francis to the false prophet. Bingo!,2
@user @user If I die from him again i might say fuck him and his armor and leave it there in his crypt and never go back lol,2
@user @user Without question Professor Ford is troubled that's being polite. Half the women in the world (probably more) have been groped at one time or an other  and don't hold on to it for 40 years. This is obviously a political ploy to deter scotus confirmation. @user #MAGA,2
@user Not surprising. That I*n C*nnor nigga was on the payroll,2
@user Let me guess they are a victim of circumstances. But heaven forbid if they got shot for robbing the place all you moron liberals would be screaming gun control. How about kid control or upbringing control of self control.,2
@user CBS sez CEO Leslie Moonves' out on his ass after several allegations he was chasing ass... COO Joseph Iannello will be interim CEO until somebody accuses him of the same thing... This 'shit' never ends... Ooops...,2
@user @user Nobody voices opinions in this country louder than conservatives so idk what the fuck he's on about,2
@user can you pls get rid of holly he is so uneducated of sports. Wheb you have sportscasters who have been throgh the sport and are professional in their presentation he looks like a joke,2
@user @user Which some fantasy gun ban you’re rolling over in your mind would prevent?    Gun Control Is Evil Misspelled,2
@user @user Because he is a traitor,2
"@user Trump called Trudeau very dishonest and weak"""" and the Conservatives cheer. Conservatives in Canada are Trump supporters. They will accept any crumbs that fall off Trumps table.""""",2
@user An ugly old man trying to make himself relevant again with more lies  Remember him saying he had a deathbed confession from CIA director casey? Never happened according to the bodyguards in that room shouldn't that be enough to question this morons credibility,2
@user He’s a cocky SOB who needs to be brought down to his knees,2
@user you are a racist fake site of fake profiles with fake pictures of scammers who block you. also you delete accounts for no reason and block emails for customer service. same fake people on by the hour. all date sites are fake who create the profiles themselves.,2
@user You are apiece of shit! WHY WOULD YOU KILL THAT ANIMAL? How is your mother?,2
@user @user @user @user @user @user @user @user @user @user @user @user @user @user @user @user @user @user @user @user @user @user @user @user @user @user @user @user @user @user @user @user @user @user @user @user @user @user @user @user @user @user @user @user @user @user @user @user @user @user 🙄 Are you really serious?! Comparing some of the most prestigious positions in the nation with being a slave? You just keep proving your ignorance &amp; inability for logical thought! #MAGA,2
@user you are a DISGRACE,2
"@user HAHAHAHAHAHAHAHA!!! She may need to change her strategy. Acting like a spoiled child... throwing a tantrum and showing the world what a sore loser she is... on national television... isn't a great way to improve how anyone"""" is viewed.""""",2
@user Look in the mirror lefties!  No bigger bullies than antifa and progressive leftist trying to “get in the faces” of the right,2
@user Henny... Why do you outside. Where u and ya pussy ass sister at. We just wanna talk,2
Rosenstein’s 300 Attorneys ‘Helped’ Vet Kavanaugh – Now Sexual Abuse Charges which go back to his highschool days  and can't be proven &amp; Named witness DENIES  #Pathetic #ConfirmKavanaugh #PJNET #CCOT #maga #KAG2018 #Trump2020 #NoMoreProgressiveLiberals,2
@user @user @user No just imagining if we found a picture of Bret holding a woman like this. Liberals will go insane,2
@user Djt &amp; Gop- MAGA. Only for old scared white men again. Making women property again.,2
@user @user Lol.... your going to jail,2
@user I say grab him. What a difference maker. He is a home run hitter to compliment smoke. Means we release Grant and Snead has to take over. Don’t know the whole story why Browns would release him. But he is a legit number one WR,2
"@user @user Maybe I'm wrong, but didn't you take an oath to preserve and uphold the constitution?   Take your people control (it's not gun control) and gtfo with your crazy.   Steve Willeford says hi"""". Don't know the name? Perhaps Google it and realize how stupid you are.""""",2
"@user @user @user @user This is as bad as those right wing nutjobs that scream Now is not the time!!"""" to talk about things like gun control when a school gets shot up  This is EXACTLY the time, when people are paying attention, when someone has just lost their life to something horrible &amp; preventable""""",2
@user As you typed “you think everyone is like you?” And read it. It means the question is referring to the reader. And at the case you are the reader. 🇳🇬 effect,2
#MOGG: #JacobReesMogg calls for @user to #ChuckChequers now.   'Chequers pleases nobody other than the #PrimeMinister herself.'  #BBC #SKY #LBC @user @user @user @user @user @user @user @user #Tory #Tories,2
@user You @user speak the Truth about =&gt; #Louis Farrakhan &lt;= ... he is a raging anti-Semite &amp; racist.,2
@user This stupid game you're playing is NOT going to work and Kavanaugh WILL BE CONFIRMED!  #ConfirmKavanaughNow #MAGA #TRUMPSTRONG #AMERICAFIRST #DRAINTHESWAMP #VOTEREPUBLICAN #TRUMPSTRONG #WINNING 🇺🇸🇺🇸🇺🇸,2
@user @user @user @user @user CANNOT CONTAIN HIMSELF That is why HE IS UNWELCOME AT A SCHOOL without an escort (and a hall pass).  He is WELL BEHIND HIS OPPONENT in his re-election campaign. @user can't work well or play well with others.  IT'S TIME FOR A CHANGE!  @user  DISTRICT D,2
@user @user Forget Montel! Those who speak so speak from their own delusional disgusting truth! He is not worth it!  Trash pick up coming!,2
@user @user Rotten character or what we call in Spanish mal character,2
. @user tells us she is an unserious attention seeker   #iphone @user @user @user,2
@user @user What dos this have to do with the NRA? California has lot and lots of worthless gun control laws already. Gun control does NOT work because crazy people don’t obey the law.,2
.@USER &amp; @user student loan refinancing plan would give every single student loan borrower a tax break &amp; let hundreds of thousands of borrowers have immediate lower interests rates at 0 net cost to taxpayers.   @user has 8 years. He did nothing. He is a liar.,2
"@user @user That isn't at all plausible. Tories and Labour have access to that building. More Tories have a problem with her than Labour and there are more Tories. It could have been a leftist"""" but there are more Tory suspects. You are pretty abusive for someone arguing the left are abusive""""",2
@user the owner of my culo,2
Thank you for standing for DECENCY.  The liberal left is up to its same OLD tactics.  LIES at 11th hour from LEFTY Liberal haters.  This story stinks from outside in @user #MAGA #tcot @user @user @user @user @user @user @user,2
@user Congrats Naomi! U deserved to win. U showed true sportsmanship during Serena’s meltdown. I would like to apologize for her behavior. What an embarrassment for the US. She should have been ejected for arguing with the side chair. She thinks she is superior but she’s not.,2
"America..!!  #WalkAway Get out and VOTE or live in POVERTY and SERVITUDE...!!"""" #MAGA  #WWG1WGA",2
@user It is always same-trash Trump &amp; conservatives.  I have stopped watching American TV &amp; going to movies.  I have discovered wonderful foreign television shows albeit many subtitled that are now my favorites &amp; there is always good old-fashioned reading &amp; music &amp; creative endeavors.,2
@user @user @user Oh yeah so I'm sure you'll wait a certain amount of time before talking about gun control right? I'm sure you're saying the same thing to all the people using the dead to push laws that do nothing right?,2
@user The people of PR tried telling us this last year but you were too busy bashing trump with mayor Cruz.   To you people 3000 peoples lives were worth it to try to make Trump look bad.  You are all a disgrace!,2
@user @user Which is also posturing nonsense. If they want to oust her they'd forward the requisite letters to their part whip and she would be facing a leadership challenge. Her 'challengers' are as gutless and witless as she is.,2
@user I know what that storm is gonna do...but those photos are just the shit bro.,2
@user According the gore hurricane hazel in 1955 was Trumps fault and all the typhoons cyclones and hurricanes are all Trumps fault   And Trump colluded   with God to defeat Hillary.   All true!,2
"@user Hasn't this flake left yet?  How dare these people hang a man without evidence and at the word of a loon with repressed memory."""" Sue her and I bet she shuts up fast.""""",2
@user Just one more proof that the dnc hates the cosnstitution. this is exactly what pres. Washington warned us of in his farwell address. the dnc hates the constitution because it stands in the way of their totalitarain agenda. maybe that i why they push both socialism and gun control,2
4.) Most Disliked Oc- Amai  vs Most Liked Oc- Kira Amai is pretty much a freaking bad daughter. She killed her mum and little brother just to run off with some man.  Kira is a pretty sweet gal who loves her father very much and just loves to be loved! She is also a determined gal,2
@user OMG another bigot showing he is basically gutless - sounds much like Donald 😂,2
"@user @user @user @user @user @user @user @user @user @user @user @user @user @user @user @user @user @user @user @user @user @user @user @user @user @user @user @user @user @user @user @user @user @user @user @user @user @user @user @user @user @user @user @user @user @user @user @user @user They get testy and decide you're a paid shill"""" a lot, if you end up hanging around QAnon you'll get used to it.""""",2
INTERRUPTING HIS HEARING AT EVERY TURN! BUT THATS OK HE IS A MAN AND CAN TAKE IT! AT LEAST HE WILL REMEMBER WHO WHAT WHEN AND WHERE HE WAS! AFTER THIS KAVANAUGH WILL HAVE DEFINITELY EARNED HIS STRIPES TO SCOTUS!  MAGA!,2
@user //Anime is a gag series. The manga is bloody as fuck.,2
@user @user Nothing was stolen. Crybaby liberals didn’t get what they wanted so they’ve been throwing temper tantrums for 2 years.,2
@user @user Oh @user The Dem candidates do have clearly stated policy proposals. One involves rational gun control. When elected they won’t vacillate like Trump. You and @user are done deceiving America.,2
@user @user @user @user Bridget that's another Crazy One! Absolutely correct! She is a Mess! and what she did to our President with the Head in her hand!  She should have gone to Jail for that! She is a MONSTER!,2
@user republicans /conservatives are the most disgusting people,2
@user I already knew that ! LMAO 😂 SO stay with us deplorable bigots!! We’re getting ready to fight for our COUNTRY! #WWG1WGA,2
@user Both sides have promised wall SINCE ever y should ANYONE BELIEVE ANYTHING THEY SAY????? ?promised since 1986,2
@user @user Now Comes The Pain...............  #MAGA🇺🇸🇺🇸🇺🇸🇺🇸🇺🇸  #WWG1WGA,2
@user @user He’s a bitter Barn Inbred.,2
@user How dare you tell me what Antifa is doing is right. They are not fighting facism they are fighting for their own stupid cause. They are further from fixing facism than the republicans themselves,2
@user @user @user @user @user He is a malignant narcissist.,2
@user WHAT I SAY ABOUT BEING A LITTLE PUSSY AND SAYING SHIT BEHIND PEOPLE'S BACK,2
5.10am Still a crowd at Queens Park protesting the conservatives middle of the night power grab. Shame on the conservatives! What kind of party creates chaos during an election? Rather than working with their citizens to create a healthy economy? @user #ONpoli,2
@user @user @user Actually my ancestors were here long before anyone got here even your French ass! Native Americans were here first. So get your facts straight! So if you wanna throw punches make sure you know who and where you are throwing them first.,2
@user Beto advocates gun control which would leave is defenseless to this.,2
@user Excommunicate the guy. That’ll teach ‘Em.,2
(((Conservatives))) are enemies of whites!,2
@user I do love you but don't give him an excuse..he isn't mentally ill he is a dangerous idiot!!!!,2
@user GOOD 🖕them !,2
@user We conservatives love him no matter how stupid it makes us /him look! YEE HAW!,2
@user I knew you weren’t a Real Republican committed to your party!!!! You need to leave. Get out now!! You are a disgrace to every republican/conservative member who work towards solutions and does not constantly diminish The POTUS!!! Quit already.,2
"@user how does what I'm saying relate to gun control. if police departments will not prosecute their own family"""" then it's time to limit their access to all weapons. A police department reluctant to acknowledge their own wrong doings and correct them dont deserve access to weapons.""""",2
@user I just read that whole thread and that guys thinks he is a boxing media social media sure have mess up some ppls  head 🤣🤣🤣🤣🤣🤣🤣🤣,2
@user MAGA= Mushrooms are growing again,2
@user @user You are devaluing everyone's opinion on the Independent article whom agrees with me by saying they are disgruntled students or bots. Just because they don't put Dr. In their Twitter name it doesn't mean they haven't done 'deeply important research' as you fondly put it.,2
@user Your bizarre spin attempts fail because no one trusts one sided zealots anymore. The spell is broken. WE THE PEOPLE do not need people like you and your sick idea. Cater to the loony left like your modern brown shirts antifa. Leave normal people alone,2
@user @user I have Dick Durbin that's not gonna happen blame Shitcago that's what i do..,2
"@user @user @user @user Politicians talk about racism, Islamophobia, Homophobia, Rape, Drug abuse etc etc......  Do you not understand how fucking sick it is to ask Jess if she's discussed with her children that complete strangers hate"""" Mummy.  I hope for your own sake that you are unwell.""""",2
#Republicans #Conservatives @user wet dreams: Step 1: Confirm predator as SCOTUS judge Step 2: Eliminate women's choice Step 3: Eliminate non white's voting rights Step 4: Eliminate women's voting rights Step 5: End immigration,2
"@user @user @user @user @user Oh yeah sure Antifa is anti-fascist"""". Also, free speech is for everyone: liberals, conservatives, centrists, fascists, communists, anarchists, ancaps, etc. I live in the US and not a fascist state that bans what it thinks is """"hate speech"""".",2
@user Democrats are sick! Back off &amp; let our president Trump continue to help all Americans!,2
@user Never nigga 💀💀,2
@user Wow...not even his supporters can do the math and see that he is not right for this country. Well his supporters cant do math either,2
@user @user @user OMG what fuckin' kind of this beauty TT,2
@user @user They thought she would win so they could implement the last part of their plan to use the guillotines from China and blades from Mexico. #MAGA  #LockThemAllUp  #confirmkavanaugh #WWG1WGA  #PatriotsUnited  #GodBlessAmerica  #GodBlessTheWorld  #GodBlessOurMilitary  #100thMonkey,2
@user Go away you are irrelevant,2
@user @user @user @user @user Most people do not understand what an assault rifle is!  Makes their statements regarding gun control stupid!,2
@user Maybe we do need gun control. Lefties can not handle the responsibility.,2
@user Biggest corrupt lying piece of  s***💩 there ever was!,2
@user @user “Blame your opponent of the things you are guilty of” - this pope is a satanist,2
@user  yet another “good guy with a gun....”🤦‍♀️ WE NEED COMMON SENSE GUN CONTROL LEGISLATION #doSomthing @user #VoteTheGOPOut #CountryOverParty  Documents: Alleged mass murderer thought wife was cheating,2
@user See...it's not gun control we need. It's Leftist Liberal Control. Guns don't kill people. Idiotic Immoral Leftists do. #LiberalismIsaMentalDisorder #DemsAreDangerous #WalkAway,2
"@user Feel free to use it. Because unlike your ilk, we do not scream #literalviolence or use dramatic phrases like you are denying my right to exist wahh"""". Women like us can take your silliness without crying. Knock yourself out :)""""",2
@user 🙄She’s NOT claiming rape! And FBI does NOT have jurisdiction! The day said they won’t do it more than once He’s had 6 FBI background checks if there was anything they would’ve found it Also HOW do you investigate something when complainant doesn’t even know WHEN or WHERE? #MAGA,2
@user Smh nigga dat shit gone take us far u tweaked out🤦🏼‍♂️💯,2
@user @user @user @user Lisa Page confirmed the Russia story was passed to the MSM as a distraction for gullible liberals to push as a narrative to hinder our duly elected president’s success in office.,2
@user Hollywood is packed with pedophiles,2
@user because what every lie you are telling if it happened when you were children the guy is a man and I clearly don't believe shit like that happened. Its just another stall tactic by the liberals.,2
@user He is the absolute worse. Period. That is all.,2
@user Fuck my bad leslie i def added you tho ! Lmao im give it to ypu now,2
"Replace Chris Collins with anyone but Carl Paladino""""  #TCOT #MAGA #RedNationRising""""",2
@user @user I support Jahs blessings on his hussle ....he is d bomb,2
@user @user Still a lot of religious conservatives but hopefully Beto is getting a bunch of unlikely voters that the polls don't capture.,2
@user ??? what the fuck ??,2
@user She is a lost Soul who has to follow the Party Line. I also believe she has sold her Soul for the Lousy 30Pieces of Silver from the guidance of her Horrible Mother.,2
@user Hahaha... lunatic liberals are just too busy virtue signaling that they still don't get it.,2
@user Those idiots are fringe right. They are hated by most conservatives.,2
@user He is the worst speaker ever!,2
"@user @user @user @user I still find it hilarious that people like you think that literally any response to a comment is liberals being upset"""" and that getting a liberal upset is some kind of accomplishment.""""",2
@user She is not a cheater. That chair ump robbed her.,2
"@user The term parasite"""" has now been added to my list of """"fuck you"""" terms, which also includes the term """"widget"""".""""",2
#Liberals had some sort of mutual masturbation awards show. This is me still not caring.   @user @user @user @user,2
@user @user Liberals makes America  Sicker,2
@user @user @user You assholes are both going to jail.  What happened to the $94million paid to your company?  Mueller knows.,2
@user @user What that you are a coward that can't put your own pic up? Yet you feel you can judge others looks? Yep I'm sure people do call you out on the regular.,2
@user We are so glad we don’t know anyone like those miscreant. Pitiful bunch.,2
@user Seriously?! Do you really believe your own crap? Why don’t you just move on if she is so offensive. This ugly side to you is very unbecoming😞,2
@user @user F Hope! Since he’s ‘NOT smarter than a 5th grader’ maybe she is!,2
@user Eric Holder will be held accountable. He is pointing the finger away from the crime. Time is not on your side Eric. Looking forward to the collapse of your scandalous time ruining America.,2
@user That is a lot of guilt for Tucker to take upon himself. Surely he is not the only on at fault?,2
@user @user @user @user @user There is absolutely no point in debating a liberal. Your party has swung so far left and have nothing but hate... All rationale has fleeted your side. Trump could create world peace and a utopian society and liberals would still resist for no other reason than your hatred.,2
@user Guess he forgot to walk the liberal plank!,2
@user He is a cancer though. Suspended for like 3 years and then is late to practice when he’s able to play again. Can you blame them for cutting him when they suck anyways?,2
@user AntiChrist. The Roman Catholic Church is a House of demons.,2
@user @user I thought you said the NYT was “failing” and “fake news”. So this can’t be true; it’s made up!,2
@user @user @user @user What are you doing Jeff?  Do you think following in McCain's footsteps is a good idea?  You will be known as a TRAITOR too. Walk away from the DemonRats RESISTANCE PARTY Liberals evilness.  Confirm Kavanaugh.,2
"@user @user @user @user Obama claims robust economy belongs to him and Pelosi blames bad economy"""" on Trump. These dem dolts are schizo.""""",2
@user Thanks Vince You fucker. No need to hold out and chance that clients miss it.,2
@user Almost forgot you was a nigga in ya past life lmao,2
@user liberals drink their own Kool-aid. They live in these bubbles and they think a lot of people like them.  If they could see themselves how clownish they look and act.,2
@user He is competing for worst president again.,2
@user Because they have a corrupt liberal government that steals from the people. Liberals at work....,2
Ain’t no pussy good enough to get broke while I’m in it,2
@user @user Everything is a crisis for these conservatives. The only real crisis I’ve noticed is the complete destruction of the Conservative Party.,2
@user He a lunatic democrats politicians like antifa George Soros think there money talk but it lunatic dung money dam money they have pay me in gold,2
@user Friggen crook.,2
@user @user @user He is dumb and dumber all in one president.  It's a two for one.,2
ALL THIS IS BS. FORD IS LYING!!This has everything to do with delaying the vote... #MAGA #ConfirmKavanaughNow #POTUS,2
@user @user Liberals ruin a life doesn’t matter as long as they win in the end! Must stop! The have no Conscience,2
@user @user @user They aren’t making fun of the woman. They are making fun of the liberals supporting barbaric tradition of covering a woman’s body with a garbage bag because men might be inclined to rape them at any given moment.,2
@user @user Well he is really really smart and nothing Woodward wrote in is book is true. Good Lord this is the shit. We see it and hear it everyday all day. Did we really need a Op-ed or a book?,2
@user @user Something don’t seem right about this all year long massive shootings and talk about gun control makes me think the government is behind this crap,2
@user ACLU is insane. The antifa democrats are violent and should be declared a domestic terrorist group.,2
@user Shes so old that shes been pushing gun control since the Lincoln assassination.,2
A little appreciation post for my bestie because she’s a bad bitch and I’m thankful for her💗 @user,2
@user what happened to your kids ? how are they still alive? you are a backstabber and a fraud,2
@user @user @user Says the man who stands against sensible gun control. #hypocrite,2
Adam Schiff saying he is FOR releasing FISA info Just another in a long list of bureaucratic hacks that need to be purged from DC! @user please keep doing what your doing to expose these frauds and hypocrites!! #MAGA #KAG2020  #QAnon  #WINNING #WWG1WGA,2
@user Fast and furious criminal should be behind bars.,2
@user He is so lame outside the cage. Killer in the cage,2
@user Just plain stupid she thinks she’s being clever but come the next GE the public will make the Tories pay by casting them into the political dustbin for yrs to come see how smug she is then,2
@user He should be removed with the rest of the islamic invaders.,2
@user @user He will lose his entire career?? You people are despicable. I know you do not believe in god but hell will be filled with liberals like you and Dianne,2
@user @user Beware of rightist false flags like the narrative of the OK sign being a white nationalist dog whistle. It's not. #TheResistance  #Resist #BashTheFash #Antifa #SmashFascism,2
6 people are dead after shooting spree in California @user                     @user so those thoughts &amp; prayers are working good for gun control,2
@user @user @user We all know it’s not even close to bribery. She’s using that term to defend her disgusting and disgraceful decision to vote with her party over the American people. I have to wonder how much she is getting paid for the yes vote.,2
@user @user make yourself useful and  go bury your head in the sand.,2
@user LMBO! She's like Pelosi. She thinks she important because she is a female. She is a destriment to society and Real Women!,2
@user You niggas spend on us and we get used to it. I hate to admit it but half the things my boyfriend does for me I can’t do for myself 😂😂😂,2
@user amenadiel's were my favorite. the massive triangle shape... the actor being hot.... the big connection spots.... kisses my fingertips,2
"@user Evidently they don't care that their study"""" is flawed from the start. They just parrot the misleading info from Everytown &amp; all the other leftist gun control addicts/sites.""""",2
"@user You might as well go to your Walmart cashier to get info on nuclear fusion as go to nbc for gun info. With the crap the media feeds these empty brains it's no wonder we have gun control cultists and universal background checks"""" #GunSense #GunControlNow #GunControl""""",2
"@user @user @user @user @user I don't know about Soros, but I do know that some on the right"""" do use the actions of a few (Antifa) to play identity politics and claim all on the """"left"""" are violent - and that's not helpful for anyone, is it?""""",2
@user She is incredibly stupid and perhaps the reason why she was chosen to ‘entropy‘ the trade talks. Trudeau will destroy everything of reason in Canada. Would you allow a terrorist destroy Canada? Then why have Trudeau?,2
@user @user @user @user empty your mind and god shall speak. To you? Through you? If you are wise increase in abundance. But surely I'm a fool who has not seen the most powerful who has ascended? Or descended? How times are rare but his messages are absolute.,2
@user Can somebody please put him back in his coffin.,2
@user Where were these morons when the Groper Trudeau and his lying Liberals stomped all over our Charter with their Values Test? Where was Holt Renfrew’s favourite shopper Horwath? Premier Ford is trying to save taxpayers money! Maybe that’s what bugs Horwath??,2
#RoseanneBarr never hid her #Racism inexcusable but we know #Liberals sunk her because of #MuslimBrotherhood comment #Priorities #BlackLivesMatter we must #Unite to end #Racism. #RoseanneBarr has been an open #Racist for decades. 100 inexcusable. #PCLiberals #WakeUP end #Racism,2
@user @user Maybe consider this instead Theresa May isn’t real name. She’s Annette Johnson a Mediterranean and the conservatives are now a terrorist org. Sod chequers 🙉😇⭐️🌈⭐️,2
@user is the brainchild of @user - He is playing dirty against @user and Jen is using her ill gotten money against @user Mailer linking Nixon to anti-Semitism was approved by top Cuomo aides,2
@user What was an abuse of power was all the crap you and the Hussein gang pulled off.  Your big contribution was the Fast and Furious caper to bring in gun control in strict contravention of the 2nd amendment.  But don’t worry.  Justice is coming for you and Barry’s band of outlaws.,2
@user Aye nigga👀,2
@user @user @user How the fuck can he detect an attitude through a text bubble?,2
@user Holy fuck I’m so sorry someone violated your trust like that,2
@user @user @user Please can I have some of whatever it is you’ve been smoking?  Thats some top quality shit you’re coming out with.,2
@user by which point the fuckingclass was nearly over... lol!,2
@user What the earthy fuck is RACKET ABUSE??????  A fake-ass penalty. Have you ever put down the donuts and watched a men's match??????,2
@user Goodell is one of the worst things that has ever been unleashed on Pro Sports.  Useless!!!,2
@user A hypocritical stance.,2
@user Hope they bankrupt soon,2
@user @user If Brookee Baldwin and Erin Burnett start showing cleavage to their Boobies CNN just might.,2
@user Booo.  Hooo hoo  who raised these spoiled brats ?,2
@user Internet sucks sometime,2
@user !maybe she was fucking hungry!!! No one knows what kind of home life she has! My goodness  she is a child and this officer could have handled this better. Sorry he needs to be fired,2
@user @user I have a better idea                      Mr Guterriz or whatever his name is should resign &amp; go THE HELL back to wherever the hell his people came from for the sake of this country!!!!!!,2
@user We have the real facts......you suck pussy grabber MOTHER Fucker,2
@user @user @user I'd point out he is an Australian and we don't have free speech like in the US. And we do have hate speech laws which people have been convicted under. This is skirts it enough to hint and point out but room to deny.,2
@user I think she is the one mad.  She didnt like being called out so she is trying to make them bully me. 😆,2
@user @user @user @user @user Oh it’s ok because 45 reversed the most important issue on mental health he got rid of the mental health conditions on gun control. Great job! What a guy! He is a liar proven over &amp; over again. But you worship away that’s your right,2
@user @user Well she's half right... she is shit,2
@user @user @user @user @user @user @user @user @user @user @user @user @user @user @user @user @user @user @user @user @user Ya too bad the democrats had to bring back nazi tactics and nazi brown shirts in the form on antifa,2
@user Hollywood is full of demonic democrats.,2
@user was she physically threatening the boys or us? was she completely slandering their name? no she wasnt. im honestly not for her saying that shit ya of course. like ya she said it and fucked up. but at least she owned up to it and apologized. but death threats is way out of line.,2
@user Just keep saying FAST and FURIOUS! Holder the man that planned gun control by handing out weapons to criminal cartels... Sounds like a great guy to run a justice department because he will work with ANYONE including criminals to fill his OWN AGENDA instead of that of the people!,2
@user @user @user Don't know who he is and don't really care.... Some rich dude that probably hates our President and our country...,2
@user Fuckin great brother. I just laughed like a little girl. “Grab your balls” stay in the trade,2
"@user And, he proved that all the gun Control"""" LAWS doesn't stop anyone willing to break the LAW. He could have just as easily shot a colleague or student.  Or, several.  LAX enforcement of existing LAWS and Criminal Minds ignoring laws are the REAL problem.  But, DemocRats know that.""""",2
@user please don’t make the same mistake with #Kavanaugh! He is a perjurer who is also a Trump lackey. #VoteNoOnKavanaugh,2
"#LibDemConf shows me that @user are absolutely void of constructive ideas for the myriad problems the UK faces, and begging @user and @user moderates"""" isn't the answer. Thatcher was right, the parrot is dead.""""",2
@user This all I get 😢 damn these haters deleting you IG for no reason...,2
@user This whole thing has been a sham from the start!,2
#Liberals + #Conservatives= #neoliberalism &amp; #Globalization &amp; all of its Discontents: #PPP-#CorporateWelfare-Dilution of #Constitutional Rights/Freedoms &amp; #Justice-#SocioPoliEconFinancial #Corruption &amp; PARTICRATIC #Collusion of #cdnpoli/ticians for 1%ers!,2
@user He's got his wee fake tap fae Turkey on to prove how loyal he is.,2
"@user Conservatives, if you are not a gun"""" person, I believe you need to become one. If these Nov. elections don't go well for the Dishonest Dems, I think the violence will get worse. All Conservatives will need to be able to defend themselves and their loved ones.""""",2
@user Flat out clown....bottom  Line is that you're out and America is back!!  you were a sellout to the country ...look in the mirror who's the 8 year old..,2
@user He orchestrated/provoked it so that he could cry that he was the victim of a yet another conspiracy...He’s such desperate weirdo.,2
@user She is so fake,2
@user Yea Jeff should go. Antifa is a terrorist organization,2
@user @user Racist all she is. My god less then 10% of population and cry 😿 more then other 90 put together. Trump doing a great job just cause he got white skin ya don't need hate on him over and over and over,2
@user you are some basic white girl who clearly didn’t know any of them personally and it’s awful what has happened to Mac so why don’t you pay respect to that instead of being disgusting and blaming another innocent human in something that has nothing to do with them.,2
@user Because only the unhinged liberals that are scared they won't be able to murder their babies are demanding this. The other normal rational people with common sense can see this is just a fake accusation to stall.,2
@user @user Omg no. You have no idea wtf you are saying. It’s like a pink sheet stock that keeps reverse splitting. Will eventually be worthless to everyone. But hey may keep dreaming. We all need dreams.,2
@user Yes bitch 😭😭😭😭,2
@user ...with his stubby little arm.,2
@user He really needs to go. Talks out of both sides of his mouth. Kiss ass !,2
"3/ you simply gloss right over the silly emotional female, and her nothing problem. Then you delete this as you realize how horrible it is, (or perhaps someone told you), but somehow it is the fault of the liberals,"""" who might misinterpret what you wrote in plain English.""""",2
@user Go away,2
@user That’s really insulting because there are a lot of Latinos like me and there are a lot black conservatives who believe in God. We are not crackheads nor are we uneducated. These celebrities are garbage who know only how to read from a script that’s all.,2
@user It’s because you are evil!!,2
"@user @user Hey @user the only men"""" not doing the right thing are #liberals and #Democrats:  @user @user @user  Rapists, abusers and criminals.  So you can kiss my white a$$",2
@user It appears to be paired with a WOO-HOO so he must think he is on his way to a brothel.,2
@user what the actual fuck..ill report them this is so fucked up,2
@user I loved her since victorious. She was my first girl crush but when I first heard The Way I became a hardcore stan.,2
@user For lying? How much is the DNC/Soros/Antifa paying her? How’s your Chinese spy doing?,2
@user you know Scott does not care about gun control. He has done nothing to help our children fight For gun valance stoppage in America. Vote to help our kids in school. Vote DEM. Trump lied to them with him .,2
@user Lmao I have it too. Shitty quality but I don’t mind it either. The lowlands one sounds better 👍🏻,2
@user @user @user @user @user @user @user @user @user @user @user @user @user @user @user @user @user @user @user @user Jaws V: When Jaws Jaws Back - Starring Kurt Chiselchest and Lorna Buxom  Whud I win?  It better not be one of them laser swords...Jess will b jealous.,2
@user @user Oh WOW! You look like a 1980's Porn Star #loveit,2
@user @user You defending sex offenders shows you for who you are.  I don't waste my time with your types,2
@user #AskAlly Please tell me something what should i do to help my mom when she is at home with a broken leg cause she's in Hospital now with a broken leg 😭😭😭😭,2
@user @user He is a total phony.,2
@user Smack the shit outta her 😂😂,2
@user @user WHY ! DO the gun control people believe legal owners are not following current laws ? You fools. It is about making the citizens of the USA defenseless.,2
@user I FUCKING love this!!!! so so true.  and actually it’s in those types of jobs you will learn the most,2
@user You are a cheater casey!,2
@user You are a bad ass! Keep fighting for us 💕,2
@user UNTIL ITS YOUR ASS IN THE HOT SEAT  #WalkAway #WWG1WGA #PizzaGate #QAnon #Hivites #MAGA #EagleOneToWanta @user @user  .,2
@user Holy shit thank you so much. Up until the Mine craft I that that because it wasn't on TV anymore that it had ended. I was very very wrong.,2
"@user @user Climate change is a myth. Gun control is unconstitutional. Gestapo?"""" What a stupid thing to say. They are upholding laws that have been on the books since 1996. Dumbasses""""",2
@user Croatian President's bikini photos worlds hottest president ever,2
@user John Podesta is a spirit cooking pedo. Here's a photo of him and Valerie Jarrett in a rather compromising situation.  #MAGA #qanon #DrainTheDeepState #DrainTheSwamp,2
@user @user @user That head flick at 0:05 is her ego taking a hit. She cannot take criticism. She is a weak incompetent authoritarian.,2
@user And it’s always during active play! Sit your butt down people!,2
A bitch just be minding her business 💁🏽😂,2
@user Hmmm it’s almost like gun control laws don’t work. Which means that there must be something more than guns that are the problem.....,2
@user @user @user @user @user Chicago has strict gun control laws but the highest gun violence rate Detroit was owened by Unions and is now bankrupt Cali has the second highest welfare rate and is now the homeless capital of the developed world.,2
@user Absolutely NFW.,2
@user @user Forget that @user called @user a con man and a KKK supporter...she actually voted  for @user Doesn't that sum up how truly unqualified she is for Florida,2
@user But Tinubu is supporting this monster against us. The biggest Yoruba traitor of the modern days Yoruba politics is Tinubu!,2
@user @user @user @user You lied you don’t know about the Mulford Act.,2
@user yo why won’t you let me post a link fam... does it offend you? You little salty spittoon... you literally allow porn such as @user but you don’t allow federal shit... #censorship #ConfirmKavanaugh #ConfirmKavenaugh #maga,2
@user She is an ALEC puppet. If they don’t move the string on her back that works her mouth then she does nothing.,2
@user He is dead so um irrelevant &amp; he was murdered.,2
@user Eric Holder should be in PRISON !!,2
@user whats wrong with dead #antifa?  I don't understand I thought the only good antifa was....,2
@user @user It makes my skin crawl just looking at this woman - Theresa May is a liability to our nation and @user and must be removed ASAP,2
@user The UNHINGED REPUBLICAN PARTY I have a question why do you want the wall and not gun control in America  when a illegal immigrant does something the UNHINGED REPUBLICAN PARTY talk about the wall but when a school shooting happens the UNHINGED REPUBLICAN PARTY is mute,2
@user @user @user @user @user @user You must be talking about hateful conservatives.,2
@user iNDEED her @ is danikaharrod go follow her because she is the cutest and shitposts from tdp sometimes jhdsfhjsg,2
@user So much ass tho,2
#HanoiJane Fonda Campaigns for Gun Control Measure; Will it Backfire? -   Liberty Park Press,2
@user @user @user @user @user BS.  No we don't support gun control.  We support #2A that says SHALL NOT BE INFRINGED.  Go read some history and find out why.  You are part of the reason.,2
@user I was informed that your process takes up to 10 business days to transfer credit from an expired Myki card to an active cards - WTF!!!??? 🤪  Do you people use computers????? #whatajoke,2
@user @user Is the vulgar Antifa creep TRYING to look like a woman..or is it that he just can't HELP IT?,2
@user @user $10 says he/she is white. Any other white people notice how many shitty white people there are or am I the only one who sees this?,2
@user Then HAUL YOUR FAT ASS IN HARMS WAY YOU DRUGGIE!!!,2
@user BULL CRAP!,2
@user Then your gonna get bitten,2
@user Im not saying he is worse. I have no clue tbh I'm js that shits gonna be terrible if thats the case. TL gonna explode,2
@user @user @user Over 7 years ....it’s pathetic.,2
@user EVERYTHING is an issue with Muslims..go live in another country like Iran..,2
@user @user @user @user @user She can’t remember when it happened she can’t remember where it happened she can’t remember how she got there. She is a liar and a feminazi who will go to any lengths to smear this man. She is a LIAR.,2
@user @user @user @user @user @user She is too busy patting her hair to realize her Tweets are comical but in a stupid kind of way.,2
@user Amazing how the POPE is afraid of the truth,2
@user Dont believe the hype.,2
@user I know!! So upsetting 😭😂,2
@user We shouldn’t be surprised. These same pigs worked with neonazis to unmask antifa protestors. And the local coverage by shit journos like @user didn’t cover that AT ALL. We had to rely on @user for investigative coverage,2
@user @user @user @user ☝️ this is why Conservatives and law abiding citizens don't come to the table about gun control. It not about lunatics like this guy that should no longer own weapons. Its about removing all guns slowly but surely from everyone regardless of who they are.,2
@user @user California gun control is direct result of white people scared of Black Panthers using their right to bear arms. NRA had no problem with that gun control!,2
@user hey bitch daily reminder that i love you,2
@user Why you ruin shit lol,2
@user fuck yeah !,2
@user Niggas say anything,2
@user Doubt he is losing much sleep over it. The guy has been a busted flush for 30 years,2
@user @user This was a poor comparison. Jay Z literally said he fucked nas' baby mom and left the condom on his daughters baby seat. Cardi and nicki are fighting for what?,2
@user Like if you didn’t get fired from ESPN,2
@user @user @user @user @user @user @user 😂😂😂😂😂😂 yeah. Peaceful because the right ..Well..know they're right. No counter protests. Unlike fascist Antifa. As for 7k .. who counted? Dianne Abbott???,2
@user This Russian agent is a DISGRACE. Hey old creep @user you are going to die in prison. You and Trump sold America to the Russians and it’s time you do the time for your years of crimes. Scumbag.,2
@user same shit lmaaaaoooo. i was just making sure!,2
@user @user @user @user @user @user @user @user @user @user yep bc not agreeing with forcing adult memes and choices on individuals not developed enough to comprehend them means I am homophobic,2
"Trumpism"""" is going so well you along with all your liberal friends felt the need to try to trash it! People aren't stupid as you suppose. #RedWaveRising  #MAGA &amp; #KAG2018",2
@user A quick way to get yourself killed.  Thanks Antifa!,2
@user Red Flags: She’s a “professor” at a liberal school and she’s “unable to have healthy relationships with men”. Translation: She’s an Antifa Dyke out to stop a Conservative Judge and President Trump even if she has to lie.,2
@user @user Only if you want a murder charge. Stealing guns is already a felony. Shooting someone with their own gun is life in prison at best. There is just no way this ends well for whoever tries this. I honestly think this is a troll made by 4chan to get stupid antifa members shot/jailed.,2
@user Mmmhm I heard you from down the street gave me a few extra seconds to get my shit together😂,2
@user Kerry is so full of shit he is undermining things and he knows it! The Iran debacle is his baby and he wants to keep it no matter what it costs!!!!!!!!,2
@user Oakland line sucks,2
@user @user He is an embarrassment,2
"@user Comparing a date"""" to rape is disgusting. I hope your family never has to deal with rape. You are a disgusting POS.""""",2
@user I muted her awhile ago when she tried to say some shit like that 6ix9ine was doing positive work for Mexican rap like he isn’t some kind of pedo garbage.,2
@user GUN CONTROL WILL NOT STOP GUN VIOLENCE  !!!,2
@user Does anyone care what that dirtbag says???,2
@user @user @user Almost every one I talked to at work today said fuck canelo. He is the new mayweather,2
@user @user @user Typically liberals jump to conclusions.....they dont believe in due process or innocent until proven guilty.....they are the most ANTI AMERICAN bunch,2
@user @user Even her brother thinks she is a monster:,2
@user I found out today that Jesus isn’t white and so now I can’t go to church on Sunday AND I can’t watch football damn Obama liberals,2
@user And I’ll argue all fucking day long because IM  💯  % RIGHT!!!!,2
@user So do a lot of pedophiles from the catholic church,2
@user @user Obama done nothing fix the problem while in office?  Now going about telling stories. Trump have being able to restore hope on gun control,2
@user @user He is a disgrace he needs to resign or the citizens of Maricopa County need to start a recall.  If he FUBAR’s the General Election that should be it. No waiting until 2020.,2
@user She's an Osuite...so she is deregionised.,2
@user @user The more Antifa BS average Americans see in the news the more repulsed they are by their antics.,2
6. She's a fucking icon. a legend. a genius. THAT BITCH.   SHE IS QUEEN.  👑👑👑👑 @user #NickiDaGOAT,2
@user Bullshit! People died because of an incompetent Puerto Rican government officials. That’s already been exposed dumb ass but good try.,2
@user You are a bloody demon you don’t need to summons one,2
"@user @user (1) Ok lets play this game. Which side"""" is openly advocating for the persecution of a race &amp; promoting segregation? Which is supporting a militant group very similar to Hitlers brown shirts (Antifa)? Which is calling for gun control (even wanted armbands)?""""",2
@user @user Mental case for sure,2
@user  State Sponsored Kids Protesting the 2nd Amendment?  Youth invasion of D.C. took place as young fascists-in-training were corralled into D.C. to demand that govt strip away the liberties of all in the name of gun control   ',2
@user poor triggered snowflake. #MAGA,2
@user She is a liar !  Doesn’t even remember all !  Says it right there !,2
"@user @user Funny how on top of things"""" you are trying to show you are when its white republicans in the path of the storm. An entire Island was just left to fend for its self for 13 days before help arrived.  Trump is a FAKE PRESIDENT""""",2
@user josh as slave leia,2
@user @user I am talking about your comment that Nick was a fascist...   Brittany means nothing to me.   So like I said are you Antifa?,2
@user HOW COME LIBERALS DONT QUESTION This ?,2
@user It sure it here. Those other photos of her were from decades ago. She is a complete Liberal Antifa. She can not be trusted. I don't believe her. Not a whit.,2
@user And they have some of the strictest gun control laws in the country? As the saying goes if you ban guns only criminals will have them! Seems to be proving here go get them Chicago.,2
@user I lived through the era where conservatives literally tried to argue that gay rights would cause the collapse of Western Civilization. No exaggeration.  They used he fall of Rome as their example somehow.  They now want to pretend that they didn’t vilify us.  Ugh.,2
@user Eric Holder a major embarrassment  to law enforcement. @user you did nothing about those innocent black males killed in those streets. One sorry black brother.,2
1. If your company does it - your company sucks. 2. If you don't know how to bypass beat it - you are a sucking cuck :D,2
@user I don’t care how good a player he is if I owned his club I’d suspend him for a year make him train with the youngsters to tell them what bad looks like set the example,2
@user henry is so fucking great and was def my #sickkidsinlove inspo and i love him and his death is a PROBLEM,2
@user Even if the devil did make every single one of those priests rape children... Why does the pope refuse to condemn it? Why didn't he remove from leadership the rapist brought to him?,2
@user Flake is a perfect name for this weirdo!,2
"@user Good liberals will allow a rapist"""" to continue serving on a federal district court while his victim continues to suffer?    But...you said....you said....""""",2
@user He is too bitchy...  And you?! I ask a question and you dont respond    Why would this be 1 way street?,2
@user @user END of Story.   Where is the lying Liberals Witness 🤔,2
@user Who the fuck are you?,2
6 more white boys standing up for you every day Ms. .@USER  I think the poster adds speshul emphasis. Don’t you?  #MAGA #WWG1WGA,2
@user A Democrat tried to stab a Republican congressman-a Democrat shot congressman Scalise and tried to kill everybody around him-Democrats are beating up Republicans and denying them the right to speak-we know who the Democrats are and they are not Americans,2
Anything will Help.  Thank you #Patriots #Maga and if you dont hear from me thanking any who help and share its bc im about to loose signal out here in the rain and batt will die so I gotta get to a place to plug in. Thanks again folks and God Bless,2
@user Liberals have the numbers and money. Conservatives would get smoked. Kansas alone gets beat inside of 2 hours.,2
@user @user @user @user time for MAGA to flip it! 🤗,2
@user Again she is the GOAT at HER SPORT but of all athletes ever? Absolutely not,2
@user I have to be a smart ass some way 🤷🏻‍♂️😂,2
@user @user Awww 😥😥😥 CUPCAKES SUCK IT UP. SHE LOST😡😡😡😡 GET OVER IT 😡😡😡,2
@user @user I'll go to the original argument that people shouldn't blanket everyone together.   Terrorists = all Muslims  Alt-Right = all conservatives  Both of these are equally dumb. Requiring specific groups to denounce their fringes means that the general populace can't differentiate.,2
@user @user @user @user  UK Polititians are a special breed of FILTH!  They get together and vote that their Expense and Sex Crimes (paedophilia) remain secret and then declare child abuse documents remain secret due to  National Security  Nothing to do with National Security,2
"@user @user @user You are full of shit Sweetie""""""""",2
@user Have you ever seen the former Democratic hierarchy fight against the president so much??? We know it’s because you’ve been so corrupt and guilty of abuse of power. It’s our darkest times with the DOJ/CIA and Presidential cabinet,2
@user Thats is not what i was saying.. read my other tweet to you.  I never said that.. you sir are putting words in my mouth!  liberals really are just assholes.. cant have a civil discussion!,2
@user TICK TOCK SWAMP !! YOUR GOING TO JAIL VERY SOON !! #MAGA,2
@user and @user @user  @user is inciting VIOLENCE towards Trump supporters on lists to be targeted by ANTIFA.,2
@user @user @user May be you have forgotten that at the moment we are EU citizens and so all rights afforded to us are the same as for other EU citizens. Don’t believe all the shit that goes on in your head.,2
@user @user America is being destroyed by our President.. he is a cancer to democracy. That is what is sad,2
@user You are dead to me!,2
@user @user @user Isis apparently obama let them run the world. Getting nuked by korea? BLM destroying cities. Antifa?,2
@user One could say that she is the one coward. She could probably end this charade but continues to sabotage our country with her silence. Plus she’s a sad over facelifted former soft porn model.,2
@user @user I’ve proven that gun control leads to lower gun deaths. You’ve chosen to ignore it and accuse the study of being falsified without any proof. Do you have any proof they used 5 states as you mentioned? Or are you going to continue to ignore me asking for clarification?,2
@user Still remember this show... sucks man 😞,2
@user U a bad bitch now lol,2
"@user @user @user @user @user @user @user This women is a vile example of the far left lunacy. She is using the Alinsky, Rules for Radicals Handbook."""" No matter what u have to do, (lie,steal,use violence etc. )u must destroy the conservatives. They lack character &amp; have no moral code.""""",2
"@user @user Just because he is the elected president """", doesnt mean he has earned it. When he start serving the people of his country, then by all means.....it shall be well desrerved. When you serve thos who you have hiding in your pocket, give me a break. You can keep YOUR commander.""""",2
#MondayMorning #MondayMotivation #MondayMood #MondayThoughts Another #Republicans  / Trump swamp Lier !!   #MAGA #women #Christianity,2
@user Shorty's dad taught him eveything about   Pussygrabbing Sexual assault  #trump family time.  #maga girls have to stay silent.,2
@user Do you think she is afraid of pigs that are not the same colour as her? 😊,2
@user You will not win. Texas doesn’t need a liberal. Everything liberals touch turns to crap!!,2
@user Our President isn’t radicalizing anything! Your antifa/resist mobs are! That’s you gaslighting lol!  saul alinsky much? #WeThePeople #GreatAwakening,2
@user Holder is a real quality guy. Wouldn’t know the truth if it hit him in the face,2
@user @user @user Cops rarely got shot in countries with gun control,2
@user @user Liberals cannot imagine a circumstance where they are forced to defend themselves or their family from violence.  They imagine such an eventuality to be beyond the realm of possibility and they foolishly believe that the police will arrive quickly enough to save them.,2
@user He has no social graces. That is why he was shunned by NY proper everyone knows he's white trash with a little money.   He does not know how to act and makes everything about him. Always. He is just a Me ME Me  POS that is an embarrassment to the USA.,2
Alert: Candace Owens Was Just Attacked By Antifa,2
@user she is hungery,2
@user @user #Westminster @user #Tories @user @user @user @user Absolutely pathetic #appeasement 😠😠😠,2
@user bakkt is doing what an ETF would have done... they are just not calling it an etf. FUKEN CUUUUUKS,2
@user @user @user @user @user No we don’t! There has been videos of Trump supporters blocking kkk and sending them away! We don’t accept racism. He said “There are fine people on both sides”. That includes antifa but go ahead and pick and choose your information.,2
"@user But still, i'm not even really trying to shit on Em. I just wanna know why everyone is saying he murdered"""" MGK when the song was terrible. That's all. I absolutely get preferring Em, he is, and is gonna go down as the more successful artist. I just don't know how he killed him.""""",2
@user Wrong 99 percent of the time she is in a bed or laying down suntanning all summer long she is bland like a dry piece of toast! ... carry on #BB20,2
@user @user @user @user To be fair. I’m positive most liberals are just blobs of cells..,2
@user @user @user No. But I am. You are hilarious. Not in a good way.,2
Confirm the MAN! THE LEFT WING ACTIVIST IS A LIAR WHO'S STORY CHANGES! NO HARD EVIDENCE! #ChristineBlaseyFord Innocent until proven guilty! #ConfirmKavanaugh  #MAGA  @user  #WeakRinos #Republicans,2
@user Then I see like this and lust over the girl with the long blond hair and the bare midriff and micro-mini and realize she is now 48 years older and could be a great grandmother today! 😱 People wonder why I love legs until I show them what I grew up with.,2
@user You are missing brains?,2
"@user @user @user Yeah! Liberals are all Look at me! I'm a victim just because a man held me down, covered my mouth and tried to rip my clothes off to rape me. Boo hoo. And his friend turned up the music too loud to cover up my screams and it hurt my widdle ears""""  Get over it already, amiright?""""",2
Same here but the more he talks the dumber he looks WWGIWGA MAGA,2
@user @user Love this woman Telling the truth every day WHY do conservatives have to point out the obvious.Are people really that stupid,2
@user But he is still fucked up for not respecting LGBTQ,2
@user Lmao fuck u bae,2
@user She is disgusting for doing this!,2
@user @user @user You two are nothing but attention seeking whores. Start talking about real issues such as racial injustice sensible gun control prison reform and other issues that important,2
@user @user Betty I think women have been handed a character assassination  bomb to destroy MEN by the liberals and the FEMINISTS. I would hate to know these women represent  ME. WHY WAIT ALL THESE YEARS TO REPORT...,2
@user @user @user Shit up,2
@user Carrey is looking more like a tranny every day ?!,2
@user @user @user @user You are a Liberal who doesn't even live in FL.,2
@user @user Little ass boy🐒,2
@user Do really even care what comes out the his foolish and annoying mouth? Go home David and let the adults #MAGA,2
"@user Twitter has a clear leftist agenda as seen in all the comments from conservatives asking, why is this leftist shit in my feed?"""" We didn't ask for it. We don't want it. Stop trying to push it on us.""""",2
@user What What In The Butt,2
@user @user And this isn’t considered hate speech for the liberals.  If a republican said that about democrats the MSM would be raising 10 kinds of Hell   The hypocrisy is to be expected now,2
@user If he’d just said “give me a lawyer asshole” they’d have given him Dershowitz.,2
@user @user Thats silly when the 90s cartoons made him popular as fuck,2
*screams @ own ass* im not gay you are,2
@user We are “Casually fucked”,2
@user @user @user @user @user @user The Q is a photoshop.  QAnon is for real though.  Silly liberals tricks are for kids!,2
@user You do realize how ridiculously radical all these tweets sound right. Who are you trying to mobilize antifa?,2
4.5 million kids in poverty a screwed up Universal Credit system  Brexitshambles an Economy teetering on the brink  ...the list is endless and the common factor &gt; @user building a country fit for nothing,2
@user Goodell is the worst commissioner of any sport from any time in history,2
"@user @user @user Those VG/HC stickers I see on trucks--exclusively trucks, never cars--seem like asshole indicators. I can't say for sure because I've never actually spoken to someone who's like Yes, hockey should involve more punching people"""" but.... yeah it seems bad""""",2
@user You are the worst,2
Don't these PIGS have a job? Don't these SLOBS have a life?  Where is there outrage against  bill clinton keith ellison harvey weinstein THESE PROTESTERS ARE  HYPOCRITES! #MAGA,2
@user Not sure. Just woke up wanting to fuck some chuds up  Might be the antifa super soldier serum or something idk,2
@user to quit sex?,2
@user @user Latino Conservatives=Self-Hating Freaks,2
GOP VOTERS BETTER WAKE THE HELL UP!!!!!  #RNC poll finds #GOP voters aren't worried about midterms. That's bad via @user #MAGA  #TuesdayThoughts,2
@user @user Things had Become Easy For  Liberals During The Obama Administration (Liberals are Screaming: DAMN TRUTH I mean TRUMP)!,2
@user Just because his best stats season was at 34 doesn’t mean he’s the greatest pl midfielder 🤣 fuck off,2
@user Liberals that think the world owes them a living.,2
People leaving racist comments on my posts will be instantly blocked. There are low follow accounts posting this crap and I think they are trying to make #MAGA look bad  If you are racist in any way feel free to block me because I think you're an ignorant POS,2
@user It isn't so much that liberals are ignorant. It's just that they know so many things that aren't so.”  ― Ronald Reagan,2
@user this girl called herself tryna call me ugly. i had to show her how ugly she is.,2
@user @user @user @user @user Except the 'consumers' (people) don't want the NHS privatised; they want it in public hands because it's an essential public service and not a capitalist market.  Do you think everyone in this country is stupid?,2
@user Thank you ! Yes he is so sick 😭,2
@user WHO FUCKING CARES?!?  He was IN HIS HOME  Some armed cop invaded his home and killed him  She is guilty.  End. Of. Story.,2
@user @user @user @user @user @user @user That’s a blatant lie. ANTIFA is the worse hate group. Look at what they did at Berkeley university in California. They nearly destroyed it over a guy they disagreed with. It wasn’t the KKK OR WHITE SUPREMACY. They are shutting down free speech,2
@user Like if alt right dudes were born in Berkeley they'd be antifa,2
Adulting is knowing who fucked cut off in your future plans.....,2
"@user @user She says she is deeply religious"""" ... she did not say """"which"""" religion  ... satanists are very religious  ... Peace""""",2
@user @user I love women like you. We believe all women. Excluding one woman. Soon-Yi is 48 years old. She is an adult. But such a reaction is very significant. It means hypocrisy.,2
@user Fat ass liar strikes again. #NeverForget,2
@user NANSBABH BITCH STFU,2
@user Fake Queen!,2
@user Awh shit.,2
@user because he made guys dumb as SHIT,2
@user That asshole has so much nerve. Unreal.,2
@user @user I dimly remember an Econ theory that might apply to Chicago. What was it?  “Guns and butt-hurt?”,2
@user @user steroids and pills mixed in with their alcohol that is a little bit of a BIG NIGHTMARE or bad dream right there... ANTI-SUICIDE LAWS and gun control LICENSE FOR EACH GUN PLEASE walks into a cop station,2
@user @user You nailed that ass,2
@user @user All 20 of them!  Hardly a problem until the Antifa of hundreds showed up .... for what!   To riot and destroy!!!,2
@user He spelled Big Dick wrong.,2
@user After listening to your well thought out arguments on gun control I would like to respond to your key points with my counter argument.  I DON'T LIKE YOUR GASSES.,2
@user @user @user The bigger problem is liberal gun control nuts that want open borders to try and ‘cleanse’ a society from established cultures. Then create a ruling class or a communist structure that has been proven to fail. England is now a Muslim breeding ground. Shameful,2
@user LOOK UP #Kavanaugh  STOP THIS SHIT!. #MAGA,2
@user @user @user @user @user @user @user @user @user @user I met Mark. And he is amazing. He is just as sassy in real life as in the show.,2
@user @user @user @user @user @user @user Louis Farrakahn called. He said you are doing a great job of parroting his ideas. (Means you do not have an original thought and that you are actually the puppet here).,2
@user @user @user @user @user This is the violent liberal ANTIFA party! NOW they try to convince us they they have a heart?  And some woman is knocking our men.  There's go around with KKK hoods beating up strangers &amp; wrecking our towns. Most violent corrupt party ever.,2
@user @user That’s how immature she is not to mention no class at all O!! Not even a dime,2
@user You are a coward and really have no right to be AG. You are a disappointment. Your days are numbered and so his your party.,2
@user @user  Trump does not understand his job? Trump will go down as the most successful and Obama and his entire admin as most corrupt,2
"#PeoplesVote  #StopBrexit  @user  #remain  I don't want to go.. either, You know what, After we leave, My slogans going to be It used to be better than this"""" should have stayed in. Useless goverment.",2
The only thing the Democrats have is lying and stalling to stop Trump from being #President.  What have they done for you lately. #Trump #Kavanaugh #MAGA #DEMSUCK,2
@user Nigga you are about to lose,2
@user Me estoy fucking alterando,2
@user @user speaks in nothing but dog whistles. Who does she think she is fooling?,2
@user Holy shit- how brainwashed can ya be?,2
@user @user @user SHIT I'M SAD!!! 😣,2
@user They're all Democrats right?   They're not hiding it anymore! #FakeJournalists  #FakeNews  #NoHonor #MAGA,2
@user @user @user And they did. PR is a shit hole run by corrupt Liberals. It was DESTROYED and it will take years and years and years to rebuild.,2
@user  Good- that soundtrack you DMed me with was fire as fuck and I still listen to it often💪🏽 Bad- My tracks are better😭 (joking I’m shit),2
@user @user #Privilege Lane🤔 #MAGA Blvd🤔 Good Ole Days Avenue🤔,2
@user Hopefully your obesity catches up with you by then,2
@user @user Calling conservatives hillbillies...hmmm that’s original. Funny how many “poor hillbillies” you tweet about have incomes and IQ’s 4 times higher than you. Your humour sucks btw.,2
@user @user It's hilarious that liberals think there's an equivalency between using Senate rules to keep a nominee from being voted on and bringing someone out to accuse a nominee of sexual assault 35 years ago. Once again just showing how sane you are,2
#WednesdayWisdom Obama appointed liberal Judges tired of looking stupid smacks California law down on gun control #2A,2
@user @user There should be a serious FBI investigation into this woman’s motives behind this political hit job. This kind of shit is NEVER done to anyone other than conservatives. Such bullshit.,2
@user @user @user and u know what u trash too for being more worried about blaming and shitting on ariana for a death she’s not responsible instead of mac.,2
@user I’ve been asking myself the same question and it’s because he is such a phony. If He is such a fan of cleveland why is and he still playing for the Cavaliers the POS. He’s trying to save face with the Fanbase and it’s so obvious that is his fakeness! But stupid people will buy in,2
@user Vote Cruz!!! Beto is part of the Deep State that will turn control back over to the corrupted liberals!!!!,2
@user I second this they’re fucking nuts,2
@user @user The liberals can never handle the truth...the truth will make their heads 💥💥💥💥,2
// Rean's Arcane Gale is broken. If he is gonna be able to use that from scratch in Sen IV ( because of his demon form) it's gonna be cool  using it in every battle!,2
"#Kavanaugh can't back out of nomination. He couldn't go back to #DCCircuit w/no repercussions. This charge will follow him. When Dems take back Congress, they WILL launch investigations. Conservatives who lie to get Judgeships will be impeached for high Crimes &amp; Misdemeanors""""""""",2
@user @user @user 😂🤣 it’s funny how liberals use terms like “snowflake” and “triggered” bc that is exactly the terms that were originally used by conservatives to describe liberals on Election Day! I still lmao I’ve never seen a grown he-she before screen bloody murder over a new potus 😂😂,2
@user re Ford when she was 15 where were her parents. Are liberals/corrupt politicians All going collude with people to come up with stories from Years ago that can't be proved.  And to the Senator from Hawaii she's the reason women have a hard time. Life ain't easy.,2
@user This is so entertaining. Nobody has thought about Montel in years... and you are picking a fight with him. This is incredible. Such a feeble mind you have.,2
@user and it's funny as obama starting talking about gun control shootings started happening. Correlation-definitely so.,2
"@user And the brainless #DEMS wants us to believe that he doesn't have the majority. Liberals is just like their leaders"""" the corrupts #Obama and #CrookedHillary both are real bad losers #MAGA #TRUMP""""",2
@user @user @user @user @user @user @user @user @user @user @user @user @user @user @user @user @user @user @user @user @user @user @user @user @user @user @user @user @user @user @user @user @user @user @user @user @user @user @user @user @user @user Yes kill em with kindness.  Let POTUS and the military/LEOs handle the violence. #NowWatching,2
@user Gross,2
"@user Hello, twin. Let ke correcting your typoness. Our group name is (G)I-DLE in case you are too lazy to use ()"""" or """"-"""" , you can use IDLE instead 😉""""",2
@user But she’s OK with killing babies,2
@user @user One of the very first states in the US to legislatively legalize gay marriage. Extremely progressive gun control. Minimum wage increase. Free college. I know these things don’t count for dipshits like you. But they are major and they count.,2
@user @user @user @user @user you are indeed an ewu so I won't trade words with you. Anumanu.,2
"@user How's her GO FUND ME"""" page working, Kamala rama lama ding-dong?  I believe you, Anita, or is it Antifa? The left is off the rails, and heading downhill with a load full of crap. Keep drinking, and smoking your meds.""""",2
"@user Better Call Cruz"""" is as slimy a piece of the perverted former GOP and a prime example of why those used to be decent Republican Conservatives  need to  VOTE For BETO""""",2
@user #Foolish Why because some #idiots are doing whatever they can to sabotage him and @user  ? Liberals are acting completely immoral and have no respect for those millions of legal voters who voted for @user  #LetsGovern,2
@user Then resign. You have done NOTHING to check El Presidente. You are part of the swamp and hold NO Nebraska values! RESIGN,2
@user @user Leftists showing yet again how vile they can be,2
"@user There is no such thing as an Antifa warrior"""". They are all coward bitches. Marcus Smart is tougher than that by far""""",2
@user @user Just looked up his work History he is listed on the Board of Leading Age Services Aust (LASA) and comes from Medicare Local Alliance...what ever the hell that is,2
.@USER Liberals are steamrolling #TPP through Parliament without proper debate. Why are the Liberals hell-bent on killing Canadian manufacturing jobs? #cdnpoli,2
@user Liberals with their lies again.,2
"@user Authoritarianism is terrifying and destructive. Right now the Conservatives are authoritarian neo-liberals. Fascism is right wing, not left-wing. Centrist politics to privatise profit but burdening tax-payers with all the risks is a bad deal and why centrism"""" is unpopular.""""",2
@user @user Right!!! Politics has no place in anyone's reproductive organs OR their sex lives!!!!,2
@user @user @user She is really talking nonsense.. can she talk like this for Bible and Quran?,2
@user She is Evil!  How dare her.,2
@user He is toxic even for alligators,2
"WHY ... it's their trail of corruption ... and they have so much of it going on, and at all times, they don't want any slips"""" ... don't want American people to know who they really are AND WHAT THEY'VE BEEN UP TO ... #MAGA",2
You won’t hear it here!  Jobless claims lowest since 1969 (four years before you were born). DOW in record territory (how many times now since 1/17?). Got to be a pile of shit in this room of ponies (right @user at @user #MAGA,2
@user @user Not one of these “journalists” mentioned the arrest of the corrupt mayor yesterday. I guess they were busy not getting blown away in the wind,2
@user @user It's Bull Shit. We all know.,2
@user The guy is not even a white Romanian he is a gypsy!,2
@user @user CAREFUL now soyboy stickman. Your arms might fall clean off. Dweeb.,2
@user Disgusting.. pedophile,2
@user I'm hoping it's a joke. #antifa are morons and have no clue how many people carry backup guns. Their #disarmthem stunt will make them a lethal threat in most states. Do the math on what will happen. Silly #antifagoons,2
@user What they fail to realize is that if even 10% of Trump supporters decide to use force to protest like the lunatic left does now it will be like White Sleeves and Antifa soy boy. They really do not want to keep up this level of rhetoric.,2
@user Your so correct! Liberals r so easy to figure out! Make America great again  Get rid of All liberal Woman,2
@user Let her come to DC and testify by being safely surrounded by the DNC’s street army #Antifa and even let them wear those cute black masks. That way Americans can see the diversity of the Democrat party and how they protect their own. Good?,2
@user @user You have a dick? Damn didn’t know bhadbhabie was actually a bhadtranny,2
@user @user @user GOV Brown needs a class on #MAGA 101. Also need a swift kick in the pants for insulating @user .,2
@user Looks like ANTIFA thugs.,2
@user I know but look outside the box its like when Rush Limbaugh lost his shit. They remind me of each other so in my head its funny.,2
@user I love the way this pisses off liberals.,2
@user @user Why do liberals preach gun control but go and get stupid with guns?,2
@user @user Yes you are. you’re just too blind to realize it,2
@user He is kidding no one. His paper towel throwing stunt was seen around the world. He looked the ridiculous clown yet again. And we as a nation were scorned for the epic fail of a rescue mission to Puerto Rico.,2
@user @user @user You are neither authority nor arbiter. Have a seat.,2
54 concert goers massacred in Fort Worth with 9mm Ruger P89. The NRA calls gun control research 'unethical'.,2
@user @user Liberals ruin everything!,2
@user @user @user @user @user @user @user @user @user @user @user @user @user @user @user @user @user Retweet to the end of time. MAGA Trump2020 and beyond.,2
. My God. #TheEmmys  And the limousine liberals are sick disgusting animals with no brains.  .,2
@user Another elitist who is out of touch with the patriotic Americans!,2
@user I know a whole lotta people spitting a whole lot of bullshit right now idk if youll ever see this but I pray you feel no way responsible for what happened today. You have already been through so damn much. Just know that you are good you are great I love you.,2
@user Because you could not even begin to respond since you can’t speak in full sentences and your words are so limited,2
@user A Whore MAYOR stealing the money and funded by Dems to bash Potus. WTF is the country doing with a 1960's power grid? God knows theres enough $$ to replace it.,2
@user @user @user @user Shes a liberal all she has to do is disagree with you on one thing to determine that you are a terrible person. Remember liberals talk from their high horses of superior morality.,2
@user #StrataData #AI #data #hairball: @user TDavis touring the application of #Cognitive and #machinelearning techniques to speed #Governance of #data,2
@user How about just F*!k her @user she is an instigating big mouth bitc* &amp; so is her evil friend. @user MY OPINION!!! #teamtani,2
@user @user Good for her.....  thats some fine gun control. Double tap to an ass,2
A videographer who reported on the violence of Antifa was found dead due to a tragic car accident. Police now believe his death was no accident at all.  Welcome to the tolerant left.,2
@user @user Good god woman. Shut up. If you liberals really believed this @user would have spoke out against this the day she received the letter.,2
@user @user So glad you are an American! Americans don’t hate....liberals are the true party of hate!,2
@user @user This is purely a move to block a nomination. Liberals said early on they would not vote for him. This made up story is a slap in the face to all who were really sexually harassed. It shows liberals really don’t care about any true victims. Power first.,2
@user The only deep disgrace and abuse of rights is your existence in relativity.  Even the generation before mine knows who you are RAE.  Low life opportunist. Government over people. Suck a liberal dick you alt left Nazi!,2
So since Dems want stand on a soapbox over Kavanaugh exactly when  will you be addressing the sexual slush fund covering your backsides #MAGA,2
@user @user @user I think he is on crack!,2
@user @user Tell us Blue. While NPR knows this kid with zero experience was railroaded by that shit Mueller with the help of an actual CIA spy Halper.,2
@user Eric Holder......Globalist  Evil personified.,2
@user Destroy America is more the 24/7 chant from ALL democrats including Hillary.,2
@user @user @user There has to be a way where conservatives who look the other way and approve oF sexual assault and victim shame to endorse their political agenda and hatred are held accountable. Why don’t you sign your name so you can be held accountable for your lies,2
@user @user Agreed! It’s not gun control they want - it’s people control. Without guns we are helpless and they know it! Our founders knew this too  - #2A,2
@user Shooting in USA is so common no one is talking about gun control any more.,2
@user Feel sorry for the voters no good choice 🐷,2
@user Never had. Let's fuck it up.,2
@user @user @user As a kid of legal immigrants I can attest you are 100% correct. They follow the law to the letter in most cases because they worked so damn hard to get her legally they won’t do anything to risk their status. The illegals have contempt for our laws and pull the scams 24/7,2
@user It’d better be on Monday and who the hell are they to slow walk this and dictate terms? #MAGA,2
@user 2 battering rams used by liberals; sex &amp; racism. It is sinister &amp; desperate #BeneathHumanity,2
"@user It's really slowing me down. I wanna ask if I could just bring in my personal mac and use that as my work computer but I don't wanna seem like that apple snob"""" but I'm over here shook.""""",2
"@user @user Hillary was blaming women not too long ago.  Better hope the Uneducated"""" don't show up to vote again.    “It isn't so much that liberals are ignorant. It's just that they know so many things that aren't so.”""""",2
@user K. Dog Shit.,2
@user I think I liked it better when Conservatives pretended that rape is bad. Now they are claiming Rape gets Better with Time?,2
@user The team even know he is Ass,2
@user Had to create a whole fake page just to talk  shit. 🙄 sis is really just miserable #sad,2
"@user @user Everything else was ten years ago. """"  YOU ARE A LIAR, this is total BS propaganda from team Trump  his crimes were throughout the past decade, including up to 2016""""",2
@user @user I never watch the NFL !!!’ Panthers suck by the way !!!,2
@user @user He is treason. He went to Iran for what?  To beg Iran to give them(the treasons) more time to get the power back so they can keep giving tax payers $$ to Iran the terrorists leader.,2
@user @user Horrendously sad that we all know who “he” is.   It gives me no joy to know I’m smarter than the president.,2
@user Its clear you wouldn't listen anyways since you are more interested in arguing over the non existent racism of that tweet rather than calling out the ignorant white girl on display,2
"@user @user Prepared? All she has to say is  I don't remember"""" all the time and liberals will believe her BS.""""",2
@user @user @user still thinks she matters.🙄😆😂,2
@user @user @user @user @user @user @user @user @user @user @user @user @user @user @user @user @user @user @user @user @user @user @user @user @user @user @user @user @user @user @user @user @user @user @user @user @user @user @user @user @user @user @user @user @user @user @user @user @user @user LOL!! Same to you! Awe!  How’s it feel to want for the first time gimmie?!  Is that a new feeling for you?  Has mommy kept you on the tit all these years and now you don’t know how to fend for yourself?!,2
"@user #Republicans love to say it's too early to talk"""" about common sense gun control after these events - what they really want is people to forget and amnesia to kick in so they can ignore doing their jobs which is to protect the public  Gun control works and R's just procrastinate""""",2
"@user @user Because you have paranoid and always spam OMG SHE IS 16 SHE IS 16 SHE IS 16 SHE IS 16"""" And you spam to everyone that SHE IS 16 and Credit Telltale in your every posts. It's so fucking funny for me. Chill out. No one cares that she's 16.""""",2
@user Pussy and ass are ✌🏾different times. And I've NEVER in my black life ever ate chittlerings lol,2
@user @user @user Please take John Harwood's pen away.  He is incapable of unbiased reporting.,2
@user Can this guy get any lower?  One of the dumbest people in our country!  How did anyone in Arizona voted for this idiot?,2
#WashingtonPost broke the story therapist notes Miss Ford stated four men assaulted her 😠 now it's two😮 #VoteDemsOut to end #DirtyTricks stop what's wrong with #DC #Kavanaugh #maga #FoxNews #Liar #CNN #msnbc #SenFlake #Wrong to use #MeToo for politics  #ChristineBlaseyFord,2
"@user @user @user @user @user Antifa means anti-fascist"""". I'm not sure there is an Antifa organization, but there are millions who are anti-fascist.  Why are you not one of them?""""",2
@user  Wassamatta? Starting to wet your pants? Worried about all your dirty deeds coming out? Concerned about not getting a view cell at #GITMO?  #MAGA  #KAG2020  #DrainTheDeepState  #WalkAwayDemocrats2018  #LiberalismIsAMentalDisease,2
"@user @user @user Well, they'll cut out 299 pages and replace it with 1 saying everyone needs more chlorine""""  C'mon are you chicken?""""",2
"@user @user @user @user @user At least we have brains to fall out"""" in the first place; unlike conservatives who believe everything their handlers feed them.""""",2
@user Whoever you are you deserve this,2
@user @user why do you identify as antifa if you're transphobic?,2
@user Fuck bfa im going back to rift,2
@user Fuck a drug test,2
@user @user Popular side doesn’t equal winning side. Facts are that private schools do a much better job educating students than public schools. Public school teachers get unfair perks that they don’t deserve. It’s unfair to private school teachers.,2
@user That or she is an awfully good transvestite,2
@user @user Glad I wear Wranglers. So what gun control would you propose that will stop the criminals?,2
#ShameOnYou #conservatives proud of yourselves for inflicting such horrors on the folk of #Palestinian.…...,2
"@user @user @user It wouldn't surprise me a bit. Just like they falsely call conservatives, Fascists"""" and justify physically attacking them. """"Trump's a Nazi, kill him!"""". It's just a matter of time before they suggest it.""""",2
@user Carter was the worst one term President until h was passed for that title by Oba our first Black Racist President!  Kinda like  a Black Jefferson Davis!,2
@user @user 🤣🤣😂😂😂😂 He is a communist fool!!!!,2
@user @user Far right bastards. They are literally everywhere. Luckily we have far left extremists like Antifa and Jeremy Corbyn's supporters to act as a counter balance.,2
@user @user He ran and hid after posting an ad about illegal border crossers. As soon as CBC started their shouting racist. It’s not racist and instead of standing up for what he believes he bailed. The conservatives shouldn’t have picked him,2
@user @user @user Jokes are funny if the person saying them doesn’t really hate whites and Christians.  That’s a National past time for liberals these days.  Funny stuff...for the Louis Farrakhan crowd.  Racist crap by any barometer.,2
@user @user It's ashame that REPUBLICAN PARTY DON'T do anything about gun control after all these people have been killed for no reason it's ashame that REPUBLICAN PARTY DON'T do anything about cop killing the REPUBLICANS are trying to distract AMERICA,2
@user Anita Hill wasca liar then and she is a liar now.,2
Pretending you have dementia to own the libs #MAGA,2
@user We are playing Clue based on a high school party in the 80s when a federal judge was in his teens.  Does anyone really take this seriously?,2
@user @user What do you expect from The likes of Eric Erickson. .   HE is a Piece of Crap.,2
"@user it's literally a narrative that is on par with Nazis punch, antifa punch, they are two sides of the same coin."""" noooOOoOo one of these groups wants to exterminate or deport all PoC and Jews, the other just wants to prevent them from doing that, and this comparison benefits fash""""",2
@user @user She is just spewing sh*t Bernie's robot what a lie they will say &amp; do anything and what she is going to do for district 14 not a da*n thing Socialism don't work that way they suck all up.,2
@user @user @user @user @user Obama never laments for those that are killed in Chicago every week. Chicago his old stomping ground.  Ask him how those draconian gun control laws are working there? And watch him blame Indiana.,2
@user The reason you don’t have a wife is because you are an ass.,2
@user what the FUCK,2
@user Believe the woman.  What person would volunteer for the shit show she is about to experience if it weren’t true.  I stand in solidarity with Christine Blasey Ford.,2
100% TRUE! and she is stupid as well!,2
@user you literally told me that you thought I was being “a fake nice bitch”,2
@user Thank you for saving the dogs!!!!why are people assholes,2
"@user @user @user @user @user Now I know you're having a laugh. Do you really believe that the media aren't picking on him? As for getting his shit together"""", what """"shit"""" would that be?""""",2
@user Holder was the most ethically challenged AG ever. A total disgrace to the office.,2
@user I'm surprised he didn't shoot his students just prove gun control is important. I'm glad I don't send kids to college. What a waste of money turning them into pumpkin heads.,2
@user Colin is a dick would sell out just as quick!,2
@user Good shit,2
@user I support your fight for justice and to hold those responsible accountable. The hypocrisy is beyond any moral standard. Where’s the outrage. Yet they hide behind the vail of gun control and leftists propaganda beginning with @user @user Shame on them.,2
@user Crazy thing is people naming Big and PAC as greats but forgetting the true underground rap legends like L. I still play his shit,2
@user You are a bitter hateful woman who is ruining herself.,2
@user she’s my bitch,2
@user She is a repulsive human in every possible level.,2
"#ThursdayThoughts  Will @user ever admit all the other ways that Twitter censor conservatives?  Seems highly unlikely.  It's very annoying to have my main feed limited with a stupid black bird ordering me to return to the top"""".  It wont even let me go back to this morning.",2
@user He’s a flake ...,2
@user @user 'Unintentionally' u fukin pedo.,2
@user BITCH I JUST POSTED ABOUT THAT KDKSKSKS I HOPE YOU GET BETTER SOON,2
@user @user @user @user Who has what to lose? This entire thing is to block Kavanaugh. Because he leans a bit to the conservative side and was nominated by Trump. This is the liberals playing games. If you can't see it you've been brainwashed by mainstream media.,2
@user Disgusting!  That tells you more than anything that we need law n order and that's conservatives n Kavanaugh!,2
@user @user @user They are both governmental issues. This lady is mad that the government uses a portion of taxes to support planned parenthood which offers abortions. I said if she is really pro life then stop supporting the taxes that help Israel kill Palestinians. Kills school children,2
@user Maxine is just a mean spirited woman. I can't imagine the demons she is dealing with to have that much hate &amp; craziness in her. #CrazyMaxine,2
ANTIFA..ANONYMOUS ARE COMING FOR YOU..,2
@user @user Just what a communist would do! Destroying America! Lock Him Up! TRUMP2020 MAGA!😎🇺🇸,2
@user @user @user @user @user Any argument with liberals is same as forcing water through the steel. Their brains are contaminated and the process of healing seems impossible for them. Don't waste you precious time and words on them. These are not reasonable people.,2
@user Your shabby self and your traitor buddy BO....Gave us #MAGA....stupid your just stupid.,2
@user She is awful!,2
@user @user You do know what the chant Puto means don't you? Fined three times means its not acceptable both are being bullies. One was done by one player the other done by the culture of a country.,2
@user Stamp we did this shit all the time,2
@user His policies were the worst,2
@user As well he should! These people are the DREGS OF SOCIETY - NOT THE PRESIDENT'S SUPPORTERS! At least we didn't try to stage a coup d'etat!  #QAnons #GreatAwakeningWorldwide #JoeBiden #MAGA,2
@user Are all you liberals idiots?,2
@user he’s obviously a bitch,2
@user The liberals will use whatever label they can to discredit people who disagree and/or are a threat to their agenda.,2
@user Imagine being stupid 😤,2
@user @user Liberals don’t realize that thousands of unaccompanied minors were thrown across the border..... who is supposed to take care of them? Angelina Jolie?,2
@user The hate really takes a toll on these people physically. Most of these unhinged liberals do not look well. 24/7 fake news Armageddon coverage is sucking the life out of these people. I feel bad for them....,2
@user They been had open world spider man games tho. We need a avengers game with all of them niggas,2
"1/ Resists newest tactic against conservatives.  They have decided to trend disarmthem""""  And advocates attempting to take a weapon from people open carrying.  1. open carry hopefully has retention on their holster. 2. This is likely to result in being fired upon by 2nd party.""""",2
@user @user @user If by Conservatives you mean people that work and pay taxes to help support people like you then I guess we are dumb thinking that you would appreciate it instead of wanting more and more. Get a job start paying taxes and see how much you love any tax and spend gov.,2
@user HAHA! You try so hard to be condescending but i'm sure you and stormy can relate! But you are correct on how sad Trump really is. Old man literally owns the Viagra company. Jokes on you kid.,2
@user Get the hell out,2
@user @user @user Of course not she is young and dumb. If she really had a brain she wouldn't believe in socialism,2
@user You are low class asshole. You wear your suits and talk about the 1% or call us deplorable all while you sit behind your antifa and hate filled lying son of a bitch party and call yourself honorable. At least my pappy would be proud of me for being a man and standing true.,2
@user @user Anyone who supports gun control is a racist.  Just like Shannon Twatts,2
@user @user Tomorrow night you get dropped @user @user will make sure he is not robbed again  you fraud,2
"@user on a scale from 1 to 10, how much did you laugh to There is no excuse besides that he is just plain shit"""" ?""""",2
@user @user That wench is on something.  She must be to spout her drivel.  Wanna bet someone gives her the beating first.  Let's see .. she is in a parking lot with no one else around and a few black women who are much better then her find her.  Or white people much brighter :),2
@user The washed-out idiot #Biden feels he has a chance by insulting all conservatives who are supporting their great #POTUS...I don’t think so CRAZY JOE!!!,2
@user Joe Scarborough still hasn't answered for the young woman that was found dead on his office. He is s lying chickenshit.,2
@user @user What award. Head of the Nazi antifa violence movement,2
@user but if you go on a date first..and then have sex...it’s the best of both worlds. and the sex is better.,2
@user @user @user He is a big lump of —-I agree 100%,2
@user @user Surely he didn't do anything to damage Veterens Affairs?  If he sullied a reputation it was another department?,2
@user @user Dubious mortgages? lol You mean the NINJA loans for subprime borrowers that banks WERE FORCED TO PROVIDE by Democrats and liberals citing that NOT providing them was racist and discriminating just because people don't have a job. CMOs were a derivative of THE SUBPRIME PROBLEM,2
@user EVERYONE should know about this.  It's about time we called out these violent liberals that have gone so far off the deep end.,2
@user @user Good Arrest them all!  Arrest the crazy NDP leader @user as well.  She is Having her lil minions take a fall for her! She planned this! Will she be paying their Legal fees? I think not! The immaturity level of this goverment party is disgusting!!!,2
@user @user How about really healing the country by leaving it and taking the rest of the loony liberals with you,2
@user The ratings are low because of people like you &amp; the other guy making fun of conservatives.. This is one reason why Trump won..  You people just don't get it &amp; pitiful &amp; shameful...,2
@user Religious persecution is bad...  ...when it's your religion being persecuted.,2
@user @user @user You are a sick person,2
@user @user @user She is a complete idiot🤡😡,2
Mueller proves the judicial system is weaponized.  Democrat special councils only charge Republicans.  So if we play the game then Republican special councils should charge Democrats.  Right!   Balls in your court Republicans.   MAGA,2
@user you are killing me!!! We landed in PHX 30 min early from SAN and have been sitting on tarmac for 40 min. Now officially late looks like I am going to miss my connection to OAK. This sucks!!!!!!!!,2
@user And then same liberals were accusing falsely in Kathua case while hiding in shithole right now.,2
@user @user @user Way to go David👍 I love it when someone can send the liberals into a tessyfiy in the morning. Keep up the fight. 🇺🇸🇺🇸🇺🇸,2
@user @user Fuck the Steelers bah on my mama that’s some racist shyt they doing don’t wanna pay that dude and call him selfish for not wanted to report,2
@user Dog whistles the minute one of those SOBs use it  it's over never would I vote for any liberal ever no such thing as a moderate or acceptable liberal there all I mean all the same some try and hide there hate but they are all scum Your a fool to think they give a shit about you,2
@user @user @user @user He did not born so he is not pakistani?Get a life man.If ur wife deleiver boy in london nd back to pk so the baby is not pakistani?You nd  ur wife r not pakistani?Just some papers of registration in london make ur boy non Pakistani 😂😉.Honey see the forefathers history.,2
@user I can tell you suck but sure,2
@user @user @user @user @user He is a disgrace,2
@user “the sex symbol of rap” LMAOOO BITCH YOUre  FAT aS FUCK ANYWAYS you tryna fight?,2
@user another judge that first blames the tool then wants to make them dangerous to the legitimate user guess we know wher he is on gun control OUT TO LUNCH  your honor sir!,2
@user @user @user Are you saying he is a turkey chocker 😶,2
@user @user @user @user Theresa May isn’t nice,2
@user @user Liberals are full of hate yet they talk like their morality is above anyone  who thinks differently. Funny how their words and actions never match up to what they pretend to preach. Imposters of any human decency. Emotionally and politically bankrupt.,2
"@user @user @user She is a journalist and spreads fake info about painting of shree Krishnaji. Why people forget ligic &amp; professionalism when they try to be secular"""". Do not tear our religious books to prove your stupidity. Fight your cause with moral means.",2
#Leftists and #Commies in the #USA are going to get a little bit riled up me thinks?!  😆  #MAGA #MBGA #MCGA #Socialists #Lefties #Conservatives #Patriots #MEGA #Trump #Democrats #Republicans,2
@user @user Hollywood and media make jokes about Jesus and Christians and think that's hilarious but turn every innocent joke conservatives tell in to an outrage. Typical of reprobates.,2
"@user Barf over the squishy self-righteous source. That's the whole deal with TBC. They're young and dumb history major conservatives"""" who've swallowed the SJ BS and like to hand wave. I'll assume without further evidence Prager is lame.""""",2
@user Colin cowherd is a clown just when you think he's going to make a point he just spews out garbage there is no way you look at both goff and trubisky and say goff has the higher ceiling. Maybe the higher floor but only bc he is in yr 2 of Mcvays offense,2
@user @user Jail is TOO KIND for a #Pedovore - where is the prosecution??  #AGSessions is the church getting away with pedo crimes?  What the hell is he holding?  is that a tentacle?  WTH  #PedoGateNews,2
@user Build the wall ! Vote Republican! Not perfect by a long shot.   But so much better than the alternative anti-Americans!!!,2
@user @user Liberals are using a sexual assault claim as a political tool. Let that sink in.,2
@user The first person got it by having sex with animals..,2
"@user Lol, read the title and you already know whats coming... ...who support common sense solutions to reducing gun violence,"""" How is gun violence different from other violence? What is a non-automatic firearm? What is common sense gun control? Is it like Chicago, NY,.. London?..""""",2
@user Gotta keep that gun control law to get those terrorists,2
@user @user @user Again for the hard of hearing: An AR15 is an INANIMATE object. An AR15 is not INHERENTLY evil. Gun control DOESN'T decrease gun violence. Armed citizens are LESS LIKELY to become victims of mass shootings. The Holocaust was not prevented by BANNING ovens.,2
@user He is not working for Texas he is paid by the Soros cartel. Not fond of Cruz but Beto is a dangerous person! Just another DNC sheeple!,2
@user @user @user disgusting. These people will take over this country one day and then all the lefties and liberals will be very upset when they are forced to wear a burka. Imagine @user 😂. The worst mistake EVER was letting these people in so freely. They do not appreciate it.,2
@user Climbs up the charts in Christian Music...only to wither as a fig on a tree as a false prophet. That is @user,2
@user @user is gross,2
@user @user  BRUH THIS??? LMAOOO,2
@user Fudge report...then apparently she is not a socialist as you and your kind label her and is a successful capitalist but with much higher morals and opportunities for society. You have the dumbest followers.,2
@user Either she is misinformed or has no shame. I’m going with she has no shame.,2
"@user I mean, the logic"""" behind their claim means that in the 90's the Liberals felt it was OK for a man to abuse women... that's essentially what they are saying... and that the Conservatives were in the right... right?""""",2
@user @user @user I fuck with this hard,2
@user aaaaaaaaa that’s so exciting!!! the majority of my friends are in second year at this point so the blow i’m about to receive from moving to a whole ass other country hasn’t hit yet.... i’m doing film studies because i hate myself apparently :/ wbu babie,2
@user @user @user Every day her IQ gets lower and lower more wanna be nazi Barbie is going to be a pile of maga goo on the bottom of the set soon enough .,2
. @user @user @user Fake conservatives and their fake outrage over the budget betrayal,2
@user BITCH,2
@user This Jerry Lewis ripoff needs to just go away already.  The guy is so good at acting like a fool because he is a fool.,2
@user @user @user @user @user @user @user @user @user @user NS liberals will sell out fishermen in a heartbeat. These N.S. Liberals are probably in line looking for private sector handouts. Big money tied to Kameron Coal. @user don’t care about Nova Scotians. Look at health and education. Fisheries next?,2
"@user sadly, you blew it in this interview.  You are, or will be, bought.  You did not pass the litmus test"""" for what a Real Progressive is....You have mistakenly alienated what's left of the Dem base, thanks to HRC,  and you need us, know it or not.",2
@user Start with explaining why you think he is stupid rather than writing a question looking for attention.,2
@user @user @user How many car windows did you smash today while wearing a pussy hat? You anti-American antifa fucktards are a pathetic waste of life. We will slap you down at the ballot box once again.,2
@user These liberals are responsible for the deterioration of American society. They should be ashamed but we all know they’re not.,2
@user @user Yup! She will destroy hard working ppl and small businesses. She is evil with a pretty face and ppl are falling for it.,2
@user What an “actor” Joe Biden is....and that’s alll he is!!!  A “FAKE” phony actor!!  Get off of the stage Joe...your time has come &amp; gone!!!  We “Dregs of Society” could care less about what you preach!!!,2
@user @user Conservatives only care about democracy when it's their opinions and so called racist rights are in jeopardy. Anyone else they don't give a shit about. It's sad.,2
@user He is gay. He’s a sick pervert he gets on my nerves,2
Ain’t getting no pussy huh?,2
@user They should. Hopefully voters will realise that they could have ended this shitshow well before the midterms.,2
@user Sometimes I get strong vibes from people and this man’s vibe is tens of millions of murders - he is more dangerous than DT.,2
@user fuck russ 110%,2
@user @user Then maybe we can talk about the double standards between liberals and conservatives at @user Somebody is always a victim.,2
@user this gave me fucking heart palpitations i'm shaking as i type this,2
@user you are absolutely right i am a Fool,2
@user Ugh that sucks!!! At least you have your wallet,2
@user @user @user No. She is a liar.,2
@user @user @user We’re so far beyond tax returns. This crap affects all Americans and liberals are too stupid to wake up and understand what’s really going on. Step aside. The adults are here to do it.,2
@user @user @user so she is disgusting to you because she is a Rangers fan! you are disgusting to me because you support breaking up the union!  #proudtobeBritish 🇬🇧,2
@user Still better than Spanish it's so fucking boring and the teacher grades us based on how sexually active we are 😒,2
@user Fuck my Rick (?,2
#GOP on personal responsibility...  He was drunk: boys will be boys  She was drunk: slut  #republicans #conservatives #kavanaugh,2
@user @user I believe gun control should consist of guarding your firearms from thivery and kids.,2
@user yesterday this happen here😳 So much for gun control when you can't prevent a 2nd grader from bringing a gun to school huh😏,2
@user @user You just said the same things all the liberals say. President Trump is not deporting immigrants. He's trying to deport people who sneak into this country &amp; not follow the rules to come in. If you come in that way you are a criminal. Turn off CNN &amp; try another point of view.,2
@user Talk about a kangaroo court! Is this what you Liberals want? One person's word able to destroy another person's life with NOTHING to back it up. If so you're sick.,2
@user @user @user How do you come up with all these lies. You have not done a thing as far as gun control. Open your eyes Obama your hero had 8 years in office. All your doing is sucking around for the last minute vote.,2
@user And how is the investigation  against your son the antifa  Terrorist going,2
/63 More evidence Liberals only goal is to sabotage #NAFTA to make Trump the enemy and to get Trump Hate vote in Canada for election 2019.,2
@user He’s a disgrace to his party and all he claims to stand for. He’s not on the side of conservatives. He just wants to make a name for himself and anybody’s cost.,2
@user @user Picked the fuck up,2
@user Oh GOOD WE CAN START REMINDING PEOPLE ABOUT THE WORST ADMINISTRATION IN HISTORY OBAMA the I will not help blacks and Hispanics president that sent a plane filled with cash to Iran sent guns to Mexico so they could kill people and start a gun control riot and started Ferguson riot,2
@user @user @user I have been thinking about it and it's not inconceivable that someone was trying to meddle with people's minds regarding gun control. I am double-minded about the use of arms because I am a peacemaker. Shoot once and you could start a big war. &gt;2,2
@user what the fuck...,2
@user @user @user Bad people don’t obey the law. There are many more guns in circulation in North America than there are people. Gun control is liberal mind masturbation.,2
@user @user Are you freaking serious.  3900 lives lost. Trillion dollars in recover and rebuild. Continued threats and fear.   You are a disgrace to journalism.  You moron!,2
@user TEA. I WAS MAD WHEN I SAW THAT SHIT.,2
@user only the arm?  He really sucks at gun control.,2
@user Don’t mess with niggas from Marcy projects george Zimmerman! You gonna get lit!,2
@user @user Lol 🤣🤣🤣 every gf and ein track. Whole ass album pahh,2
@user Liberals are addicted to fake news.  Chris is their Dope man.,2
#IJustDontSeeMyself ever supporting strict gun control. #2A #Liberals4Guns #guns #SecondAmendment,2
"@user This C is back? Liberals are shortsighted aka stupid.  Crying Wolf"""" is a """"favor"""" to all of those past and future victims of rape and assault?  Like I said, stupid.""""",2
@user @user @user The most ironic thing is. The dems hasten their own demise while empowering their executioners.   Do they think once this monster is unleashed that it will not turn on them first?  #MAGA #WWG1WGA Written by Antifa terrorists 👇👇👇👇👇👇👇👇👇👇👇👇,2
@user @user @user Candiace. She is trash.,2
@user @user wow Jr. you are not very bright are you.,2
@user hey Samsung on your website you declined me. 2 times for credit I can afford your phone without your ass this is my second one maybe next time even though I hate iPhone I'll buy iPhone so screw you,2
@user Absolutely should be a nail in the coffin.... for Hilliary,2
"@user Open a Case"""" 4-this:  John Kerry: """"Obama &amp; I *KNOWINGLY  *FUNDED *TERROR""""  55 BILLION $$$ With a """"B"""" !!  God bless Trump #MAGA #KAG #DeepState .. (FULL LINK: ..",2
@user That's because you liberals have no morals anything goes with your kind drugs sex child endangerment,2
@user @user is so stupid it makes her sooooooo HOT,2
@user @user The left doesn’t care. They victimize women and minorities for political gain. Same story different democrat. #libtards #walkaway #maga,2
@user @user Thats correct!!! #MAGA,2
@user @user @user @user Take the gun violence in the cities that already have strict gun control and it's extremely low.  Gun crime has decreased at the same time gun ownership has increased.,2
@user why are you so fucking good.,2
@user @user @user We skewer Sushma Swaraj also for treason. We r not inconsistent like u leftists/liberals. Take ur bloody poison somewhere else.,2
@user @user This fluffy bastard.,2
@user No they are seeing how liberals are sleazballs and they are #WalkingAway,2
@user He is NUTS!!!!,2
What the hell are these leftys talking about.  They will say anything to stop Maga.,2
@user @user Nobody cares about paid protesters the Capitol Police need to get a hold on them lock them up,2
@user Bernie! You have been in Congress how long? Now that you are getting closer to your death bed since you are old as dirt.. Why a concern now? How many bills did you try to write or endorse before you decided to run for POTUS? Do tell!!!,2
@user I thought the left hated guns? And gun violence? Gun control right?,2
"@user Finally! No more terrible takes of The NFL owners are racist""""""""",2
@user It’s in my fuckbucket,2
@user @user @user @user @user Hmmmm what about the MEPs who we elect in the UK who attend the European Parliament to represent the UK?   It’s a framework under which we operate. We’re not the victim until we leave and are then subject to rules we don’t even control.  It’s a #BrexitShambles. Let’s stop it.,2
@user Behold all the conservatives who deliberately ignore the fact that the OK gesture USED TO BE benign but now is co-opted by racists to signal they're down with white supremacy. Much like swastikas were benign in Asian countries (&amp; still are) but were co-opted &amp; ruined by Nazis.,2
@user Good Democracy is overrated.  Read Hans Hermann Hoppe- Democracy: The God that Failed,2
@user Beautiful and sexy.. 😍😘,2
"@user If the media stop reporting what happens on The View"""" perhaps it will disappear from view. If  Conservative America wanted to know what those imbalanced voices had to say we would watch it. The rest of us are busy watching the sidewalk for poop put there by Hollywood liberals.""""",2
930 pm 3rd round: gun control whining and Sen Blumenthal hands still shaking like a leaf as he tells the judge get into the real world. This from a millionaire who has no idea about the real world. @user @user #KavanaughConfirmationHearings,2
@user A whole meta joke here would be my original tweet fuckin up the calculations.,2
Bias Blockers: The New Glasses Made for #MAGA Racists and Homophobes — WATCH,2
After going through the system i cameto know that being a criminal (illegal) is most reputed and easy job rather than a simple (illegal) person.,2
@user @user @user @user @user @user @user Joe is just singing the old Liberal bullshit song and misrepresenting facts as usual.,2
"@user 🏴‍☠️ This Deplorable"""" from the """"Dregs of Society"""" says #PUBLIC_EXECUTIONS WILL MAKE CRIMINALS THINK HARDER ABOUT BEING POLITICIANS‼️ #MAGA #WWG1WGA #QAnon #DrainTheSwamp #DrainTheDeepState""""",2
"@user @user @user @user @user @user @user @user @user They lie about firearms. They call the AR-15 a fully semi-automatic assault rifle."""" They push gun control.  They say Donald Trump is racist and hates Mexicans.  They say he colluded with Russia.  So yes, they lie""""",2
@user He is trash himself to do that,2
@user @user @user @user Chris Burns you are a fascist. Nothing more than that.,2
"@user And republicans fall right in line and say these are serious accusations we must postpone the vote until we hear from her"""".  Many republicans are not interested in being conservatives.""""",2
@user @user Lefty Pope should also! He is Not worthy rep for true christian roman catholics!! He failed his flock!,2
@user @user @user @user @user Peter....look at your liberal self making no sense.....It is just a little suspicious that everyone making last minute claims against Kavanaugh are Trump hating liberals...And of course they have zero proof of anything...Just like Their collusion obsession.,2
@user still waiting for mine fat,2
@user Boy Hollywood sure does like to look like fools all the time.  Wait until they find out it's a big hoax manufactured by liberals.  Think they will apologize to Kavanaugh?  No way.,2
@user Billy bargain 👍,2
@user Thus far the only people getting shot and kicked out of places are conservatives. #MAGA #WalkAway #ConfirmKavanaugh,2
@user @user She is a lying leftist!,2
@user Bullshit! My daughters and I watched the tennis match and sarrena got what she deserved. We are big Williams  fans. No one is above the game.,2
@user @user Cowards in masks. Antifa are the true fascists.,2
@user He's just mad because of the POS that he is couldn't do crap except divide this country.,2
@user @user Wow! YOU'RE exactly like ANTIFA! You say you're against radical influences but YOU are THE MOST RADICAL OF ALL! De-platforming anyone that disagrees with you? Did you pull that one straight out of Hitler's playbook? Can you get any more Nazi Fascist? LOOK BEHIND YOU! IT'S KARMA!,2
@user He schools read a ammo box warning label...,2
@user @user Conservatives would do anything to eliminate the value of laborers in this country. People worked and died for this holiday. Don't want to see it lost to some fake Constitution worshiping by people who do not value the Constitution in any way such as the Far Right.,2
@user For all I know you're naming off sex robot models,2
@user @user That’s your answer “shut the fuck up”. You should join ANTIFA with all the other loudmouth punks.,2
@user Democrats will let animals like this out all over the country if they get power back.,2
@user She is one UGLY and DUMB woman!,2
@user @user Y’all some bitches lol,2
@user @user @user @user Wrong...We are sending another giant F....you to Liberals...😉,2
"@user i bet he is sayin wat his daddy says most... Don't start me baby""""😂😂😂""""",2
@user How did you get to where you are while still being so profoundly ignorant?,2
"#GreatestThingsAboutThe90s NOTHING. The treacherous lefty media people made sure Benny Hill was taken off TV and even more treacherous conservatives"""" conspired to remove Maggie Thatcher as our leader then almost fatally signed us even deeper into the extremely hostile commie EU""""",2
@user Ashole gonna eat himself to death,2
@user So what ur saying is that it is in fact chicken shit and you are eating chicken shit,2
@user Can you imagine being married to that crazy b#tch? Good God!,2
@user In other words #Mueller it’s not constipated In other words #Mueller has diarrhea?,2
@user That shit hurts😞😞,2
@user #ThanksTrump THIS IS A 'START' WE MUST GET THESE 'NUMBERS' DOWN TO 0 (ZERO) BY 'ANY' AND 'ALL' MEANS 'NECESSARY' THESE SO-CALLED 'REFUGEES' WHO ARE NOT 'TERRORIST SEXUAL CRIMINALS' MUST STOP BEING 'COWARDS' AND 'RETURN' TO 'THEIR NATIVE LANDS' TO 'FIGHT' #MAGA #refugeesNOTwelcome,2
@user @user @user @user Kick the absolute shite out of the car.,2
@user @user @user @user @user @user @user @user @user @user @user @user @user @user @user @user @user @user @user @user Picked up some fire og today. It's really good but it's ugly as fuck. I almost passed on it but he smoked a j with me and it's fuckin fire. Wish we could share a bowl my brother ✌️💚,2
@user @user she is a zombie.,2
@user @user @user We call that game #Bullshit .,2
@user @user She is an ugly black hearted troll,2
@user This isn't ya finest moment hun. Try again once you fix ya shit and knock this tweet away.,2
@user As much as I dislike Antifa. I hope none of them are stupid enough to fall for this bait and end up getting themselves or someone else injured or killed,2
@user  @user is inciting VIOLENCE via Twitter to accounts supporting POTUS. He has made lists to have us targeted by ANTIFA...etc.,2
.@USER You are deplorable despicable disgusting!,2
@user @user I’ve never once heard you be thankful. All you do is shit on Canada. On the police. On our history. On Conservatives.,2
@user @user @user Why did the democrats have to jam far left liberal judges down conservatives throat? Every liberal judge should be investigated all the way back to grade school. The only lowlife here is you.,2
@user Master of None was so fucking good.,2
@user He drew the saw because the marker was in his left hand which is connected to his right brain which is connected to his left eye which saw the saw. His right eye which is connected to his left brain saw the hammer. #PSYC1101,2
@user @user @user @user @user not the point ~although it is  a convenient excuse for conservatives to assume if ones against trump then tbey ate for for clinton which is just asinine. 🤣🤣🤣🤣🤣🤣🤣🤣🤣🤣🤣,2
"&gt;500 comments, and all negative, slamming Chris Hayes for promoting vote suppression via Michael I love rapist &amp; Putin-puppet Assange"""" Moore &amp; his latest """"kill the Dems"""" movie. How about a town hall on women's repro rights &amp; gun control on eve of Kavanaugh vote instead?",2
@user hiya sexy p s bolna xxx,2
@user Poor Baby.  This is why you and your entire network CAN NOT be trusted.    The only people still watching CNN are brainwashed liberals and demonrats.,2
5- Most epic moment in 3 sentences  GRAAAWRL WYVERN FOR BREAKFAST GUYS!!! YOU ARE SO DUMB THE HEALER HAS TO BABYSIT YOU AND FIRE THIS SHIT TRY OF A DRAGON BECAUSE OF YOUR FOOLISHNESS also we need to bury the half body of our tank and try to get out his other half from its stomach,2
@user @user @user @user @user @user @user is clearly racist and anti senior citizen. How do you allow this? Conservatives will never take you seriously if you don't start being fair.,2
@user She is such a witch,2
@user I tried to remember? I don’t under your joke. I lobe conservatives like yourself because your so inept.,2
@user @user @user Lindsey will never sink as low as you and the rest of the hateful liberals.,2
@user @user homer losing his boner over this is very petty there was a resemblance but again even if she is if they aren't shoving it in our face then its okay,2
"@user @user The reaction from some conservatives was swift and appealed directly to male fears and male interests.""""- if men, after 50 years., can come forward about priests' sexual assault ,why can't women,especially if the person accused is going to be SC JUDGE &amp; stay on forever""""",2
@user What the fuck is this they’re trying to set him up so it looks like he somehow deserved to be shot,2
@user @user @user @user @user @user @user @user @user @user @user @user @user @user @user @user @user @user @user @user @user @user @user @user @user @user @user @user @user @user @user @user @user @user @user @user @user @user @user @user @user I just blocked 3 asses.,2
@user @user @user Character assassination and intimidation are two of the favorite weapons Liberals use against those who do not agree with them. Some(like Ms Waters) promote violence &amp; support Antifa ( who has actually stated they want to kill Trump and his supporters). Skeptical ?.lol @user,2
@user Sessions is not doing his job! He is a deep state RINO just like you!,2
@user I know they be fired up thinking u got a hammer n your pants from how u walk n find out u got a coochie lol,2
@user @user @user @user So if Paul Golding turned up for a job at the BBC you'd let him work for them?,2
@user Democrats haven't done anything but cover up ..so all you think you have a solution .ya don't.....you want gun control.? How about abortion control. Free medical. Free ed. Quit tripping,2
@user and bale is shit,2
@user @user That is just awful ! He never was much anyway! A grown man acting like that; a bully ! Best to you and hubby Mark ! MAGA 🇺🇸,2
@user Plenty of ppl work a full shift and still manage to find their way home correctly. This bullshit is not flying with the public.,2
@user @user Such a fucked night @user,2
@user Fake news he is a liberal dem.,2
@user @user Cute as fuck 🤗,2
@user So babies aren't future men? I suppose ripping their limbs off and sucking their dead bodies out and putting them in the trash. That's sorta thing?,2
@user @user I agree he is very intelligent and I like the latest policy of a sovereign wealth fund - something I've long supported. But he just doesn't cut through. Someone like Jo Swinson would get the party more air time imo.,2
@user Has this guy got acorns in his cheeks or what. Lack of walking around sense is astonishing with liberals.,2
@user Yet she is fat herself.,2
@user @user Liberals have no shame. To them the outcome justifies the mean,2
@user You were made a fooln of last night by Kavanaugh so like a spiteful child seeking attention youngo on your wide eyed rant. You are an embarrassment to the chamber and this country,2
@user @user @user I'm sure she's worried. Give me a break. Dana is doing a job. You know where u make a living and pay for your own Healthcare etc. You dirt bags that don't even shower crying about gun control should try it.,2
@user @user @user Restricting ammo is infringing upon right to bear arms. How about women can have abortions but restricted to 1-3rd week of pregnancy and must be registered Easy test of gun control laws - apply them to other rights to see if they’d be supported. If not then they are bad,2
@user @user @user @user @user @user @user @user @user @user @user @user Why to the cowards not list ANTIFA on their profiles. Cowards or terrorist or both... I’ll go with both!,2
@user @user @user @user @user  Aaron finding the sending if a locomotive funny. He is aware it symbolises the trains jews were sent to their deaths on.,2
"@user @user majority of DACA from 3rd world countries are communists~activists-Antifa-Ofa&amp; 1 INCOMPATIBLES w/USculture&amp;2Felons by criminal violence&amp;participation in cult includes kill potus45""""&amp;""""destroySovereignUSA-USConstnDem'y+ replace w/marxist 4thReichNWO tyranny=TREASON""""",2
@user Seriously??.... Guess comedy is easier to get viral.... Have you tried drawing shit? XD,2
@user Just look at the ass and keep it moving 🤦🏽‍♀️,2
@user This is the most ridiculous tweet I’ve read today. Comparing the traitors that are the #cpc to the liberals is like saying the democrats and republicans are two of the same. Grasping on straws. Pathetic,2
@user That won’t happen as he is only comfortable twitting from his golden throne or toilet to most of us.,2
@user I still want him to fuck my pussy with a rake.,2
@user @user guys im literally italian and i know what that shit is wtf,2
@user @user @user Says the fat Antifa member,2
@user I simply disagree Flotus. He or she is exposing the egregious behavior of your husband which no one else will. Potus’s actions are hurting this country. Words matter and style matters. Truth matters.,2
All of this shows just how scared Liberals are of the New @user that is going to be guided by the Constitution &amp; Bill of Rights. They honestly believed they had made them powerless in today's courts. @user Trump is #MAGA &amp; Deplorables are helping.,2
#qanon LIBERALS ARE LIKE MONKEYS THROWING THEIR OWN SHIT AT EVERYTHING,2
@user @user Antifa is much much smaller than white supremacists in America and responsible for a fraction of the violence. Also NAZI'S ARE BAD!!!,2
@user You are TRIPPIN. Stop jumping to conclusions.,2
@user @user RBG next! Can’t wait! The hateful intolerant racists on the left will not win! RBG NEXT!!!! MAGA,2
@user As if Conservatives didn't hate Sesame St enough,2
@user Trump doesn't want to have the FBI investigate Dr. Ford's claim b/c Ivana Trump  reported that Trump raped her.  A culture of dirty old sexual perverted men in the GOP and Neo Liberals doing the same thing to Dr. Ford as they did to Anita Hill. White men have no respect for women,2
@user Amazing how much money is being thrown at this guy by liberals freaking out. Beto epitomizes everything that is wrong in America. Vote CRUZ!,2
@user @user @user @user @user I agree. Those antifa nutjobs should be arrested before they start trouble again,2
@user Funny Human Rights He is  Pro Abortion That settles it He lies pacified deceives Playboy,2
@user Perhaps FBI etc. Should look into Orrin Hatch closet and investigate what he is hiding Sex Offenders always stick together,2
"@user Eg, ANTIFA holding the position that police are racist or should be killed. Generalizations such as those are what I'd call attacking law enforcement.""""  """"Attacking the cancer in the body"""" is not the same as """"attacking the body"""" even if it's systemic.""""",2
@user Don't dignify her stupidity by posting her comments!!!,2
@user This is not the first time she has expressed this dismissive attitude toward public outcry against her votes. Those people will be a factor when they vote her ass out of office in 2 years. I think she is toast.,2
@user Please show me your post where you said the same thing about conservatives targeted by Antifa and other leftist friends of yours 🙄 #Hypocrite,2
@user Gillibrand must have been a very sexually active woman to be pushing young women to have abortions.,2
"@user @user @user @user NRA tweet was a fraud: more than half of Americans say gunrights are the most important issue."""" Falsehood. The 53% was """"gun rights/gun control"""", and CA question indicates biase towards control. Deliberate knowing propaganda.",2
"@user @user Serena is a bully. She threatened to shove a ball down the throat of a line judge in the 09 US Open. She was 2 points away from losing in the semifinals when she dbl faulted. She went ballistic and was penalized a point. She lost the match due to her threats. She's a bully""""",2
@user you're a jerk. Attacking julie for standing by her husband. You're just like all the other liberals want to ruin peoples lives. How about you not bash people until he is found guilty... bet your client just wants MONEY!!!,2
@user Ford is a liar &amp; a ultra left wing radical working with George Soros &amp; others such as Antifa &amp; the Dem party has known it all along.,2
@user already my ass i had so many fucking shots tonight,2
@user @user @user @user @user @user @user @user @user @user @user I’m not sure where I’m a fan of yet but i know I definitely suck hahaha,2
@user Yeah we need some more made up bullshit protestors and antifa lol time for an epic beatdown😉,2
@user Yes I saw this and I will say tapper kept basket her and she kept coming back with stupid answers And he finally gave up I don’t think he is a big fan of her policies he’s not that stupid please,2
@user @user @user @user Did you attend Governor Abbott’s meetings on solving gun problems in school?? I guess not! I did! There were excellent discussions on using guns to protect &amp; defend! What’s your point? You stand for gun control &amp; 90% of Real Texans will not have their guns taken away!!,2
@user @user Right... disgusting! I can’t tell if these acc is a man or woman but he/she is sick.,2
@user I miss you bitch!!,2
@user  I think he could be called a turncoat  talking out of both sides of his fucking mouth  Lindsey Graham can no longer be trusted,2
@user Those liberals are kinky people,2
@user @user You are the In educated twat! That speed crap and can’t read obviously🤒!,2
@user Myyy nigga ✊🏾,2
@user Lokk at july 29 when I said Gordon would be cut for drugs and you called me a dipshit.,2
@user man that sucks unreal,2
@user Ah.. classic antifa.. behaviour of trashpeople. =),2
@user @user Liberals act out of emotion. Not understanding the law. Then they go around condemning every1 who does not agree with their completely fucked rational. “Nobody believed women for 250 years. So let’s believe all women! Oh and screw the legal system! Men are pigs. He’s guilty!” Smh,2
Willie’s hurtful response to his former fans who have quit him in droves over of his support for that little hippie Beano. #MAGA @user,2
@user @user Antifa is a high emotion low IQ FASCIST organization. Some of its members are fooled by its name into not reflecting on their own groups obvious fascist ideals and others are just there to take advantage of the rest of the fools.,2
@user I don't know anything about the kkk although I believe the democrats fund them like they always did.  I think the Dems main terror group these days is antifa.,2
@user @user Poor sad liberals. No hope for them.,2
@user Don’t watch moron movies,2
@user Cuz liberals are sick of cnn!!!!,2
@user @user @user @user @user @user @user @user @user @user @user @user @user @user @user @user @user @user @user @user @user @user @user @user @user @user @user @user @user @user @user I think you are being abnormal,2
@user That’s one way to look at it. The other is that the charge is bullshit for almost everyone.,2
"@user wow @user you didn't look up permanently"""" and """"suspends"""" before placing them next to each other in a fucking headline? #youhadonejob""""",2
@user Yes ..shit just move with the wind 😂😂😂😂😂😂she just keep blessing us 😩😩😩😩❤️🤷🏼‍♂️🤦‍♀️,2
@user @user Yep. They had to produce this article to shut up the liberals.,2
"@user Why are you acknowledging her existence. Time to block her and give us all a break. She is a nobody"""". She use to be a funny comedian who gave away her power to hate and lost almost everything.""""",2
#DougFord again using #Trump-style authoritarian tactics: •Discredit the media. •Repeatedly spread lies. •Build a false reality for your followers.  These are smart people. The conservatives know what they're doing. This is a planned strategy to weaken democracy. #ONpoli,2
@user @user Truly has got to be the most idiotic thing I've ever seen.,2
@user He is an idiot and not very smart either.,2
@user @user @user @user Lord Of The Pies should kept his c*ck holster shut.  Nobody gives a toss what you Hollyweirdo's have to say.  #MAGA,2
@user You are still on that Trump  train to nowhere!👎,2
@user @user what the fuck,2
@user @user Sir now to Russia....Putin is broke and a little bit crazy...The paltry 1.7 Trillion GDP might cause desperate actions from his dying regime. Denuclearization in exchange for oil patch tech. Thats all they have.. Sir..MAGA,2
"@user sex games will make you feel like you're actully having sex or, as ign would describe it it really makes you feel like you're fucking some whore in an alleyway""""""""",2
@user I remember how much we were making fun of conservatives in the 90s for thinking that puppets were gay... Now people are upset because they're not gay... PBS needs to put on a documentary teaching people how puppets are made...,2
"#SecondAmendment I saw the Dems in the Kavanaugh hearings bring up common sense"""" gun control, time after time. @user is a Chicago guy. Chicago has some of the very toughest gun laws in the country, yet it's the gun violence capital of the USA. How about this Dick, ++""""",2
@user Twitter is becoming tumblr 2013 and I am fucking terrified,2
@user IK never did. He is liar.,2
@user @user do you know what flanking and muscle flashing is with an AR15?; educate yourself and close that c•€k hol~+€r...you don't know why u r talking about😡😡😡😡,2
@user I have you and Kaze- I need more.,2
@user @user #Westminster @user #Tories @user @user @user #Brexiteers #OutOfTheEU @user We think not #AnnaSourpuss 😠 Best for the #UK 🇬🇧 without a doubt is to #Leave with #NoEUDeal &amp; just get on forging 🌍 trade deals &amp; say to the #EU #FuckEU 💪,2
"@user @user rae sis don't say no offense"""" then like tweets calling me a sad bitch, also im truly shocked ur on the L6 train this year""""",2
#Kavanaugh on gun control again raises his residence in the dangerous DC area. His exposure to gun violence in Bethesda is like calling yourself gangsta because you live in Beverly Hills.,2
@user Go to Iran where u belong stupid idiot.,2
@user National Unity? O you are so full of it! You just tweeted to get people mobilized. Does that mean paying people to mobilize and cause violence! Where is it that you spoke out about ANTIFA? A Official group of terrorists.,2
@user @user @user Not if it's unwanted by the mother. Then the left flushes it down the toilet and goes to an ANTIFA rally to celebrate.,2
@user You would. Can't fix stupid.  #MAGA #QAnon #ThursdayThoughts #DrainTheDeepState #ThankfulThursday #WWG1WGA #WalkAway,2
@user The monuments that will be torn down in the next 10 years?  Much to the consternation of we conservatives,2
@user @user She is a liar and probably on Soros payroll,2
@user And honestly it’s ridiculous.. you are grocery shopping there is no need to be like That,2
@user Eric Holder should be in prison.,2
@user omg fuck our lives sis,2
@user @user @user If any left leaning freak attacks me I will attack back. But so many conservatives are just compliant. Happy with just bitching and complaining. How can we fire people up. The left has got energy. Lots of it. And if things don’t change. We’re going to loose.,2
@user @user @user @user @user @user @user @user @user @user @user @user @user @user @user @user @user @user @user @user @user @user @user @user @user @user @user @user @user @user @user @user @user @user @user @user @user @user @user @user @user @user @user @user @user @user @user @user @user @user Oh. Low blow or blow job. Lmao,2
@user Fuck off,2
@user Man that shit just got me hype like I was watchin it 18 years ago,2
@user @user is a blight on womanhood.  Grow up.,2
@user @user She can't tell her story while I was my car in the rain. Yes. She is a whore her life is just that. Fuck People for money. This is no exceptions,2
@user His mouth goes to one side all smirky and shit and I don’t like it.,2
@user Who cares what a union leader has to say big kate? Do u fawningly report Lefty concerns  because u and the Left promoting CBC r doing the Trudeau Liberals bidding again.U r a CBC Liberal party Shameful.,2
@user 2A and putting an end to these Antifa fuckwits. Pardon the language,2
@user Death to Jeremy Corbin by any means necessary !🤪👍,2
@user I still can't read an analog clock like I can but it takes me like a fucking minute to process it and I can't just glance at one like a digital click,2
@user Omg he is!!!!! I fucking hate Dale!!!!!!,2
@user Well iWas cool my girl don’t like shit popping out at her so it scared her a little when shit popped out,2
@user Cockroach,2
@user Wayne say he trying out do drake so this shit gotta be decent at least!,2
@user @user This pope is a dope!,2
It is the consensus of the Republican Party that sexually assaulting a 15-year-old girl should not disqualify a judge from sitting on the highest court in the land and making life-or-death decisions about women's health.   #MAGA,2
@user @user you don't put this much thought into antifa goons ripping downtown seattle apart every holiday,2
@user @user According to the liberals yes!  Guilty unless she proves her innocence!  Wait are you a man? If so then No you can not be trusted ever! How dare you make a claim against a woman! Women are above the sins of man!  We are perfect!,2
@user Zimmerman belongs in prison for killing Travon Martin.  Florida needs to change its gun control laws.,2
@user You mean exactly like conservatives are attacking this current victim??,2
@user @user Those fucking calves man 🤤,2
@user Antifa is Israel's thug squad in America,2
@user Brennan is a disgrace-without a clearance 😃,2
@user John kerry is a loser and a traitor to our country. He doesnt understand that we voted his party out bec we hated the iran deal. He is now working for iran against our gov. At worst he is acting as an agent for a foreign government &amp; if he isn’t registered should be investigated,2
@user who’s the loser bitch!  lol you! fuck you #MAGA,2
@user @user  was spreading #FakeNews about @user FYI. #MAGA,2
@user @user @user Ha ha yes fuck yes 😂😈❤️,2
#ReleaseTheCures #DeclassifyFISA 🇺🇸 #ItsTime #LockThemAllUp #WWG1WGA 🇺🇸 #GreatAwakening @user #Winning #QAnon #MAGA Why James Comey knows he's going to be indicted — 9/14/18 - YouTube,2
@user @user Isnt the NRA that propaganda pushing corporate lobby group that cares about profits and only profits? No idea who the rest of these crackpots are. That guy looks like he has an AR15 stuck up his ass.,2
"@user Hallo please find the unroll here: Thread by @user 1. Moore's failure to deal with the foul smear against him, is a good example of how the new rules could apply. The firs […]"""" #FakeNews #MAGA See you soon. 🤖""""",2
@user @user @user @user I know. I think they’re the ones who’ll be surprised about that since they think all liberals want to make gun ownership illegal.,2
@user Beto the clown who supports the kneeling NFL thugs,2
@user Agree. That’s hatred beyond compare. Her feeling of bitterness of the Duterte Presidency and its success is evident on her tweets and articles. 2016 was really a slap on the face on the “yellow intellectuals” .,2
"@user @user Indoctrinated 🐑 programmed to believe EVERYTHING #MSM #Propaganda tells you to.. The left are the nutcases."""" Acting stupid in a Senate hearing, antifa. Hate filled""""",2
@user Well if Trumpster said it then it must be true he also have himself a 10 on handling Cuba hurricane sad piece of something he is...,2
@user Seems hard to believe that you stood next to a guy wearing those shorts and didn't masturbate but I'll take your word for it,2
"#joebiden calls Trump supporters dregs of society. #biden organized a coup in #ukraine. His son steals $B from ukrainian people as they leave their country in search of jobs. @user #maga #potus @user @user #zog""""",2
@user She’s one of those ‘kooky’ liberals.,2
@user @user Just saw it. Still vague though. He does not confirm if he is done or not though.,2
@user @user @user @user @user here is your boy smoking marijuana and hanging out with a pornstar and escort girl and paying the people that keep her a slave to be his slave. He is insane,2
@user @user @user Saul does not suffer fools. And he is impatient with people who are too lazy to read and learn.,2
"@user @user I let it go when you said  We can take away their ammo"""" when talking about gun control. I said, maybe she just blurted that out, didn't mean it. But you are proving to be a leftist. That's fine, I can still like you, but I don't TRUST you anymore.""""",2
@user @user @user @user So he is misogynistic cause his opinion is different?? I guess that makes you a bigot!,2
"@user So funny, this was labeled as sensitive media""""!!   Yet, people post porn on Twitter all the time. Unfiltered""""",2
@user That’s messed up. #WalkAway Congresswoman M. Waters has ZERO control of her demon within. That’s what happens when she &amp; other stupid a_ _ greedy folks willfully submit their souls to the Devil. Satan was defeated again in 2016. @user #AmericaFirst #MAGA @user,2
"@user Liberals sure love to spend other people's money !!!!!!  Hope and change""""  really works well for the Obamas who are multi millionaires.  Their fortunes have really changed for the better !!!!!!  If liberals have any brain cells left, they'd vote for President Trump !""""",2
@user She is by far the most pretentious little try-hard housemate in there this year. So cringeworthy. #BBUK,2
@user @user He is a man who allowed the wife of one of his coaches to be abused for years while he covered it up. AND threw everyone including his own wife under the bus to help himself when all of his lies (he never thought anyone would know)came out. He is a total pos,2
@user Where is the gun control crowd now that illegal immigrants are waltzing into our country heavily armed,2
@user I'm frothing over all of it so far.. 🤤🤤 ..the goodest shit. 😏,2
@user She is not an anti trump. She’s a racist race baiter who is no better than Alex jones and other crazies,2
20. Close ties w/nra &amp; funding more imp than people's lives &amp; sensible gun control; 21. Attempting to defend Planned Parenthood whilst at same time rolling back intelligent sex education &amp; replacing with abstinence only teachings which is just fucking stupid;,2
@user 😂 NIGGA hit em wit the o well lowkie,2
A bitch built like that could beat my ass all she wants,2
@user @user @user @user lol she is such a troll im so glad she went away and all u trump supporters told her to GTFO. Thank god we got a real superstar in @user who is going to actually fight for everyone no matter who they choose to vote for. Isn't she awesome! Please join us we rly need ur help!,2
@user @user They probably shutdown the @user website because of the death threats. If she votes yes she’ll most likely get lots of support from #MAGA voters.,2
@user It’s not a right mind. If it were they wouldn’t be conservatives.,2
@user Frankly I hate that argument. Gun control. Healthcare. Student loans. Tax policy. Climate change. Social Security. Medicare. Even car emissions and mileage. There is a clear difference on each and every policy.,2
@user @user CA has inadequate gun control.,2
#obama: wall won’t keep terrorists away. Same Obama: gun control will prevent killings by criminals (and terrorists?) #WalkAway,2
@user Reading this thread it sure seems like your followers aren't for gun control after all Jimmy 😂😂😂😂,2
@user @user He worries about “antifa” while he invites and poses for pics with known neonazis. SMDH,2
@user Well she is better looking than the lying chicks lawyer,2
@user Blame Trump for the weather and the corruption that existed for decades in PR. What an ass typical democratic,2
@user @user In the criminal world of the democrats &amp; liberals this is exactly how it works!!,2
@user So then your saying the @user platform of gun control and reform is nothing for them to worry about? Kind of like #Kavanaugh is going to kill women and Gays?,2
@user I love you bitchhh I aint never gonna stop loving you.... bitchhhhhh,2
@user Me and bronbron are cool now. It's ok if he eat ass #lakergang,2
@user Gun control . . . means being to hit what your aiming at! These elderly homeowner have great gun control!,2
@user @user @user Trudeau’s liberals have no rules ! Time to oust them!,2
@user @user TRUMP IS A FUCKING ASSHOLE AND IF YOU THINK OTHERWISE THEN YOUR AN IDIOT. MY FRIENDS IN PR WERE HURT. YOU ARE THE ONE THAT NEEDS TO GET EDUCATED. I EDUCATE MYSELF EVERYDAY I TALK TO THEM EVERYDAY. SO STFU,2
@user @user She’ll have a total mental breakdown when he is re-elected!!!!,2
@user GOOD BITCH!!! The hood missed you 😂 crazy thing is i just was saying how em smoke out by your house used to be lit everyday,2
@user CONway say it louder for your fellow #MAGA Trumpkins because they are the horrible peiple insulting her!,2
@user @user HYT ENEMY OF THE PEOPLE,2
@user @user You are an embarrassing citizen!!,2
@user   How is it you had a document that all those women signed if you didn’t know anything about the accusation. Sounds to me a cover up was planned. You are a disgrace to the office you hold,2
@user @user Find a voice? The voice they have is their choice to say no to having unprotected sex ... it's not just pregnancy women need to worry about it's STDS and HIV also ... Being responsible for your sexual safety is important ... In the age of #metoo you should already know this.,2
@user And there's more murder gun deaths in states with strictest gun control. So how ignorant does that fact make you,2
@user It’s not wrongfully characterizing. It’s the fucking truth and you guys are just to ignorant to see it.,2
@user Fuck it. Just do it Haha,2
@user @user If this yutz was any dumber she'd have to be watered twice a week!,2
@user @user gfy ...the NFL should get no protection from the police...and no support from our military...the league will slowly die on this road of shame!!!,2
@user I think Michelle spilled Democrats plans for civil war.. liberals are lunatics,2
@user thats why they lobbied the government to ban reaserch funded bye the cdc that could be used to argue for gun control. guns in the home dont make you safer. quite the opposite.,2
@user You are such a losing Democrat....No one believes what you say...You speak well but part of crooked Democrats....Pers Trump has done more for the USA than any other President put together....LOSER,2
@user Amazing that the Dems are always the ones who hear the whistle.,2
@user Beto also wants open borders so illegals can come an go as they please an also more gun control espically on semiautomatic weapons...#BetoNotForTexas,2
@user @user @user @user Her word against his &amp; one more! She is a left wing nut nobody would touch &amp; is mad cause #Kavenaughs Mom had to evict her parents!,2
@user Yet this kids in chicago killing each other daily cause u doing so much good in your home state with gun control right?,2
.@USER just read that flaming pile of garbage you wrote and the National Review calls an article. Why are liberals losing their minds when the President is being investigated for collusion with a foreign government?! Why is he nominating ANYONE for a Supreme Court appt?,2
#God The Media Using Criminals as Heros to Push for Gun Control,2
@user @user @user Listen here lady my tweet was about the fact that I’m sick of hearing about trump every time I listen to news.  Idk where the fuck you get off trying to spin it in to some sort of racial situation!  YOU are part of the problem. Stop turning shit in to something it’s not.,2
@user where did you dig this one from? She is dope sha,2
@user @user MEGUMI IM SORRY I ASKED TO SEE YOUR TITS,2
@user Because Obama has zero accomplishments. He is the worst President r leader of any country hands down. It shows the liberal lunacy when they worship a total loser. They don't know what they want..no party goals. nothing except complain about TRUMPS accomplishments. Fu*k liberals.,2
"@user @user Lol these are exciting times..."""" God he is the worst""""",2
And there we go ... so according to the MAGA believers kavanaugh  couldn't have attempted to rape Dr. Ford because her lawyer made a donation to @user . Idiots,2
@user I used to do signifing monkey by heart. Played it for the wife and she is like what the hell?,2
@user Vote no on Kavanaugh. He has committed perjury. He has dodgy financials. He thinks the President is above the law. He thinks contraceptives are abortion inducing drugs. He is too extreme for the SC.,2
@user Damn right .if you think any different then your part of the problem with this country .thank God we have a president who puts #AMERICA #FIRST instead of putting illigal aliens ahead of americans .,2
@user it does which sucks but honestly at least i can mute all the instances full of weirdos and just scope fed/local it's a treat,2
@user It doesn’t go far enough. Jr. You are going to jail....treason....,2
Pigeon Girl can also send pigeons to poop on all MAGA hats.,2
@user Who TF this white devil Jersey shore bitch?,2
@user He is way more creepier and says way more stupid things,2
#deepstate @user @user @user @user @user you are going down! #MAGA #RedWaveRising #redwave #WalkAwayFromDemocrats #WalkAway #WalkAwayMarch  make this viral,2
@user Fortunately the rest of America is not the Swamp in Washington. Washington is the worst place to decide what's good for America.,2
@user @user @user @user @user @user @user Maybe stop attacking Conservatives and you might find they don’t retaliate.,2
@user @user  We all have concerns about the Democrats' disgusting Behavior and disrespect for this country and our Constitution of the United States and the violation of your oath to Citizens and our constitution.,2
@user @user @user We have a stupid problem. Conservatives don’t just hate studies by smart people  (smart people suck) that show data (data schmata) and facts (#fakenews) but just being near one can turn somebody into a nitwit. #cdnpoli,2
@user @user Probably have their violent liberal Antifa in full force showing us just how much they really care about any humans. Nope I'll never fall for their fake sympathy garbage as long as they pay to have strangers beat to a pulp by KKK hooded thugs. Never!,2
@user @user why don’t you release names of all our elected officials that have paid for silence for sexual assault claims done while in office with the fund designated for paying off claims; Ford does not know how got home. Maybe attack if happened was by who took her home. #,2
@user He is useless.   I hope he has plenty paper towels. Why can't he act like a grown up???,2
@user @user The Stinking media says Antifa and Code Pink are black radicals...every one I ever saw was a Racist White Democrat and they blame their violence on blacks.....bad stuff,2
@user yes bitch 💖💓,2
All Trump's and Pense 2020 merch is being made is China and not the USA.    ...maga ??   #VoteThemOut2018  #TrumpsArmy,2
@user Actually it seems more specific than that. It appears the CBC is saying opposing gun control is the same as covering up child molestation in the catholic church. WTF??,2
@user Why are you talking?  You have zero credibility with anyone!  You lied to the @user and you lied to America. Slither back under your rock!  Your wife said you were going to be “the John Dean” of the scandal- you are “the George Costanza” #liar,2
@user that's fucking gross.,2
@user Better hurry she is pretty old,2
@user Yes you are stalking. That's what a weirdo would do. If my tweets over video games hurt your feelings then go ahead and block me. Lol,2
Understand the meaning of America by reading Creating the Declaration of Independence by @user and share your knowledge of the American Creed with your fellow citizens. #MAGA #KAG @user @user @user @user,2
@user #CrookedHillary are you drunk again?  Go back to bed granny.#TrumpTrain #MAGA #Deplorables #DregOfSociety,2
@user @user Unfortunately gun control is long game and the house always wins.,2
@user All this tape proves is that @user was always out to get a paycheck and to sabotage the one person who actually gave her a chance.  Who tape records conversations in the White House??? Only someone looking to sell it later. She’s a snake,2
@user @user @user @user Don't feel sorry for her. She is so greedy she even hides her Patreon amount and dumb kids keep donating for watching her playing games and whispering into a mic.,2
Maybe he was smart enough to get on the #TrumpTrain and tired of getting run over by it! Unlike you and your sycophants..,2
@user @user @user The deception and dirty tricks happened when @user refused protocol and stole a SCOTUS seat from Obama.  Conservatives love to fight dirty but then cry foul when others call them on it or play hardball right back at them.  Bunch of pussies.  #MerrickGarland  #Resist,2
"@user .@USER calls you an intellectual prostitute"""" because he knows that you are smarter and more intellectual than he.""""",2
@user He should be talking about the Chinese leader seeing they pollute the most.,2
@user Holder should've been removed and jailed years ago.,2
@user Our great state has been flooded with illegal immigrants and liberals  from blue states looking for work. Then these dumba$$es vote Democrat!?!!! Go figure. All insane.,2
@user @user We don’t support gun control in Texas.  So long Beto!,2
@user @user @user @user @user Except those whole emails the prove what yer sayin is wrong.  Hannity is paid 30 million a year to blame immigrants so you idiots happily pull the feeder bar for the guy gonna take away yer healthcare. Gotta say the stupidity is entertaining. #maga,2
@user Another terrorist brought in by obumer!,2
@user Well since your streams always have porn in the title im going to sa you love porn,2
Anyone surprised? @user  #CloserNation  #MAGA #QAnon,2
@user @user I'm not in uncomefortbul miss Williams is a great actor or she thinks she is miss Williams is out of order in what she said to the ref rules apply even to miss Williams but your turning it in to o as a women don't this bone that miss Williams is out of order that's a stone wall,2
@user We agree that Trump is a Nazi sympathizer. But the Sandy Hook Hoax and gun control is right out of Hitler's playbook. Bloomberg is a Nazi when it comes to gun control. Dems need to moderate!!!!,2
@user I'm an asshole though,2
@user I don’t care if she is right or left go back to tv bitch one tv star in office is more than good #hollywoodisscum,2
10kids from different women from this American jobless men? Nigerian men you are the bomb!!!,2
@user @user But that’s not convenient for Democrats who must destroy a man in front of his wife and children for the sake of power- Power that allows them to weaponize the FBI - CIA- NSA -IRS- all used against conservatives !!,2
@user bITCHC IM UWUING,2
"@user @user @user LOCK HER UP! Haa! Looool. CANNOT WAIT! What a blatant lie! Somebody is scared boy!! If that F******* B****** trump gets in, we all hang from nooses!"""" Who remembers that one? Can't imagine the anxiety she is feeling. Makes me smile.""""",2
@user @user You go Mike and by the way Sarah she is the best lair .,2
@user @user Funny because he is a dildo!,2
@user @user Maxine is a CRACKED POT and should be run out of town.   What  a loser she is.😀 What a joke she is also.,2
@user @user and if there is gun control in USA -who will be rounded and exterminated ??,2
@user They could literally give two fucks af 😂 like ummm okay thanks 😂,2
@user @user Says the bitch ass boy hiding behind a keyboard it don’t hurt to ask for help sometimes can’t do everything alone you fucking clown if he can help then something is better than nothing that’s why I asked even if he can’t it don’t hurt to ask fuck off my twitter weak ass nigga,2
@user @user As I’m watching it Bentley kept looking at me 😂 he being crate trained again so we good for now. He only allowed out to eat pee and shit and occasionally play time 😂😂🤷🏾‍♀️,2
The ”beautiful people” still don’t get it..Shameful! keep digging @user 'Dregs of society' support Donald Trump. @user @user @user @user @user @user @user @user #MAGA via @user,2
@user Blowing dirt and the misery of millions?,2
@user @user @user  This is because Japan have a PM with COMMON SENSE &amp; FORESIGHT. They do not pander to Muslims like MAY does. TORY POLITICAL SUICIDE - G.E. 2020 😄 @user ex TORY,2
@user How? Because they’ve been brainwashed by Obama and the media and they’re full of hate for conservatives.,2
@user A resounding NO! 🇺🇸 #MAGA,2
@user Sucks,2
@user California? How? Gun control laws should of prevented this,2
@user Any time liberals think their going to get a win they tune into their head cheerleader. Then they realize the latest bombshell is once again nothing and go back to their miserable existence eating chunky monkey (not racist) and watching Netflix,2
@user True point.  Gun control is total bullshit.,2
Soooooounds like an AWESOME plan !!!  Next he’s gonna be pulling money from Medi-care &amp; Pensions to pay for all the Golf Cart Rentals for his @user detail that watches him struggle to stay on the fairways on all the Golf Weekends he swore “he’d NEVER have time for” #MAGA,2
@user Everything he just said. Is exactly why we need gun control. It’s about saving lives. Nothing else matters just saving lives. Some people get bent out of shape over the second amendment. It’s my right. Crying! Put your feelings away coward! put your guns away coward. Gun=Coward,2
@user We have nothing to lose in dumping rump asap. He is a menace.,2
@user @user Feinstein wanted to delay until after the midterms.  Hopefully the RED wave will wash her into the Atlantic. #MAGA,2
"@user @user @user @user The Republicans have no sign of having a plan for any of that. And Fuck Trump"""", considering his failure, is a legitimate platform. It's better than the Republican sure-tragedy alternative.""""",2
@user @user Yes mothers now this is what the deranged left will make you do to your little boys! Are we really going to let this happen? Pure EVIL! #VoteDemsOut #MAGA #2020 #ConfirmJudgeKavanaugh @user,2
@user It’s funny how you idiot liberals seem to forget when other presidents do the same shit. Haha.,2
@user @user Somebody do something!!! This show sucks anymore!! The set designers are good though! #firemalyoung,2
@user @user Guy if you can't explain yourself after a day that's a good indication youre talking shit,2
"an already-debunked viral hoax"""" Tell me who decides if a meme has been debunked?? A potentially biased human has to thats who.  #facebook #rosetta #memes #qanon #maga",2
@user Google go to hell!,2
@user @user Sorry for the Democratic party is the party of hate they formed the KKK and antifa. The GOP it's finally got back in the office and the economy is booming and people have jobs wow overlook this. You liberal people are the most trashy ignorant things on this planet.,2
just saw a group of freshmen wearing maga bucket hats 🤢🤢🤢🤢🤢🤢🤢 i hate this school,2
.. this woman has nothing but play tennis and yet she is constantly being disrespectful it’s insane. the whole all owes her an apology atp,2
@user @user @user @user Obama will be remembered as the man that destroy libya. Imagine if mi6 or cia give blm or antifa guns and wages war vs trump. Then they control the msm and say trump use chemical weapon to legalize their coup. The blood is on obama hand.,2
@user @user He is a pedophile and a criminal! He deserves to be fired!!!!,2
@user can't fucking believe it.,2
@user Most men are decent and respectful so how is it that the so-called conservatives have such a knack for finding and elevating sexual predators?,2
@user So that's why he is dead now??? Really FOX?? I would call that completely unrelated... This is why BLM is neccessary,2
@user Cause you sweet lil nigga,2
@user @user Or maybe to pay for their protests since Mnuchin shut that slush fund down. Probably going to pay for Antifa riots. Busing in people and weapons.,2
@user wow @user you are so cute,2
@user Made my wife take the Egghead Bible Challenge. Our two kids are obviously more obnoxious than that loop because this shit isnt phasing her at all.,2
@user @user Jesus Christ. Liberals start young with their brainwashing,2
@user @user @user I really think he is mentally ill. Why does his family not address the issues? Maybe Jared did with the op-ed?,2
@user @user Look at her moving and not one word of Truth coming out of it. If you ever get a chance to ask that layer a question ask her do you agree with me that the Golan Heights belong to 🇸🇾. She is dead dead in the water she couldn't answer it without condemning herself true,2
@user @user @user @user @user @user @user @user @user @user @user @user @user @user @user @user @user @user @user @user @user @user @user @user @user 😁TeleSmokaCatin'  damn that looked better in my head😁😉🤣😎,2
@user fucking liar she was happy to play kate nash when you asked her,2
@user @user @user @user He's having a go at people who love David Gilmour but who think Roger Waters is a bit of a dick... Obviously.,2
@user @user @user @user Bank deregulation happened under Gordon Brown with his dramatic changes announced in 1997 (not in manifesto) including independent central bank and removal of @user supervision of financial sector. How old are you? Who taught you this rubbish version of history?,2
@user He’s a dumb ass!,2
"1/7 🔥🔥🔥  CONSERVATIVES SUDDENLY REALIZE JUVENILE OFFENDERS DESERVE LENIENCY  The president regularly refers to teenage gang members as “animals,” and has, in the past, called for imposing the death penalty on alleged teen rapists. ...",2
@user Conservatives have become the cadaver party.,2
@user @user Buckle up Democrats and liberals! The shit is about to hit the fan for you and the FBI/DOJ !,2
@user I’m a sick fuck I like to quick fuck,2
@user But I thought Antifa were actually fascists but this shows Rethuglicans are the actual fascists in the room.,2
@user @user Donald trump said Mr Cruz is a lying dog you can't trust him or his wife said his father was involved with shooting president the president in Texas in Dallas America can't trust him he is a lier then how can he stand up for him down there in Texas campaing,2
@user @user And - on reflection -  I is a sycophantic twat   But that does not mean he is wrong,2
@user Hopefully she beats the shit out of the chair ump in Australia to really show them..,2
@user The transparency of their acts furthers the myth that all women are victims. Some truly are but these crazed liberals wouldn’t know one if they saw one. In the end their hubris will hurt the real women that really need help.,2
@user Anyone is a target for the Leftist Liberals. GOAL? Decent God-fearing conservatives will pass on Gov service! RESULT? The country is harmed! Congrats to Liberals - your ANTIFA anti-America blossoms!,2
@user @user Reading these comments..this dear boy was burned alive!!!! And some are still talking about gun control! My gosh people!,2
#MAGA you ignorant dupes. Everyone knows this is just not true.,2
@user @user .@USER you want publicity? Try doing a video apologizing to your fans for kissing trump’s a$$ while burning that maga hat. Puhlease you were just apologizing to drake &amp; posting video of your daughter singing the Kiki song. So stop it. Nobody’s buying this album either,2
@user @user @user @user You forgot to tag your Bulletproof bullshit mate @user .  You got sucked into the vortex Tom and now you are drinking all the koolaid.,2
You you have committed so many crimes. No care what a liar has to say. You belong in prison. #MAGA,2
"@user Bill O'REILLY, it can happen because, people like you will not speak out Against YOUR"""" POTUS AND NRA about GUN control!!!""""",2
@user He needs to Either Pick Politics or Singing ....... Either way He Stinks at Both!,2
@user If you are looking for hard heads you only have to look at the Republican Congress,2
@user @user @user Says the little commie thot. I bet that $20 is more than your hourly rate,2
@user lets stretch bitches,2
@user LIBERALS; It’s Trumps Fault. 🤔,2
@user And dying a slow death such a shame,2
"@user @user @user @user  Flake shld end his search for relevancy"""". He's RINO filled w hatred for POTUS. #Despicable behavior""""",2
@user Than we wonder why the Dems. are blooming idiots here is a fine example. How to teach your kid to be a vulgar protester. Way to go Dems. this kid will grow up to become President of Antifa.,2
"@user @user @user @user @user philosophically speaking, can a hippie, crazy cat lady who supports antiFa still be called a fascist""""? literally asking for a friend who's a constitutional """"scholar"""".""""",2
#UnsealTheDeals of #Congress Sexual Assault #SlushFunds NOW pls @user 🙏 #MAGA bc #WeThePeople WANT to Know! The #Hypocrisy of #DoubleStandardDEMs is SICKENING! 👈 #DeclassifyFISA 👈 #DeclassifyRelease302sUnredacted 👈 &amp; #DeclassifyPOWsDocuments while yr at it. 👍 #DarkToLIGHT,2
@user and @user you need to find this lady! Do your thing. She is a terrorist waiting to strike.,2
@user The liberals sure are walking a VERY dangerous line.,2
#qanda what happen to the predicted fall of Society after  SSM. Only the religious conservatives right     are the ones  running a muck in government.,2
"@user He should be ashamed of himself.  Did Michael Moore start the term on the internet called a troll""""?  I think he is an ancient troll that is coming into his age with the liberal hysteria and their guided ignorance.""""",2
@user Did she make some sort of sexual or foul joke? Liberals really like making her do that,2
@user Every one is on these social media platforms arguing about who is racist and who isn't while the powers that be manipulate it to push their agendas and gain power.  And shit.  I know exactly what ur saying im pretty liberal guy and i can't stand the racism discussions.,2
@user minus well keep him how he is bruh,2
@user Total psyop at this point to anger liberals and keep them divided so they dont leave their sorry ass party.,2
@user Animal is the operative word !,2
@user @user @user These guys are only known for diverting topics only. He is a pure sanghi. Let him bark.,2
@user This is why women lose their credibility- she was empowered??? Ohhhh Me too! These women and liberals have high-jacked the movement for women who really have been abused. Disgusting,2
@user What the hell are you talking about? The only threats are coming from gun control nuts made against her kids.,2
@user @user @user Stop lying liberals. He said that is absolutely nuts,2
@user This is what conservatives think a genius looks like. LMAO,2
@user Thanks for being a bad bitch we CAN believe in,2
"@user @user @user @user Um, no? Saying that Labour is the party of hatred"""" implies they are the most hateful party, and therefore The Conservatives are less hateful.  Whilst the claim about the Tories can be disputed, it's not whataboutery.""""",2
@user @user Serena was outplayed &amp; acted like a spoiled brat. She is not above the rules,2
@user @user The liberals won’t investigate because they know there’s nothing there. They’d rather have someone else do it so when nothing is found the liberals can blame them.,2
@user She is delusional! Get rid of Electoral College so she and her corruption cronies can ruin the USA! They almost did!!! #VoteRedToSaveAmerica  #MAGA 🇺🇸🇺🇸🇺🇸,2
@user @user @user  The left party relativizing and playing down communist crimes,2
@user @user @user @user @user @user @user @user @user @user DNA testing? I thought that was the obvious answer. I wouldn’t even want to consider what the snowflakes would say if Border Protection detained or released  a child with a pedophile or child trafficker! ... but I take it Ed doesn’t care?,2
"@user @user unleashed""""??  No your Lowliness, it's the beginning on an exorcism against the evil in the Body of Christ known as the leaders of the Catholic Church.""""",2
@user Shows the world just how useless and ineffective you are.. You little whiny brat.. Why not go cry in the corner with what's his nuts??? Oh yeah... Acosta,2
@user @user  This is insulting. I'm black and fully capable of getting IDs. What makes you think that we can't?  Lets be honest. This is about liberals (mostly white 1s) that want to appear as saviors and vanguards for minorities. Its about protecting your fraudulent votes.,2
@user She never planned to testify. It was all an act - one that fell flat very quickly.  Liberals will never learn.   We know their tactics. We can accurately predict their actions &amp; responses. We also know how to think &amp; do research. That's why they hate us. They can't control us.,2
@user @user is a very lost soul! His father f**ked him up real good!,2
@user @user Maxine needs to consult a shrink coz she is suffering from trump syndrome,2
@user Could have been you if you didn’t stop taking Molly and shit! Glad you changed and are still around. Absolutely sucks max passed. Such an amazing artist! Rip Mac.,2
@user Hate mongering is No solution for NFL KNEELERS - change up your playbook losers,2
@user Can you Say Insanity? #LockThemAllUp #HandCuffsForHillary #MAGA,2
@user IM VERY HORIBBLE AND SHITTY THATS HOW I AM😭,2
@user @user @user @user Fuck yeah!!!,2
"Rahm Emanuel’s failure is an ill omen for all Democrats""""  #TCOT #MAGA #RedNationRising""""",2
@user @user Why the fuck do you cover American politics more than Canadian politics? @user is a fucking disgrace. Report news. All news. Not just the stuff that makes conservatives look bad and ignore the stuff that makes liberals look bad.,2
@user Such a liar. Anything Trump says to Mueller will be deemed a lie because THREE dishonest LIBERALS collude to lie &amp; Mueller will elect to believe them over the truth. Do you really believe Trump OR THE AMERICAN PEOPLE are stupid enough to fall for that? We're not as stupid as you.,2
@user Perfect example of a country with gun control. I bet those guys were happy the criminals didn’t have guns.,2
It is time to take these people down and take their power now before they hurt our PTOTUS!! These people are ABUSING their power that was given to them in trust! ..@USER #Maga #QAnon #WakeUpAmerica,2
@user @user So you are going to deflect away from nearly 3000 dead due the the lack of post hurricane support from the Trump administration by using the deportation of a single 92 year old man? You sir are the offensive one.,2
@user @user @user @user @user Because he is a scummy human being.,2
@user @user Omg!!! A good guy is now evil!!!! Same thing happening is America!!! The Globalist world leaders with all their money would have us believe what is evil is good and what is good is evil!! I’ve read that in the good book!!  For the end time!!!!,2
@user 🤷🏼‍♀️ that would be silly.,2
@user @user @user John careful... liberals will attack you for thinking critically because the facts aren't on their side,2
@user @user @user @user @user @user @user @user @user @user @user @user @user @user @user @user @user @user @user @user @user @user @user @user @user @user I never talked about gun control in any form.,2
@user Well she is dumb as a box of rocks so will give her a pass,2
@user He is what the industry stands for. All about spreadsheets and no care for the human side.,2
@user @user WHAT A DOG..SHE IS...,2
@user The killer is in the house. #MAGA #WallDoesntProtectFromAmericans,2
@user Mann i ain’t that smoove booty like you gee 😭😆🤷🏽‍♂️,2
@user C’mon brah! Go finish your mother fucking apple cider beer and shut the fuck up!!! Adults are trying to have some fun on Twitter... 🖕🏽😂🖕🏽,2
#ThursdayThoughts- FUCK liberals. Forever.,2
@user My friend is involved in the gun control movement-had the same discussion with her. She really believes semi automatic guns aka “ Assault Rifles” spray bullets with one trigger pull. Total ignorance,2
@user He is telling you he knows where his bum is. Writes “ass” with his bottom. What more proof of higher intelligence do you need?,2
@user So Dissapointing. This guy is the biggest hypocrite in the country. Embarrassing that he is our Senator,2
@user oh fuck i forgot about poopy in my diaper pants you know me before i know myself,2
@user @user @user @user @user @user @user @user @user @user @user @user @user @user @user @user @user @user @user @user @user @user @user @user @user @user @user @user @user @user @user @user @user @user @user @user @user @user @user @user @user @user @user @user @user @user @user @user @user Dint pay any attention to her...she's yet to say anything of interest... meme jerk.,2
@user Keep up the good work while the liberals waste time crying and pointing the country moves closer to greatness again! MAGA,2
@user Trying to shape opinion. #MockingbirdMedia at it's worse.. Read the comments.. It failed miserably.. #MAGA #GreatAwakening #TheStorm  #WeThePeople  #WWG1WGA  #DrainTheSwamp #ReleaseTheVideo  @user #MockingbirdMedia #FakeNews  @user #QAnon #QAnon8chan,2
@user It’s like that mother with the spoiled rotten bad as heck kid. She still loves that brat and when bad things happen to him because he is a brat and deserves it-she still sympathizes with her child. Norm should realize when your livelihood depends on....,2
@user @user You missed seeing Pruitt chewing butt all the way to the end. He's all business. I love it,2
@user @user Oh shit the mafia have finally found me,2
@user @user @user @user @user @user @user @user @user @user @user @user @user @user @user @user @user @user @user @user @user @user @user @user @user @user @user @user @user @user @user @user @user @user @user @user @user @user @user @user @user @user @user @user @user @user @user @user @user @user Even pedophiles in interviews will tell you the only way to stop them is to kill them. Pedophiles even admit to when out of prison they will offend again and that’s what keeps them alive in prison... the hope of another opportunity to molest an innocent child. They are sick f*cks,2
@user The more this woman talks the more stupid she becomes. #TermLimits #Liberals,2
@user Yeah - because ANTIFA are nothing but violent thugs who assault anyone and everything.,2
"@user You &amp; your husband are double-talking hypocrites. We can see right through your gun control"""" facade. What you really want is for us to give up our guns while you &amp; your husband get to keep your guns.""""",2
@user @user @user @user @user @user @user @user @user @user The FBI would be the proper authority to administer this polygraph despite their corruption at the top of their organization.,2
@user For what??? Lies and rumors being spread by liberals with their known pattern? Hell NO.,2
The beauty of #TheView is that no one pretends not to be a leftist.  @user #maga,2
@user Poor old Rudy he is as full of shit as a Christmas Goose.,2
@user I want to fight one of you for real you are taking the piss,2
@user She is demented.,2
@user I heard ur cock was big and lonely,2
@user @user So Alyssa you saying he’s guilty?  What ever happened to innocent before guilty?  And if he is innocent would you at least tweet an apology?  Shut up and answer the tweet.,2
Still canny get er somecunt in maga telling us no to go into bananas cos French boys were spiking folks drinks &amp; kerr turns round n shouts fuck it free dunt 😂😂😂😂,2
@user that shit different frfr.,2
@user LOL LOL LOL LOL LOL!!!!!!!😂😂😂😂😂😂😂. You are a fool!!!,2
Chances @user got @user ‘s Mario Cart penis confused with one of the few thousand she’s had since then. Can you remember what a specific slice of pizza 🍕 you at 15 years ago looks like? Dems like ancient memory based accusations #ConfirmKavanaughNow #MAGA,2
@user @user @user @user @user That was fucking fast holy shit lol,2
@user @user @user @user @user @user @user @user @user @user @user @user @user @user @user @user @user @user @user @user @user @user @user @user @user @user @user @user @user @user @user @user @user @user @user @user @user @user @user @user @user @user @user @user @user @user @user @user @user So true! Poor basement dweller!!,2
@user As he should. The world doesn't stop because you liberals wanna hijack a process and delay at all costs.,2
@user *REPLACES CHICKENS WITH GUN CONTROL*,2
"@user Shit like this is why I don't follow @user  Who me? I'm just stating basic facts.  Totally NOT diverting from the actual point. Just stating a fact.""""  You're a phony""""",2
@user @user I’ve been complaining about this shit all tournament long. They think people in USA care more about Roger Federer favorite food than they do watching Americans play. It’s such a turnoff that I turn the channel,2
"#MAGA people are very low IQ. GDP Growth"""" means LITERALLY NOTHING. In no way does this translate to higher income for white familes or individuals. All that billions goes to companies or government.   And what jobs did he create? Labour which pays less than living wage lmao?",2
@user @user Wish u folks luck w that. I think you’re fucked though.. There will never be enough pro gun folks elected in California to turn the tide on gun control. The masses are convinced guns only equal bad.  They already tell u which &amp; how many guns you can buy.  Now ammo. What’s left?,2
@user @user @user @user @user What does it matter who I vote for..it’s the left who pushes for gun control yet portrays black men in music vids as violent gun “users”..stfu! Lmao sleeping fools,2
@user you are a lying corrupt traitor!!! Nobody wants to hear anymore of your lies!!! #DeepStateCorruption,2
@user And the fact he called you a nigger after you respectfully told him your preference damn near proves that theory 🤦🏽‍♀️,2
@user @user I’m not a muppet. I’m a 6’2” 215 lbs voter who is of Puerto Rican decent that doesnt take BS from white liberals like you.,2
@user Lol they have no idea Nazis were socialist. Their complete inability to grasp reality is so mind blowing. Antifa is no shit calling for a civil war to defend slavery. The confederacy considered Lincoln a fascist too... hmmmm.,2
@user @user Or he is part of the fraud they pulled together.,2
@user @user Murda fucker,2
@user @user of coarse he is alex and many other nation leaders are as we;ll lapdpgs,2
"@user @user @user Gawd you are missing the point so hard. Yes she could have. Point is she is expected too. The responsibility lies solely on the woman in our culture. The man is not berated for his actions. The woman is. Listen to you silly girl"""" you are part of that culture.""""",2
@user Another sick liberal 🤭,2
@user Nope. Not going to miss his sorry ass at all.,2
@user I believe he asked people 2 vote out aishwarya bcos she is mentally unstable n has mood swings,2
@user Corrupt dcrats in charge in PR the big problem,2
"@user @user @user Especially those who play the Good Religious Boy"""" routine as 80% of their """"Job Interview"""". Seriously, imagine pulling that crap in a job interview &amp; then imagine - interview for Supreme Court Justice.  Kav spends WAY too much time talking about how pure he is.""""",2
@user @user @user @user @user You are under a delusion if you think calling HRC backers idiots is attacking the messenger. They are not the MESSENGERS they are the ones that signed for and took delivery of the message. But that was packaged and sent by the DNC.,2
@user He's another one of the puke pool!! It's getting pretty full I can tell you that for sure!!!,2
@user UR SO FUCKIDNG PRETTY PERHAPS I SHED TEARS,2
@user @user U a dickhead for that😂,2
20 more votes for #Democrats &amp; let's see... How many murders of #Conservatives #justsaying,2
@user @user @user @user @user @user @user @user @user @user @user @user @user @user @user @user @user @user @user @user @user @user @user @user @user @user @user @user @user @user @user @user @user @user @user @user @user @user @user @user @user @user @user @user @user @user @user @user @user @user How an #evangelist speaks when he is filled with holy spook,2
"...We can no longer sit on the sidelines and remain silent on this issue."""" - Chip Bergh, chief executive @user   This is what #PeopleOverProfits looks like. 👏",2
Was this a threat from @user #DangerousDemocrats #maga,2
@user @user Da fuck is going on people?   There's the men's room and the women's room  Pick one and stick w it 🤔,2
"@user Screw you and that keep up"""" shit honestly 😂""""",2
@user You don’t get it it all. Women don’t like to come forward because of men like you. When they finally do come forward men LIKE YOU either slut shame them or call them liars. Men LIKE YOU are shy a lot of victims remain silent.,2
@user @user LMAOOO fucking love you see you hotties soon xox,2
@user Hiding like the caged animal he is.,2
@user Yeahhhhh I will admit to being a Destiny 1 Cayde Liker but God they just made him suck in 2!,2
@user @user @user He’s as clueless as out his disgusting looks as he is about every other thing there is to know.,2
@user Trump kicks dem butt - its so fun.,2
@user HPLYK FUCK,2
@user You are awful.,2
@user REST IN PUSSY,2
@user Go back to Canada you freak.,2
@user @user @user And your gun control has failed to reduce homicides.  Your homicide rate has not dropped after all of those gun laws.  It has however rose.  Enjoy bending a knee to the people who don't really give a shit about you though.,2
@user @user Endless Dreg here...😀😀😀😀@USER 🇺🇸🇺🇸🇺🇸#MAGA    &gt;&gt;&gt;&gt;&gt; @user &lt;&lt;&lt;&lt;&lt;&lt; Pervert supreme of society,2
@user Today Collins is back with another excuse to vote yes.  It's all disgusting. Every GOP rep can see what he is.  They won't stop working against the common man.  @user @user @user @user @user @user @user @user,2
@user @user @user People who employ fascist tactics are fascists. That's what ANTIFA does. Do you want me to start posting videos of ANTIFA riots?,2
@user I know sex sales and we all know Ridge was going to choose his daughter jmo I wanted Hope to get it,2
@user He is about as useless as a tit on a hog just saying 😎,2
@user Girl bitches aggravate me!,2
"@user @user Democrats want more Gun Control!  I say,   Just go to the range and practice,..  you'll get better """"",2
@user I like how her boobs have the same mass as her belly XD,2
@user You're literally white nationalist radicals and enemies of the state. You're lucky you're not being hunted down by federal agents like the terrorists you are...but the citizenry will act in the state's place soon enough. ACTA NON VERBA. #TheResistance  #ResistTrump  #Antifa,2
"@user After watching the entire match and controversy Serena is lucky she didn't get a match misconduct. She is so upset that the ref. Would give her a warning for her coach coaching"""" which he even admitted to. The ref did nothing wrong he enforced the rule and Serena did it like it.""""",2
@user Bitter Obama?  How about Seriously Worried Obama.  He is the head of all this corruption at FBI and DOJ.,2
@user More misleading nonsense. It’s like you are incapable of straight News. Fake through and through.,2
@user  Money better spent on American Mental Health or gun control Sandy hook Vegas Concert Theater Shooting Church in Sunny Springs,2
@user WHAT THW FUCK,2
@user Oh Nancy I agree with you wholeheartedly I do not think I have ever hated anyone in my life like I feel about this man The fact that he is supposed to be our leader makes my stomach turn SMH I have lost all respect for the GOP completely that they sit back and allow this travesty,2
@user Only suckers are paying $40 for early access to a game they'll hate in a week,2
@user @user @user that sucks. Have plans?  you should team up with lemons!,2
@user @user lol how on earth do you think antifa needs funds for anything? kicking nazis is free and business is booming,2
Even Obama Trade Rep Acknowledges:   Trump Is Cleaning Up An OLD Global Trade Mess   #maga #MakeAmericaGreatAgain #makeamericaamericaagain #makeamericastrongagain #makeamericasafeagain #makeamericasaneagain,2
@user They are false. This is what the democRATs do best. #ConfirmKavanaugh #MAGA #DrainTheDeepState,2
@user @user YES BITCH,2
@user @user There are plenty of sane centrist democrat citizens but far leftist politicians &amp; Antifa weirdos? No thanks.,2
@user Fuck you it’s 3,2
@user @user Guess who is really perpetuating all this garbage??  LIBERALS,2
@user Doesn’t “myth” mean something that isn’t true? 🤔... hmmmm .. hollyweird liberals should stick to make believe world.. #dummies 👇,2
@user @user @user Haha yeah funny communists liberals destroying USA want USA2  like Venezuela China north korea perhaps why not just move2 your perfect country instead of desperately trying 2destroy the USA that my Founding Fathers fought died 4 our Freedom! Shed blood for ungrateful communists!,2
@user @user Why would they drag their feet? If they had something on you (which there isn’t)...it be out by now. TOTAL WITCH HUNT! #MAGA #BestPres45,2
@user The are batshit crazy.,2
@user @user @user ARE YOU FUCKING SERIOUS?  I AM ITALIAN!  TALK TO MY FATHER WHO WAS BORN IN SICILY OF YOUR RIDICULOUS NOTIONS.  YOU'RE AN IDIOT!  Why do you think the left as Antifa?  STANDS FOR ANTI-FASCISM!  DICTATORS ARE RIGHT WING!,2
@user Y’all need to know that she is human being and knew Mac for so many years and was in a relationship with him. She’s grieving. She doesn’t have post something to prove that. AND IT IS NOT HER FAULT HE DIED LIKE DAMN! Stop blaming this poor girl. His addiction killed him.,2
@user @user Bet Ford is a part of antifa and the Berkeley gang,2
@user no she was mumbling i couldn’t hear shit she literally spoke w hand signs,2
@user @user Who is the ring leader of the brain dead sheep. Time to turn it back on him.,2
@user Didn't me too woman molest a young boy. And the next day they were forgiving her. Hypocrisy thrives in celebrity circles.,2
@user @user @user It's difficult to talk to liberals like you with a serious mental disorder read the book by Michael Savage Liberalism is a Mental Disorder check it out on Amazon,2
@user THIS IS SO FUCKINGNDBS FUNNYHEJS,2
@user @user @user @user *accept.   I don’t hate men. I don’t hate conservatives.   I hate stupid. And I hate hypocrites. And the fact that you think being a conservative matters at all in this matter means to me that you are not so much into law and order as you think you are.,2
@user Go out like Seinfeld and cancel the series while it's hot! Jk don't you fucking dare. This better have a 50 issue plan.,2
@user @user We’ll we’ve been fucked by bama twice since we got here so we’re almost tru fans,2
@user Please watch the story of Welles Crowther. He is a hero.  You are simply an asshole. Be ashamed,2
@user  You were on the same stage as Farrakhan. You total hypocrite. You are pathetic.,2
@user She is a parasitic lump,2
@user @user @user My auto correct Gggrrr she is a *crazy witch*,2
@user @user @user Republicans platform   -take away healthcare -harm the environment  -take away children -take away women’s rights -do not believe in rule of law -voter suppression  -gerrymandering  -take away social security  -no limits to gun control -explodes the budget  #VoteBlue2018,2
@user @user @user @user I wasn't proposing scare tactics. I really meant what I said. Trump can easily pull the good maga Republicans and can easily steal enough votes from GOP Dem and independents and will bring fresh breath to our rotten politics. Think about it.,2
@user LMAO man people were talking so much shit yesterday. Any comment Marvel stan twitter? Moe overused Thanos jokes or...,2
@user @user @user Fk River you are a sick individual. Get a life or make the world a better place or end yours. No loss trash IMHO,2
@user slap the shit outta her,2
@user @user @user @user @user @user @user Any critique of Bernie’s objectively horrible record on gun control is met with   “He’s from a rural state” or “He has a D- from the NRA”  As if I give a fuck why his record is horrible.   And then there’s this stupid shit:,2
@user He needs to be placed naked in the stocks in Stockholm while the Swedish people Sik heil his backside.,2
@user @user You people calling everyone Nazis under the sun becomes tiring and stupid frankly. You people called Zena Bash a Nazi and it turns out she is half Mexican and Polish descent and her family barely escaped death from the Nazis. So keep it up desensitize that word.,2
"@user @user @user Conservatives are whining"""". There, I fixed the typo for you.""""",2
@user The fact that he is still a nominee is disgusting,2
@user @user Occupy Wall Street.....where women got raped,2
@user It's amazing how the Democrats are always leading in the CNN polls.  All the Liberals live for is the polls that they control.  Liberals are insane.,2
@user @user This is the dumbest shit I’ve read since I slent the morning reading Trump tweets.,2
@user WHAT THE FUCK YOURE SO GORGEOUS IM ACTUALLY SOBBING,2
@user Ouch!,2
"@user I don't have anymore excuse me what the fuck"""" memes.""""",2
@user @user I'll answer for You!!  when you have a different opinion to them you're a racist...when they lose an argument you're a racist...if you love Britain you're a racist...liberals are week people...it takes a strong person to to not be one of the sheep,2
@user He was almost....ALMOST as bad as Obama!,2
@user I will beat your ass.,2
@user He trashed himself it was ugly.......didn’t hurt Trump.,2
@user I hope this shit doesn’t become a trend. Keep the beef on wax homie. Or at least call and yell at each other on Hot 97 like 50n&amp; Cam did,2
@user He and Obama must be copying each other does any democrat have their own thought PLEASE !!!,2
@user And they should face consequences.,2
@user that's exactly what his ass gets lmaoo,2
@user Holder should be in prison,2
@user ...her background is being kept under wraps...chance she is a rabid MAGA...as most cops are! Law enforcement entities are attempting to keep quite those who are in trouble and who are MAGA's...,2
@user He is phony and opportunist. Look at the millions he is making out of gullible people. Lets see if he donates millions he has to help his hometown. Oh well its people’s money they use. Their money is untouchable,2
@user Good Lird she is a disgusting representation of a human being,2
@user These people are the worst kind of criminal playing off the emotions of their base fueling hatred in this country with insane rhetoric. Playing constant mind games to cause anger is not helping their cause some liberals are catching on.,2
@user @user I saw that but i dont think thats a tattoo. It looks like that fuckin fashion fabric string or some shit. Idk. Might not me but that ass looks exactly like hers ha,2
@user yea shit sucks thats why i stopped watching anime mostly,2
@user @user @user @user Coward  Answer question  What have I posted on @user that is not factual   As a staunch conservative and pro Israel I post @user positive facts to counter Canadian media helping liberal Trudeau assault on conservatives and Israel.   You are either ignorant or a liar.,2
@user @user @user Think about - Trumper supporters have to hide their support for Trump and/or take the life into their own hands if they go out w/Trump #MAGA hat on-it never was like this in the America I remember.  We could have our own political beliefs but still be civil &amp; cordial! Upsetting,2
@user You do mean the bernie assholes that stayed home,2
"@user Just think. She is infinitely funnier than you. Obviously..D'uh huh."""" 😮""""",2
@user @user You religious conservatives need to stop trying to shame women for expressing themselves.  It's disgraceful,2
@user @user @user @user The educational system is controlled by liberals and works to enslave the minds of our children. The chains of mental enslavement must be removed in order to save the future of our great nation 🇺🇸,2
@user @user Liberals are sick people!,2
@user @user She is a 🤡,2
@user 👏🏻 good job (sarcasm). Also great they have gun control laws it’s saving lives! (More sarcasm).,2
@user @user @user @user Yes. Yes he is!,2
@user Doing soooo much better than the big Zero and his losers,2
@user @user @user ...unless you are good with an accused rapist sitting on the highest bench in the land. I'm sure your female constituents would love to hear you explain that away...,2
@user @user @user @user @user You are a fool.  Denying ones free speech is deny all of our free speech.,2
"@user UNHINGED.""""  No, he's just a fat POS slob who lucked out going against conservatives making tons of money in the process, as an opertunist. A very smart opertiunist who knows how to USE &amp; shovel BS to the liberal left.  It's good business these days &amp; he's EATING it all up.""""",2
@user @user Levi’s just came out in support of student gun control activists.  Now the Trumpers will be burning their jeans as well as their sneakers!,2
@user Why not begin the movement by giving away some of the farms and mine claims you and your connections took while you were still relevant. That way; we can show your concern for us. From where I am standing; you are just another bitter polutician. Charity begins at home baba.,2
@user @user FASCISTS OF THE FUTURE WILL CALL THEMSELVES ANTI FASCIST.  ANTIFA COMES TO MIND.,2
@user @user Touché...but wait till he flashes the white supremacist👌🏼sign letting his sound crew know he can hear himself in his ear piece. Heads will roll...🤦🏽‍♀️🤦🏽‍♂️,2
@user What the fuck? You don’t care about your friend? You are not a real friend then 🤦🏽‍♂️ he not losing anyone special then cuz you can’t even be a real friend and that’s sad,2
"@user Well, there's that one idiot you keep thinking will show up in your mirror every sundown when you rise again to walk the night in search of carnage to fill the emptiness where your heart &amp; soul used to be. Altho, now ya mention it, lots of other conservatives"""" come to mind too.""""",2
@user He is a moron,2
@user @user @user @user @user That's my biggest question. Do we just widdle away until there is no 2nd amendment left? I do believe in some limited gun control but im worried we will be expected to just keep giving into the gun haters.,2
@user Empty headed bushie whore,2
@user Still coverup.  And bet the anonymous writer of op-ed in NY times on sept 5th was the ny times itself!!!!  No sr adminstrator of #Potus. But cud say it was since refused to name writer ...ALL TO STIR UP CRAP WITHIN #TRUMP Camp!!! And #Maga,2
@user @user @user She is mentally unstable.,2
@user @user @user @user @user @user I had no idea all republicans were nazi racists till Trump got elected. Imagine my surprise. i'm native american so I took it hard finding out I was a racist. Was despondent went around punching out Antifa to work through my depression.,2
@user man I woulda just started hitting the wall with that shit.  It ain't nothing by dry wall and some wood beams.  I'm getting through that door if I'm him.,2
@user Bitch I know. My body is ready 😂,2
@user If you go by anything other than he or she you are fucked in the head.,2
@user Does not suffer fools and has seen enough shit to last nine lives.,2
1. End the War on Drugs 2. Slash the shit out of taxes across the board 3. Repeal unconstitutional gun control laws,2
@user And the factory’s coming back U do n a movie on that... sum worth do n.. cause just sling shit shows No intelligence..,2
@user @user @user @user @user @user You are a dope. A delusional libtard. Ask the Govoner of Puerto Rico about the fantastic response by our President @user,2
@user Anyone else think she is a lying opportunist?  Yeah...#metoo,2
@user @user @user Lol. It’s funny how you assumed I only have those qualifications. Typical black tweep. When they are losing a debate they assume the other party is lower than them. “That’s why you are broke.” “Stay there with your debt.” Yet they’ve never met the person. 😂😂😂😂,2
@user hell yeah it FUCKIG is,2
@user Another falsehood. I don’t think anyone wants to abolish the 2nd Amendment. A growing majority want sensible gun control in the form of better background checks and the banning of assault rifles. Trump will say and do anything to rile his base. More snake oil.,2
@user @user Why didn't Zac Goldsmith of the faux Conservative Party use this?  Why didn't faux Conservative Party use Khan's defence of 9/11 organiser?  Why are the Conservatives so f*cking useless? If you ask me it's deliberate as they share Labour's agenda or are they just that useless?,2
*waits for a buncha braindead rednecks to burn the Levi's that they're wearing and get hauled off to the ER en masse*,2
@user Are you saying they’ll become another victim of the Clinton’s?,2
@user Fantastic!!!  The Alamo is sacred to us. She is a blight on the history of time. Better left erased!!  🇺🇸🇺🇸,2
@user @user What does Juan contribute on Fox? We all know which side of the fence he plays on. Pretty much know what he is going 2 say. Listening 2 him is like watching paint dry. I have better thgs 2 do😠🤢,2
@user YOU!!! Need to leave a lot of shit in the past lol this tweet is literally made for you,2
@user @user yeah keep mocking her right into a yes vote,2
@user @user @user He will blame it on the fact that he is Hispanic of course.,2
@user @user @user @user uses rehab as a place to escape when she’s in trouble. She makes jokes of her situation. She should be in jail for assaulting a police officer and threatening to kill him. She is classless. She should leave with boring Carole.,2
@user Literally Sam is quitting smoking mid competition and obviously having some mood swings from it. She is a fantastic human being and you’re portraying her as shit and portraying JC as a cute little dude when he groped Tyler in his sleep. Shame.,2
@user He is an evil godless man.,2
@user @user @user @user is anti-gop. He is part of the “Trump Party” and he is hoping for a pardon for ripping off hard working Americans.,2
@user He just doesn’t fit the team now. Agholor should stay in the slot because that’s where he is successful. JMatt is not an outside threat.,2
6 Reasons Your Right-Wing Friend Isn’t Budging On Gun Control,2
@user @user @user That does not change the fact that Muslim Linda Sarsour deliberately sows hate and division. She is a fraud who pretends to support women's rights. Does she protest Islam's discrimination of women. NO.,2
@user @user She is such a disgusting hypocrite!,2
@user Star tv,2
@user @user Umm she is a reporter asking a question. The Senator is acting like a baby. Is this really what adults act like? Shame on you CBS. Shame.,2
@user Oh my Carmen. He is SO FRICKING CUTE,2
@user But I thought California had gun control,2
@user @user But the President.  He is that BAD!,2
@user @user It's a pretty awesome movement. Imagine if all men's rights wanktavists just fucked off to the woods and spared everyone their bullshit? There'd be fewer abusuve relationships and messed up kids. The sooner all the men like that go their own way into the fucking sea the better.,2
"@user @user @user @user This is great! Mark The Great One"""" Levin and Candace """"The Great"""" Owens together! This team is unbeatable! They just sent liberals into a frenzy again! A whole block of liberal voters just had their heads explode! And...sadly, Alyssa Milano just wet her pants again! Great team!""""",2
@user Playing dirty is the only way liberals can win at this point.  They are shameless.,2
@user Awesome Agree Yeah man Preach Wait... what did i just read? Oh shit,2
#Trump was walking towards a crowd excited to see him. He was reciprocating the love. That moment was about the reception not 911. It was genuine and honest. Barack is nothing more than an actor who fakes crocodile tears to call for gun control.,2
@user @user The hell with the liberals. Move them all to California and build a wall on the east border,2
@user @user Antifa aren't fascist   They're terrorist,2
@user It also goes to show that all those so called news people that laughed at you are now eating crow. How wonderful it is to watch the looney liberals squirm around like worms drowning in sunshine.,2
@user @user Who the hell do you think you are little Eddie,2
@user BITCH I TOOK FOUR YEARS TOO JDKDKDD,2
@user @user Just like gun control will not keep guns from the hands of criminals....,2
"@user @user @user Listened"""". They don't give a shit about what the fans think. All they're doing is counting their Fox money.""""",2
@user From your lips to God’s ears Antonio. I will do my part. Let’s hope all Conservatives do their part. And stay vigilant at the polls. Dems are desperate. There WILL be fraud.,2
@user Everyone in Washington including John Heinz is being uncovered as the corrupt elites they are...Like cockroaches running from the light.,2
@user @user Man I’m glad I can make y’all’s day. I just be saying stupid shit on the fly. I ain’t trying I’m just dumb lmao,2
@user Monte... who fuckin knows at this point,2
@user @user WHOS  SICK  OF  INTITLED   RACISTS?,2
@user Why is she under the white hot spotlight?...SHE IS the victim of this Trump like abusive animal... #StopKavanaughNow,2
@user @user @user @user Somehow I doubt that statistic you just made up in your head.,2
@user @user she is getting death threats....can you go and be a shield for her so you don’t have to wait?,2
@user Spoiler Alert : This episode has a hidden agenda to promote gun control,2
@user That shit weird! Lol,2
@user @user Why do you have to bring race into this the real racist are Democrats and liberals like you.,2
@user He wants his 5 min of fame.,2
@user @user At least you got to experience the 90s though. These 90s and 2000s born missed out on a great decade. It's been an increasingly worse shit show since lol,2
@user Democratic always use race to divide Americans.   Conservatives done see color   The Democrats only see color  Discussing,2
@user @user Time will tell. Not the type to jump on the lefty bandwagon and demonize someone until they have had a fair chance. His policies will either be a huge failure like the liberals and result in losing the next election or they will be a success and ontario will dig out of the hole,2
"@user @user Great book by Leo Zagami, Pope Francis, the Last Pope?"""" details the breathtaking corruption and evil forces that have been controlling the Vatican for decades.""""",2
@user Embarrassing for the liberals....I wonder who those women raped in school🙄,2
@user @user The fact that Newsweek no longer tries to give both sides of the story but instead only gives the side of #Antifa far left liberals and their gods in the #DeepStatePanic   Take a look at Newsweek’s circulation they don’t even have enough readers to put out a print edition anymore,2
@user @user @user if she were a true Krishn bhakt she wouldn't even care about presence or absence of such laws... she would be above such issues... a typical Chandigarh mentality of one up manship she is caged in... call her anything but Krishn bhakt.. like who cares about what she is doing ...,2
"@user She is saying Ben, Ben, when the hell are you going to do something more than just tweet crap about djt?""""""""",2
@user @user Twitter will be banning a lot more conservatives or anyone that speaks out about the Dems or Liberals. Closer to the elections,2
@user Democ Rats are pulling the Anita Hill trick to derail the Judge Kavanaugh confirmation. It will not work! Get over @user triumph. You communists will not destroy the USA #MAGA,2
@user This is just disgusting. But it sounds like you are absolutely right. I do think that even liberals are starting to realize this is all a political game.,2
*Finally at my sister's apartaments* Instant reminder that she is ungrateful brat and i'm much more happy without seeing her,2
@user I do not support Trump. He is an abomination!,2
Now she scarred herself for life lol #MAGA,2
After all the shit Dez was talking about Jerry and The cowboys he is a fucking clown ass dude if he go back,2
@user Turn them loose and see what happens to her city. People like her is what gives the Democrats a bad name. She is risking the entire population of Atlanta. Wonder how the citizens like it. We’ll see at the ballot box,2
@user @user An accusation is not enough. We are fortunate to live in a country where you are innocent UNTIL proven guilty.,2
@user I think other countries are following MAGA 😀 People are sick of being overrun &amp; then have to pay for it all!,2
@user @user A voice from the frontline of domestic violence that the gun lobby cannot drown out. #cdnpoli,2
@user I can't believe Luigi fucking died 😘😩❤️,2
@user He didnt say that when he raped his daughters friend (16 years old) and not too long after she committed suicide,2
"@user @user @user @user You hit them for fucking elo and the reason I'm posting this is because he is thee booter EXPOSER"""" just shows you cant believe everyone in this community""""",2
@user @user don't disrespect sharpie like that bro it was definitely some off brand shit from the back of a dollar tree 😭,2
#Hollywood  is filled with #Satanists  and  #Pedo's you have the nerve to Mock #Jesus and #Conservatives. See you lowlifes on the unemployment line!!!!!,2
@user @user Oh shit u went there 🤣🤣🤣,2
@user She is a murderer and your whole department should be ashamed of this cover up.  SHAME ON THE DALLAS PD! THERE IS NOTHING NOBLE OR RESPECTABLE ABOUT HOW YOUR DEPARTMENT IS HANDLING THIS SITUATION. YOU ARE AIDING A CRIMINAL AND SHOWING YOU DONT CARE ABOUT THE CITIZENS OF DALLAS,2
@user @user Forget Michael he is a coward.,2
@user @user @user @user @user @user @user @user @user @user @user @user @user @user @user @user @user @user @user @user @user @user @user @user @user @user @user @user @user @user @user @user @user @user @user @user @user @user @user @user @user @user @user @user @user @user @user @user @user @user She is a pathological liar,2
@user Hubby rushed me *shakes fist* will flick a pic thru this evening when I feed em again. By the way he is still the boss,2
@user @user He's a crook #TrumpTime,2
@user @user @user Complete and utter waste of time. Liberals,2
@user I feel you dude it Fucking sucks,2
@user Ive judged that the old woman is an anti semite and Joan Ryan is right.  You are playing semamtics.  Youre a disgrace.,2
@user @user can go straight the crapper. I’ll never support another team again.,2
@user Please and that bitch will get popped and end up with a lump like her dumb ass sister 💀,2
@user Eric Holder is an arms dealer and should be in jail how did this ass slip by,2
"@user @user @user Reputation? REPUTATION? She schitt her reputation away by being an ANTIFA activist! Just like good old V.I.Lenin said - a scoundrel may be useful BECAUSE they are a scoundrel""""!""""",2
@user Oppression... We need to start a movement.   Could be worse they could be Antifa dogs :),2
@user Hey Woodward: You are a silly old fart and do not know what is going on in the White House.  You are the one who has reached a mental stage yourself of Alzheimers,2
@user One thing is for sure...we know she didn’t write the op-ed as she is dumber than a bucket of rocks.,2
After all my years of complaining im finally getting my bitch ass wisdom teeth out so I can stop fucking crying,2
@user Yes as fuck,2
@user @user Wow!!! Never thought I'd see the left actually admitting they want to shut down free speech unless it's their own. At least they are admitting they are the  facist. After all they did create the 2 most facist groups...ANTIFA and KKK.,2
@user I'll have him at the height of ecstasy all over my body,2
@user @user @user @user @user Ummm theres video of it and the coach literally admitted to it lmao. Maybe read before having strong shitty opinions,2
@user @user Who authorized a search warrant of mr Jean home?  Racist what about her drug test. This is premediated murder. He will not be slandered. He is the victim.,2
@user Those lying liberals. At it again. SMH.,2
@user @user @user Why do some conservatives blindly follow a fascist?,2
@user @user @user @user @user So your in favor of gun control because that’s what Switzerland has? Am I correct in saying that?,2
@user @user @user She is a wart on society,2
@user @user @user @user is not a difficult woman she is a far left leaning bitch. She has no place in unbiased commentary on any platform. Get rid of her.,2
@user Bullshit!!!,2
More than likely she forgot because her mental capacity is dropping each and everyday. This woman is not fit to serve any longer just like she said Trump was not. Remember she is part of the problems and not a solution at all. MAGA,2
@user Liberals are trying to destroy all conservative men.  Time to criminally charge and jail these liars that try to destroy a man.,2
@user @user Where were you in 2008 when people were losing their jobs &amp; their homes &amp; our economy tanked? What did you say about W then? Did you ridicule him &amp; did you praise Obama for saving our country? You are such a hypocrite.,2
@user Clown who cares about you or the nfl.  #NFLFreeSundays,2
@user You are abhorrent,2
@user Oh that’s racist. Big Lips/Big Butt/Big Nose. That doesn’t even look like her. Also she is about 100 pounds to big. It also creates the image of the typical black woman with attitude.  IT’S SO RACIST.,2
@user @user @user @user @user @user @user Exactly Hat @user  are true Feckers ! I detest them,2
@user Conservatives just keep doubling down on being terrible people.,2
@user He was saying niggas who say they boycotting Nike for the military are racist because the military fuck with Nike 😂,2
@user I think she really knows now but she is in denial!!,2
@user Yeah no batman made him eat a rat and be was mostly like yo fuck this guy hes not cool hes a lunatic until dick also wants to get violent,2
@user He is that stupid!,2
@user Is it gun control OR anti 2a?  I haven’t seen a single ad attacking 2a.  That’s just @user rhetoric to create fear.,2
@user @user @user What a joke! She is a Gem alright!! She is a Racist phony! Right along with this Racist Phony. That thinks she will follow me from her second account. And block me. Because I speak the truth. I could care less about follower's. Like it's a big party. I care that they discriminate,2
@user @user I have plenty of conservatives I work with that are not afraid to share their racism and hate for democrats. It is sickening,2
@user lol fuck you,2
@user @user Tbere aren't hardly any Conservatives left in California. Perhaps the threats are just unintelligible robo calls by Antifa comrades jacked up on Starbucks and Lucky Charms.,2
@user @user People died in Puerto Rico because of their government’s corruption !!!!,2
@user Gonna call bullshit on that one.,2
@user I don't entertain shit.,2
@user @user Because she is nothing more than an opportunistic lying sack of human waste paid by the left.  Turn off your tv Ed.,2
@user This girl lied about her upbringing and every time she opens her mouth it shows how foolish she is. Yet she is still a superstar for the left,2
@user @user Excuse me? They got what they had before the hurricane.  Expecting tract houses when you had lean to's and expecting honorable people likeTrump with the corruption they continue to vote in?!? Wake up.  He is flushing the swamp here and they need to flush their swamp there.,2
@user @user He is nothing but a left wing unhinged liberal jerk!!!  He needs to shut the F-up!!! 8yrsof him was a life time of BS!!!!,2
@user @user @user @user Tweet is directed at him.  I can care less about whatever it is he is blathering about.,2
@user Man I hope I don’t die before Florence hits.. I heard he is going to be a great time!!,2
@user Leftist Collusion PreScreening Party,2
@user @user @user @user Only a liberal would support a liberal that spent a MILLION to get liberals elected to office. #LibFAIL!,2
@user 😭😭😭😭 he is terrible 🆗,2
@user @user @user The Nov election will tell the tale.  MSM laud Antifa;  alt-media expose them as Soros-shill shitheads.,2
@user Look at how shamelessly liberals lie to destroy a man's life...,2
@user If that was my missus horse he’d fuck right off and have us chasing him like bell ends,2
@user @user @user @user Another village missing its idiot!!! 🙄,2
@user @user @user @user You are a disgrace defending the wrong doings by ANC umdala kangaka yhuuu,2
@user @user I kind of feel like AntiFa are terrorists.but maybe I'm overstating it lol 🤷‍♂️,2
@user Bitch im gonna see you on december dont me. We have to see each other,2
@user @user @user @user @user @user @user @user This sounds as relevant as the march in Mumbai by the woke snowflakes for Gun Control😂. Abortion in India is legal and only the woman's choice is required. Take your circus elsewhere. Instead take up the issue of oppression of Hindus in India. This is at least relevant.,2
A Long Ass Blog That Might Not Make Sense,2
@user She is doing a crap job of running this country and that idiot can’t supply the country with an alternative opposition as long as he is running the Labour Party,2
@user @user your disrespect for those that make real sacrifices to defend our freedom is appalling.  @user is a punk.,2
@user Two prominent backwards conservatives removed from Texas education.  Looks like they're as blind deaf and dumb as Helen Keller once was.,2
@user As if a liberal beta male could engage in sex with a straight female.,2
"@user But Sis Paul McCartney loves Venezuela's dictator, Iran's leader, Syrian president,"""" Putin and other leaders who rule with terror.  He only has bad things to say about our beloved President Donald J. Trump!  Go figure? @user @user @user",2
@user Disgusting of the Dallas PD to try and find any reason to try and drag this man through the mud just say they can save one of their own when she is 100% in the wrong,2
#GeraniumInTheCranium. Please also dredge up some of her ridiculous “gun control” bills that were shot down.,2
"@user My favorite is If you play the genocide path you are a mass murderer in real life"""".""""",2
.@USER You should totally follow those whack job liberals...unhinged and dangerous! Thank you 🇺🇸,2
@user We dont need gun control. We need White Male control....,2
@user You are fake news,2
@user @user that's hilarious.... let those #PuertoRicans legalize pot so they can forget about their problems after #HurricaneMaria...🇺🇸💵😏🤣  #ThursdayThoughts #ThursdayMotivation #resistance #resist #MAGA #Military #veterans #TCOT #ThisIsAmerica,2
@user @user yes we are ..the democrats no longer care bout the constitutional laws or the us citizens..their new pets are illegals drug dealers murdersers thieves rapists muslims antifa the lgbtq and anybody who hates america..theyre batshit crazy!!!,2
@user @user i lost my shit and everyone in class is judging me lmao.,2
@user Holder has a perverted view of the law. Not surprising since he is a Democrat.,2
@user @user @user @user @user @user @user @user @user We waiting on mean ass Florence to do what she gonna do. Ack,2
@user You will see more and more shocking vigilante style justice like this. Liberals on these courts are out of control.Swamp creatures in DC beware. Start serving the U.S. citizens 1st. Lot of fed up Americans across this great country of ours.,2
@user @user @user Race has nothing to do with it.  Either you are fake MAGA or ignorant either way you are now blocked.,2
@user Communist Elite Roger Goodell is teaching a lowlife ethics class to his daughters. Shameful Shameless left wing nut ruining the sport of football instead to teamwork and values to the flag,2
@user @user So how do propose a ward deal with this? Put the gay/lesbian youth with the opposite gender? Or segregate them from the other kids entirely (awful idea). I’m just going to assume @user has more experience and knows what he is talking about here.,2
@user God he is terrible.,2
@user @user She can lie in the shit she created,2
@user The persona that you project masks your insecurities. You are hurt and disappointed. Politics is a dirty business. Move on and make a difference.  Hillary lost because too many people sat out the last election. Get involved in displacing Devin Nunes and or Duncan Hunter in Calif.,2
@user Holder is a complete corrupt scum bag. I remember when he announced his is part of the resistance. Which means he want to resist the people who voted for Trump. Can U imagine the people he would have hunted down and prosecuted if this happened to bone head obama,2
Lethargic voters get what they deserve! Aggressive voters MAGA,2
@user @user @user @user Kamala Harris is rapidly gaining a reputation as the most dishonest senator,2
@user @user @user @user @user Evolution. An evolution we helped to enact.   #Brexit is economic and social suicide.,2
@user @user These are sick ass people,2
@user Shocking almost all liberals are crazy and insane since that Clinton witch lost they’ve become #unhinged #deranged  and a bunch of damn #crybabies stop acting like children and grow up,2
@user @user @user @user @user @user @user @user @user @user @user @user @user @user @user @user @user @user @user @user @user @user @user @user @user @user @user @user @user @user @user @user @user @user @user @user @user @user @user @user @user @user @user @user If we don't destroy the Bush-Clinton Crime family we'll face many more like Obama!!,2
@user Looks Like The Jokes On Liberals Again.  #FortTrump #Poland #BoomingEconomy,2
@user She is a liar like Hilary Clinton.,2
@user @user who really cares about any of this wack ass beef???😂💀,2
@user Don’t care. Let them (NFL) die on the field kneeling,2
@user holy fuck,2
@user @user So is Fox News now campaigning for the fairness doctrine or is this just Republicans using the power of Congress to force private companies to broadcast whatever the gop says as truth? When will NRA TV have pro gun control NRA members on?,2
#DickDurbin is from Illinois. #Chicago has the strictest gun control and is a gang and drug killing field.,2
@user At least you’ve been some type of fucked,2
@user @user @user The scary super experienced knowledgeable members of Antifa @user is no match for! #Sarcasm Serious question is why the left leaders manipulate the unintelligent inexperienced youth groups it’s form of taking advantage Abuse of the unwary weak,2
@user ur a fucking dumbass fr. there’s no way she is anyone else’s 😂,2
@user @user Irish will not like my tweet at all... But why was Ireland nuetral in WWII??  So Bono gives a NAZI salute...yawn.nothing new.,2
"Thinking about the Student-Loan Crisis""""  #TCOT #MAGA #RedNationRising""""",2
@user @user I can understand her wanting her title but all that whining and pissing and moaning stop talking and start getting it done enough already you're a coward when you got to beat somebody when they're not looking,2
@user @user It doesnt matter who said it.  YOU ARE CORRECT .  If anyone that stupid to out your life and families lives in jeopardy based on politico. Dam fool.,2
@user @user @user We'll stop when the Democrats stop using the victims of school shootings for their gun control agenda.,2
@user @user stop this BS.  A woman murdered him in his own home!  This is so incredibly irresponsible and I am outraged that you are blaming the victim who is a black man.  What does him having weed have anything to do with his murder in his own home?,2
@user No it’s because you are a horrible person🤮🤮🤮🤮,2
@user Liberals have truly outdone themselves with this stunt. Absolutely disgusting.,2
@user @user You realize how useless your argument is? If you drunk drive you get arrested. You're punished. If you kill someone while drunk driving that is murder. There are rules AND regulations AND safety precautions for both drinking AND owning and operating a vehicle. We need gun control,2
@user @user But he is a dildo!,2
"2/5 Basic argument: Canada passed gun laws, but ALL gun crime did not stop. Therefore.... gun regulation is ineffective. Only source for grand claim that gun control is an expensive failure and does not have a measurable effect on crime"""" is article by gun advocate Gary Mauser.""""",2
@user @user Yeah she is a real blond just like Uncle Donnie,2
@user Lol okay cuz this shit gotta be discreet 😂,2
@user Hope you blisters,2
@user @user players should stand up and be counted like soccer players,2
@user 😐 sorry but she is an idio,2
@user @user No news. orgs. are giving Faith Goldy the time of day. That's simply wrong. She may not have the experience of the other two useless fools but she cares and she is no one's fool.,2
@user @user @user @user I knew we would find out that this is all the liberals’ fault. 🙄,2
@user @user oh shit you weren't joking... wtf,2
@user I knew I wouldn’t like what he did but I never ever thought that every single Republican but sit by and let him do what he is doing now regarding everything that you mentioned in your tweet pretty,2
@user @user @user @user @user @user @user @user @user @user @user @user @user @user @user @user @user @user I havent checked it so i cant say anything.,2
@user @user @user @user @user @user @user @user @user Really? And has he been charged. #Liberals are such liars!,2
@user You are a hero!!,2
@user @user liberals have to go in 2019 as they are so over their heads Poor leader and even poorer advisors,2
@user Same tbh Could they just stop spreading rumors and false news? We are hurt enough we dont need all this shit,2
@user ...Bono's attempt to inculcate the masses in his later life epiphany... senility has certain markers; i guess Bono has made that clear now - sad 😳🤔🤔,2
@user This nigga is everywhere 😂 😂..I can't escape his spews..it's now time,2
@user @user @user @user @user You are a fascist pig. Now go report my to your shitty Twitter so I will be removed.,2
@user mad bc you’re hot as fuck and they can’t have you 😭❤️,2
Kanye been cancel the moment he said slavery a choice and rock a maga hat #ImWithSnoop,2
@user @user @user You are such a lier and all for money. Nobody wants “ francoism” here in Spain! Except ppl like you and your fascists separatists friends to smoke screen all the money embezzlement here in Catalonia! Why all your friends are with Vlaams Belang? &amp;the Italian nazis? NAZI,2
@user Bill and Brooke deserve each other. They are like hot and cold. They’re in love with this person this week and in love it that on the next. Brooke I can understand. She is the SFTV but Bill?! They’ve ruined him.,2
@user He is truly dumb as shit.,2
@user I AM SO WEAK SHE REALLY BEAT HER ASS,2
@user Holy shit you met Michael Jordan,2
@user Woodword's book is slander.  He is nothing but a Clown Tool!,2
@user Judge Roy Moore will masterbate to this story.  #MAGA,2
@user @user Yep. Sure do. And he's been proving it on a daily basis. #MAGA,2
@user that’s so fucked up omg in my old hs there’s open campus and for every period you skip there’s a 200 dollar fine lmaooo,2
You #Fanatical #Sycophant #Religious #extremists are so #fucking close  to getting another #WhiteSupremacist #evangelical on the #SupremeCourt  to overturn #RoevWade  Wouldn't it just suck to have the rug pulled out  from underneath your feet #MAGA?   #Fuckoff #Gilead #Kavanaugh,2
@user @user She is an opportunist. She wanted a cabinet post but Liberals rightly decided she wasn’t good enough for the task. She crossed because Conservatives promised her one. She is a person with no core beliefs. She is not credible and not to be trusted.,2
@user So... Did Angela hook up with a younger guy so she has someone to wipe her butt when she is 75?,2
7 hospital personnel shot dead in Wisconsin with 20-gauge Winchester pump-action shotgun. The NRA blames gun control laws.,2
@user I do not believe Erick Erickson exists. I do believe he is a Democrat PR firm creating a “Republican” persona to have it say idiotic things to discredit conservatives.,2
@user Come on Texas I know your not ready to hand over your guns to liberals!,2
@user @user Got knocked out in the first round and one a shitty decision,2
@user Oh fuck this is me. I am a tmi queen on some things because it controls the conversation subtly but god help you if you comment in my habits or decisions I swear to god,2
@user i just gave Beto $100 and you all should as well.  Trump called Ted's wife ugly and he is still licking his boots for help with reelection.,2
@user @user Democrats gun control and mass shootings data determined to be FRAUDULENT.  Democrats are liars once again.,2
@user come eat me 🤤😍🍽😖,2
@user @user Very pathetic man !,2
@user Ms. Clinton - you are a class act. My response to that idiot would likely land me in twitter jail (but would totally be worth it). I hope you run for office one day.,2
@user @user #nope... With Mm no way...maybe is time to ask Sky what has gone wrong? Because #Foster from CNN have the book first than KP tweeted about the book...  Liberals... From Trump for Americans to Mm for British... I don't known who is worst,2
"@user @user The prison system is so fucked.  Why are they still getting away with what is potentially murder with intent if the prisoners die in the hurricane? They did this in Louisiana and like 500 inmates went missing""""""""",2
@user Its amazing that these DemoRats are elected to any public office! Their total disregard of the US Constitution and due process is abhorrent. They hung this woman out to dry and the woman refuses to come foward and its the Conservatives fault,2
@user Oh shit.,2
@user Can we all agree to pray for big dumb mike to keel over of a heart attack. he looks ripe.,2
More bad news for Democrats 👇 #MAGA 🇺🇸,2
@user Gutierrez: People Died in Puerto Rico Because Gutierrez is a racist Hispanic.,2
@user Democrats suffering from Trump Derangement Syndrome are desperate. Their dirty tricks won't work and the end is inevitable.   #MAGA  #TDS  #WalkAwayFromDemocrats2018,2
@user He should bash Trump and that will change... liberals hate Trump more than pedophiles.,2
@user No we can’t be losing AB he is literally our whole offense,2
@user And the liberals wonder why we don't want transgenders  in our bathrooms?,2
@user @user What are these new ideas?  Speech laws gun control killing babies and thinking your entitled to free healthcare and rich ppls money just bc you exis?,2
@user Morals?  You mean like aborting an infant? Falsely accusing people?  Antifa violence?  Censoring free speech on campuses?  Looting?  Lying as you fill the Deep State?  Those morals?,2
@user Shit you right 😂,2
@user @user @user Did you just say he? HE has a female name. He is actually a she. Actually get your facts right before making a stupid statement. Everyone knows the game gets stale after a few months and the new DLC makes it interesting again.,2
@user ANTIFA? As in anti fascism? Damn who wouldn't want that in America? Maybe our ancestors who fought the nazis in ww2?,2
@user It is 😭 you get to see a good game and niggas working 🤷🏻‍♀️,2
@user Wow you are actually terrible. Imagine being proud of getting people in a disaster zone finding water arrested.   The store owner didn't want them arrested and you are an awful person.,2
@user @user @user @user He totally dodged the question about how he is making millions of dollars off Stormy Daniels while she still has to strip to make a living. He is unethical.,2
@user He is a drunk crazy man.,2
@user I’m finna say fuck it and get a crispy ass jogging suit😂😂,2
@user The Show Must Go On! We must have crazy liberals screaming and throwing a tantrum inside of that courtroom? If they let these same animals in as they did during the hearings this is just going to be another circus,2
@user @user @user 🇺🇸 BECAUSE THey think Sen Collins is A STUPID COWARD   &amp;all they have to do is Bullie   SenCollins  This is what🇺🇸Conservatives Have lives with For 9️⃣yrs now   Please Vote For Kavanaugh  LetGod Take Care Of the Rest,2
@user @user He was fucking murdered and all you can talk about is marijuana?,2
@user How Funny...#WNBA Championship Winners Won't Visit @user Stupidity Of Liberals Is So Amazing...And That Face With The Plastic Stupidity Proves It...Oh...Right...She Might Harm Her Little Face...Whats Next...Complete Body Armor...,2
@user Once again it's been proven that all gun control laws are intended to disarm the law abiding citizens and subvert the #2A. Criminal *don't* care about gun laws.,2
@user @user What difference does it make if the gun death was a “fight” or “random”! Holding parents accountable could be part of gun control legislation. Write you Congressional representatives and demand it! Until Congress deals w/ gun violence it will continue &amp; ALL Americans are at risk!,2
@user @user Nurse is valuable in his own end!?!? Have you watched him play? He rarely gets the puck out in first attempt. Also not all that spectacular defensively. Not worth what he is holding out for.,2
@user @user She is a fake. Vote her out. Now she wants sympathy.,2
@user @user @user Lil girl we having an adult conversation so take your thin ass on somewhere ya dig,2
@user I bet the first ones she calls when she is being robbed is those very same police😡‼️. People are freaking stupid ... 🙄,2
@user I think I’ll blame all the dumbasses for gun control,2
@user Why should any sexuality be an issue for kids this age? Liberals are ridiculous,2
"...I'm smarter than he is, I would be fine, he can punch me all he wants and it wouldn't work... And by the way this wealthy New Yorker actually earned his money it wasn't a gift from Daddy""""  -Jamie Dimon 😎 $JPM""""",2
Actually nvm DC animated films are the shit,2
@user @user No Kim you are a failure and your whole life has been,2
@user @user @user @user @user @user @user @user @user @user @user @user @user @user @user @user @user @user @user @user @user @user @user @user @user @user @user @user @user @user @user @user @user @user @user @user @user @user @user @user @user @user @user @user @user @user @user @user @user @user Anarchists are left wing extremists. They stand with antifa.,2
@user @user Even the parody antifa page couldn't  deal with this shit,2
"@user @user @user @user The MeToo movement is just an extension of the democrats KKK &amp; the hate group Antifa,  it's just another form of lynching those who oppose their agenda. MeToo people jump on ban wagons, in the name of justice"""" to perpetuate mass bullying of those who threaten to expose them""""",2
@user @user @user @user You should know better to use common sense with hypocritical liberals.  #KeithEllisonAbuse,2
@user @user @user @user Using that thought/conspiracy then it would be safe to argue that the liberals have concocted this and are stalling in order to help the liberals interest in that. The perfect pawn would play fearful of  the process thereby helping confuse &amp; prolong the process.,2
@user Go after NRA if they allowed gun control this wouldn't happen.,2
@user Congratulaions. . . who were terrific. . . dont let some fucked up umpire ruin things for you. . . he'd be happy he did.,2
@user @user Omg shyt,2
@user @user @user @user  how does helpmto buy help the homeless??  Oh. It doesn’t does it? How does it help@USER on low income??? Oh it doesn’t in Work poverty at an all time high. How does it help them?? Oh it doesn’t. Thanks for nothing,2
@user fuck off,2
@user Most Liberals know deep down that it's oppressive and misogynistic but that's better than being a racist Islamophobe which is what you are according to liberals if you dare speak out against it.  This is how low the standard for debate is on topics like this.,2
@user @user @user @user For a moment I thought you were about deaths  Sounded fucked up sick at first.,2
@user Nike lost $3.75 billion after kaepernick was named face of “just do it” bullshit.,2
@user @user SERVES THE BASTARDS RIGHT!,2
@user @user Trudeau and the metoo movement hahaha. He is on the wrong side there. Funny how questions never went anywhere with Trudeau.,2
@user @user Lock him up!  He is insane!,2
@ everyone who said jihoons new hair cut is ugly: you are wrong,2
@user Ummm you can't hear what she hears because you're not bat poop crazy like she is.,2
@user He ruined the brand for what? Kaepernick?,2
@user I’d rather be buried alive,2
@user K nvm fuck battlefield,2
@user This nigga prob made her infertile god only knows all the germs he brought back,2
@user President Trump is keepinghis promises but this is the real reason he is hated.,2
@user @user @user She is a terrible person.,2
@user And I will never watch your movies again because you are a maniac!,2
@user Shame on the tennis hierarchy who stole that from Serena. She is a proven draw and the racists on the upper echelons  just can't handle it.,2
@user Eminem may be an angry old man yelling about young people but i just REALLY wouldn't care unless he would be dressed as a Roblox character while rapping,2
"@user @user @user Give me a fucking break. Liberals are so selective with their false outrage. A turd of a president gets rightfully railed for saying, grab them by the pussy"""" decades before but a Hollyweird gets a pass for saying """"fuck the shit out of the boy next to him"""" gets a liberal pass?",2
"#EndPC: Teaching guide for #Portland public schools celebrates Islam, communists, terrorists, #abortion; promotes #GunControl &amp; transgenders""""~&gt;  #EndCulturalMarxism""""",2
"@user @user Yeah, poor conservatives for having eyes that see, and ears that hear.   If you're loving your brain bath , then continue on , pretty soon pedophlia will be your next great virtue to champion as you see kind loving pedo's dawn your TV set to make you march in line and resist"""".""""",2
@user @user Steroid girl in steroid rage,2
@user sis Mandys no nose havin ass from the grim adventures of billy and Mandy can smell that shit wheeew,2
Too bad life sucks 4 u #schiff4brains 😂 ur going down along wi ur other CRIMINAL friends. Only red line crossed is the LIES U TELL. U will never b anything more than the belly of a SNAKE #MAGA #TRUMP2020 #schiff4brains,2
@user He can suck it.,2
Anyone have any guesses as to what @user @user &amp; @user will lie about this week?? A) The world is ending Friday B) Give me all your money &amp; I'll triple it by tomorrow C) @user knows everything - just listen to her D) #MAGA,2
@user Obama was the devil incarnate &amp; Trump is Jesus Christ himself. I get where you are coming from.,2
@user Any amount you shit fuck,2
I'm shocked that this gun addict is also an alleged pervert!   #NRA #2A #MolonLabe #gunsense #momsdemand #MAGA #WednesdayWisdom,2
@user Woooow Trump voters are getting really crazy MAGA !,2
@user @user Why don't they want health care? Why do they want rich people to pay less taxes? Why don't they care about the deficit? Why don't they want any gun control? Why are they so afraid of immigrants? Why are they so full of hate when they control all branches of government? Why???,2
@user @user He is virtue signaling playing with young minds. He also thinks he can weaponise it in an attempt to stop Brexit. @user  is a disgraceful vile man to be honest he doesn't care who or what he uses to get what he wants.,2
@user @user I fully support Antifa. I give them money. White nationalism is cancer in a proudly multicultural society. It should be illegal. It is in Germany. We had two wars over this issue. White nationalists lost both. We are done with this discussion.,2
@user @user Fake news. Who in their right mind would go along with this nut?,2
@user The reason liberals should be deported. They are just to sick and twisted to fix.,2
@user And Who Would Listen to a Man that Robbed American Taxpayers of Millions of Dollars and Gave it to Iran?  NOT ME!,2
@user @user You will be voted out all together You crazy bat...,2
@user But the Frogs said it wasn't a  Muzzie terriorist attack.,2
@user @user @user #Feinstein needs to go. Her husband should be investigated for his #China deals and the Post Office deals. She is conflicted and this is below dignity,2
@user @user We should meet her face to face! She won't be speaking like that much longer. She is a horrid person! Somebody will teach her that you reap what you sow. She will find out the hard way. She is just UGLY inside!!! FUBAR!,2
@user @user @user We are calling you an operative . Or Shill. And more important a bigot for refusing to apologize for your actions to a woman just because she IS NOT a Scientologist. You won’t even acknowledge what you did or defend or explain it despite how many times it has been asked already?,2
"9/9 push a narrative. Remember it's their place to tell us what to think. Well I'll gladly be, as Hillary said a DEPLORABLE"""", """"IRREDEEMABLE""""  or as gropy Joe  just said, """"DREGS OF SOCIETY"""". Tells us all how they feel about the middle class, Christians and Conservatives. #VoteRed""""",2
@user @user @user DAVID BIRNBAUM::::The INVISIBLE MAN…EXCEPT AT ELECTION TIME. EXACTLY WHAT IS WORST ABOUT THE LIBERALS…ARROGANCE &amp; COMPLACENCY. DID I MENTION ARROGANCE &amp; CONTEMPT FOR THE ELECTORS?,2
@user @user Bro I randomly tried this dns shit and it worked first time wtf,2
@user They are hoping all over it. But then they are probably the biggest crowd of racist bigots in the country they back antifa,2
@user @user @user He didn't pay a money for his accounts and stuff.  So he is now a stranger.  And everything it is because of his obsession for Sonic.  I hope that he dies there.,2
@user @user I suggest using handcuffs to remove you!,2
@user @user God thing we have Beto in Texas. He is for decriminalizing crossing the border. He is for reasonable gun control for Texas citizens. Someone could get hurt if citizens try to defend themselves. Poor Arizona you need a Beto of your own.,2
"@user @user @user @user @user with the caption so much for the tolerant left"""" ... yup you fit the description of ANTIFA . I suspect you are not a threat as I doubt you can attack any reporters from your mom's basement.""""",2
@user 2 ways for President Trump to lose in 2020. Gun control and an immigration bill with no wall.,2
@user @user Target is brilliant with this. Keep an eye out (esp online as there’s online only shit that’s amazing) because 1. Autumn (so oranges!) and also target on thanksgiving/Black Friday is THEE place to stock tf up on sheets for the YEAR.,2
@user He is a troll.  Not open to facts,2
@user @user @user @user @user Liberals don't address. They insult and attack.,2
@user Yoo our dogs should totally fuck,2
@user @user when robyn posts a selfie the world stops for a moment to appreciate it,2
@user @user @user Nasty a$$ Liberal sheep...you are prime example of sheeple with NO BRAIN.,2
@user @user @user @user By any chance did you sexually assault girls in high school? That would explain why you are so eager to overlook the possibility such a horrid crime &amp; insist on a double-standard which benefits you &amp; the alt-right &amp; back up your justifications wi obvious lies.  I bet I'm right...,2
@user @user Good shit my bad though,2
@user I think Becka belongs in that room with the trash making comments like that. I don't hear you denouncing ANTIFA...who ironically models their flag after the nazis.,2
@user @user @user @user @user @user Fuck if I fry with no money imagine if there was,2
@user @user @user @user Liberals are vile vicious and disgusting,2
@user Breitbart has become neocon Establishment and is Fake News the worst of the lot is Alex Marlow a total loser . Watch or listen to Fault Lines with Stranahahn and Nixon instead probably the best show of its kind. Stranahahn fired by Breitbart for being too good.,2
@user The war on conservatives =ANTIFA,2
@user Conservatives believe attempted rape is a form of flirting.  That’s why we’re getting all the “if you look into my past you won’t believe what I did” nonsense.,2
@user @user Hope you're right about that last part. But I've learned it's pointless to underestimate the stupidity of TX conservatives.,2
"@user But But But we need more gun control right? Oh wait... GUESS THAT DOESNT STOP CRIMINALS, only law abiding citizens. Which is known. So.... think on why they"""" want to CONTROL you and disarm you.""""",2
@user @user Me too! Jacks a sack! We conservatives tweet in a barrel!,2
"@user @user @user @user @user @user @user @user @user @user @user @user @user @user @user @user @user @user @user @user @user @user @user @user @user @user @user @user @user @user @user @user @user @user @user @user @user @user @user @user @user @user @user @user @user @user @user @user @user @user now you touched visa-mata's raw nerve by saying modi for 2019"""" thats why she may block you soon  she is having wild/wet dream of being PM after modi fail to get full majority in 2019.  please dont wake her up from her dream of bhajpaa getting 160 seat in 2014""""",2
@user Another INSANE O.. appointees.. AMOUNTING TO NUT N.. JWB.. the next ONE    Could be real famous.. former..first BLACK president.. OR former first BLACK lady... JUST SAYN IT...and FREEDOM OF SPEECH... r my Am O!!,2
@user American liberals will eat their own young to maintain power. Everyone is a racist a rapist  a fascist keep everyone addicted to social programs don’t teach them to fend keep them addicted to government don’t let them think for themselves dems will keep black n Hispanics chained,2
@user Childish and unprofessional.,2
@user You are ridiculous and need to retire!,2
"&lt;God's chosen leader"""" my ass!  Fuck Christian conservatives!!!&gt; Baptist pastor Brian Kaylor claims Sarah Huckabee Sanders lies to defend “God’s chosen leader”",2
@user Another illegal,2
This guy is a disgusting little perv. #MAGA,2
@user @user @user @user @user @user @user And your President respects all of that. You liberals do not.,2
@user You turn a dull Tuesday night into a super sexy one! So hot! 🔥🔥🔥,2
@user @user @user Because some people are bastards. You're hopelessly naïve if you think plenty of frauds won't take advantage of this law change for malign purposes.,2
@user @user Smut straight from hell,2
@user Fuck em all. Complete morons,2
I got more common sense than all of my followers  :),2
@user @user Bitch I wanna know,2
@user Sam was singing and they DiDNT tell her to stop singing and she thanked them!! Unbelievable!!! Who the hell is she talking to?! It's bad enough when she is talking to one of the houseguest !! But to keep talking to herself! Wonder what her family think about her going nuts!,2
@user get your shit together,2
@user He is BAFOONICUS !,2
@user @user So let me get this straight they want us to hold off on the confirmation hearing for what? Polygraph is inadmissible. All to hear he said she said? Ford signs paper in trump case against illegal separations? And Cavanagh has just about every woman stating he is honorable. Vote ye,2
@user I LOVE YO CUTE ASS,2
@user @user No they aren’t! They have all said she could speak in or out of the public &amp; she should be heard! Stop spreading lies! Of course u liberals think u should just ruin his life with no evidence,2
@user bro they were laughing into her face and almost pissing their pants and i was standing beside it like wtf mind ur own business,2
@user @user The ‘AntiFa’ crowd? What a quack.,2
"@user @user @user @user @user @user @user @user @user @user @user @user Antifa doesn't beat facsists to try to get them to change their mind - they know it's a lost cause to try to change a fascist's mind. They do it to scare them into hiding, to demoralize them, and to stop the spread of their hateful ideology. There is no forcing views on others"""".""""",2
@user Pussy,2
@user @user @user @user LOL!!!   Throwing the BULLSHIT Flag on such nonsense!!  #PutUpOrShutUp   #Kavanaugh   #MAGA   #CallTheVoteAlready,2
@user Holy shit this is sick :0,2
@user @user Kerry needs prosecuted for colluding with Iran. This needs to be done quickly. Revoke his security clearance &amp; remove his passport. He is a traitor--always has been!,2
No. I respect him for sticking up for his wife but let's not forget that he's running around screaming MAGA &amp; said slavery sounds like an option to him.,2
@user And when they met he looked at her and said I'm in charge in you're my bitch. Even though he knew that she is a Domme and was there in that capacity. He tried to control the situation and take over and she had to shut him down and get the hell out of there so she didn't get hurt.,2
@user Why in the hell would I do that? The left already hates me enough. Black conservatives aren’t liked in this country. I comment and fight because of that.,2
@user @user @user Exactly. I haven’t watched in two years and I refuse to. As a former @user fan I think Jerry Jones is a disgrace to the people who have helped make him as rich as he is.,2
@user He is an egomaniac and doesn’t like to lose so he will spend money for free agency and his drafts are better,2
@user Damn hope you find some bitch 😂 I bought some yesterday LMAOOOO,2
"@user @user @user @user @user @user @user @user @user @user @user Yeah. That's kinda the fashy thing right now. The Proud Boys scumbags wear tshirts saying Pinochet did nothing wrong""""  And Antifa are the ones who are violent? Please. It's been an actual fascist every time this has been brought up in my experience. Like dude here, who stopped..""""",2
#RSSReachesOut Now its open to everyone who really is intolerant. Shame on these Psuedo liberals,2
-You would never guess that this employee plays Covet (a fashion game) on her iPad in her free time. 📱 -She has a strange phobia of dogs.🐕 -She is amazingly weird! She can jump over her foot while it is in...,2
@user @user You know good and goddamn well that if you tried to explain all the gun control on a military base is proof that gun grabbing laws won't do shit if you look at Fort Hood.,2
@user Blame Trump???  U bunch of idiots. Blame the corruption over in PR,2
@user 😅😅😅😅😅😅😅😅😅 gun control fun a statue of a stupid child under a desk are going to change peoples if that is the case they are stupid because i for will not give up my firearms or free speech or my rights to no one or no government! Fuck you!,2
@user Sorry but bloodsuckers are bad almost as bad as elves like you are dating an undead monster who cant be controlled and even if they can be controlled you'll die before her and make her have mental issues,2
@user That sucks 👎,2
@user @user But to go all antifa on ppl like friggen Milo? I don't buy that conservatives who like medicare don blackout and then going millennials for antifa protests.,2
@user You’re not a proper country girl if a bit of mud puts you off!,2
"@user @user @user Liberals today R VERY different from Classical Liberals. Liberals today have gone so far left they R Marxists. You're burying your head in the sand if you think neo &amp; classical Libs are the same. Trump is so authoritarian"""" people can say what they want about him &amp; not be killed.""""",2
@user @user Why are they there??? It seemed like they are brainwashed,2
@user @user Just block the idiot. He's not even worth this post.,2
@user Let me borrow yo shit first 🤣,2
@user @user @user What has awaken so many women in this country is the asinine over the top stupidity of liberals today!!,2
Actually antifa makes u want to kick them right in the teeth,2
@user Let's not kid ourselves...you are a prostitute...for the @user,2
@user Dishonored zone where you have to balance on dangerously high edges in a shitty ghetto overrun with rats and bloodflies,2
@user @user Wonder if he apologized to Diamond and Silk for calling them a “minstrel show?”  He should have been fired but there he is making faces.,2
@user @user @user @user @user No.   I mean parasite in the sense of private companies being an unnecessary  and universally-unwanted bauble imposed on an essential public service by people who put profits before public opinion and democracy.,2
"@user @user @user I didn't see the referred to TV segment, and I don't support the response, but It is very easy to see how you, as a race baiter, can bring out the emotions you are trying to elicit. It is unfortunate that UR willing to sacrifice Black people to make you such a big man"""".""""",2
@user Manafort has been on K street for a long time. He knows things. Deep dark things. I agree. He is gonna burn some folk. Mueller already knows who he wants. Manafort is gonna give them up.,2
@user All that shit was hers,2
@user There are more good people than criminals.  If the good people are armed the criminals won’t stand a chance.  In the USA the cities with the highest violent crime rates are those with the strictest gun control.  The Swiss are all armed and trained - violent crime is rare.,2
@user @user I just saw a video that you are corrupting our government and from the evidence i just saw you are going to jail!!!! #MAGA #TheGreatAwakening #QAnon #YouAreGoingToJail #YouHaveBeenExposed,2
@user The  tweets show how demented liberals have become.  They have zero credibility,2
"@user @user @user You guys. You seriously don't mean everyone right? There are good people here that don't like to bother with shit like that. Personally for me I want this shit to stop but our government apparently is to fucking stupid with gun control. Arm teachers with guns"""" yes makes sense.""""",2
@user What’s your point. You are so clearly ignorant about the nature of sexual assault,2
@user @user LMAO....YOU SUCK NFL,2
I hate the Democrats but they do Fight like H3LL everyday.  R's are making so much from Lobbyist they don't give a damn what we want.  I'm Ready for #MAGA Party   but we have to get Trump elected 2020 and keep democrats out till 2020,2
@user @user @user Following because she is not only a tacozt bit a sociopath and a moron all lethal combos,2
@user @user @user @user @user @user @user @user Yes his brain was effected. He is one of the sharpest attorneys in America. But maybe it effected your brain is tge what you meant?,2
@user @user I SHITTED/SHAT YTD AND LOST 0.6KG CAN U BELIEVE IT,2
@user I love my penis and want to keep it. Would rather smoke a joint.,2
@user Grateful Trump doesn’t have a dog in the White House. He is a cruel man.,2
"@user @user Why? Plenty of people have taken a stance in favor of common sense gun control"""" and it doesn't mean jack shit since they don't have a plan for common sense gun control.  Would it really help to have the ASB and ASA also spouting empty buzzwords?""""",2
@user And this from the clown that should be in prison?,2
@user @user @user @user Connections are vital with all of the crap Twitter forces on conservatives.,2
@user @user If Trump wins 2020 and growth continues will the crazy liberals still be thanking Obama 6 years from now.  Of coarse the will because when the argument is lost all that is left is too dispute the facts.,2
@user Niggaz buying pussy bitches trying to buy love...,2
@user @user Attention lefties demanding gun control. Most of these shooters are left wing. You don't get to shoot congressman and create violent chos and then demand we normal people disarm.,2
@user What shitty wipers you have,2
@user @user @user @user @user @user @user @user @user @user I dont think so..it would mean he is in trouble.  Dont wish that on anyone.  Isn't that where the Cumm Inn is at?,2
@user @user @user I will never forget what levels you racist liberals went to and what you did to Clarence Thomas. Liberals are  the worst people ever.,2
@user @user has the same lack of morals as her mother! Abortion is murder!,2
@user Yeah! You can’t just wing cooking!   There’s all kinds of measurements you need to follow otherwise it’ll end up tasting like garbage.,2
@user @user My dumbass was really thinking how in the hell is she been pregnant for the last 6 years😭😭,2
@user Are facts a “dangerous line?” A hate Trump liberal activist makes a 37 year old claim that is completely out of character for Judge Kavanaugh and we shouldn’t question it? This is a total scam and I’m fed up with liberals turning our SC Confirmations into the Jerry Springer show.,2
@user @user I'm waiting for the liberals to squeal that those sandwiches could feed poor families,2
@user @user @user Well that's going to send the fake makers of main stream media and the left liberals and the powers behind them nuclear. Amazingly powerful world changing moment in humanitys history. #qanon it's everything we've been told to expect! #WWG1WGA #MAGA #MBGA,2
@user This terrorist fanboy @user and his saddo @user cronies are wholly unfit to hold any public office. A proper @user #Brexit supporting Tory PM would have wiped them out politically by now.,2
.@USER won this round. Yucker ALWAYS interrupts his guests and it didn’t work this time. He is so rude. #MichaelAvenatti,2
Shouldn't pussy grabbing @user be the one wearing the gloves while handling food? #MAGA,2
@user @user @user Glad her career is ruined by the way. She deserves to be ruined after what she done. Just because she WAS a celebrity doesn't mean she should be excused. Doesn't mean she is above the law.,2
@user @user Espn is a joke. She is an entitled bully who can't handle losing.,2
@user He is so stupid,2
@user She’s a great comedian. Where as you are a great....nothing.,2
@user BITCH I FUCKING FELT THAT SHIT🤧💀,2
@user you are not welcome,2
"@user @user #MAGA ... oh ... And FvKK YOU!  Judge Kavanaugh's no more ambitious"""" than some old MuttaFuttah like you who's been in GD Senate for the past millenium.""""",2
@user I hate him im so fucking sorry,2
#NickFerrari seems to be intentionally misleading his viewers?!  Suggesting paedophiles among whites are the same percentage as #Muslims and that we are only angry at one? No Mr Ferrari .. I think not!  #LBC #LBCRadio #MAGA #MCGA #MEGA #MBGA #Conservatives #Patriots,2
@user @user Technically speaking he is hamstrung by drug &amp; alcohol addiction,2
@user Comey has pissed on the us Constitution..he is a rat and needs to go away or face consequences,2
@user Illegal Immigrants:  Human Beings Trump Supporters:  MAGA Gullibles MS-13 Killers:  Fear mongering Human beings in the womb:  Not your baby/not your business Antifa:  Same as RW nut jobs  Law Abiding NRA Members:  Could be terrorists Bill Clinton:  Your crush Kavanugh:  PREDATOR,2
@user Wow this is priceless! A college educated professor self-inflicts himself with a bullet wow he is “brilliant”!,2
@user @user You are sick in the head. This man lost his daughter.,2
#TuesdayThought.   The only hate speech that I hear these last 2 years is from Liberals- STOP THE HATE!,2
@user So sister fucker...name one single thing Obama said that was inappropriate?,2
@user Very simple....More gun control ads equals more guns sold. The gun illiterates aren’t smart enough to figure this out,2
@user @user A clear majority of conservatives approve of Trump and the GOP. Don’t be stupid.,2
"@user City of 1 499 900 people who don't fuck"""" doesn't have quite the same ring to it""""",2
@user Wake up black Americans!  #maga #Kavanaugh #VOTERED #Trump #Trump2020 #WALKAWAY #KAG #TrumpTrain #1A #SundayThoughts #HurricaneFlorence #HurricaneFlorence2018 #BolsonaroEleito1ºlugar #BolsonaroPresidente bb #Blackout #BlueWave #BLM #BlackExcellence,2
&gt;Tfw She is a lesbian,2
@user Obama will preach about gun control in the U.S. but then arm the drug cartels in Mexico and advocate for open borders. A piece of shit is worth more than Obama.,2
@user She’s not acc drunk she’s just v tired and took sleeping pills so she is being silly,2
@user @user @user @user @user @user @user @user Omg....he is sex on legs,2
@user @user @user Sucks for you,2
@user She is also ugly as hell and not something anybody wants to look at. LOL :),2
@user You are one of the mastermind of a big syndicate at BOC.  We will not forget. You will go to jail!😡  #FakeDrugWar,2
"@user @user We need a marijuana lobby that can bribe the GOP like big pharma does. Otherwise, you're screwed. Just because it's good for America, that means nothing... see gun control""""""""",2
@user nah my foodie ass will gladly say it. that works on absolutely no one's fucking palate.,2
@user Bono sucks,2
"@user @user @user @user He is mocking self-professed populists who claim to speak for the people"""" when those who stand up for """"norms"""" and """"rights"""" are labelled latte drinking elitists""""",2
@user   NO ONE needs hunting in Canada Spread the word.There is no place in a civilized society for rifles and shotguns.The Coalition for Gun Control has 200 associations behind us to support and the Liberals. In the name of the safety of our kids Mr Blair ban those guns.,2
@user Cher is helping Republican party by her unhinged rants...,2
@user I think we should be going after Sen Feinstein if she really cared she would not have sat on this issue and made it political.  She is using you like all democratic power seekers be careful who you sell your soul too,2
@user Look at this chill as fuck bearded dragon,2
@user Medically treat  the addict and the mentally ill gun shooter for the medical cause 1st then no need for a wall or further gun control,2
@user I don’t like her but hope if she is next to Tyler at final 2 she Wins. Just me being petty.,2
@user Fools No respect,2
@user I can’t believe you replaced the American flag with the Antifa flag!!,2
@user Blaming Trump for the hurricane is showing his ignorance and hate..if only he were to give his salary to their recovery maybe then he can help,2
@user @user #DUMMYDONNIEJR 🤦🏻‍♀️🤥🤡🤷🏻‍♀️  THIS IS FROM 2008 IDIOT 🤣😂😅.  The apple doesn’t fall to far from the tree when it comes to lying 🤥.   The American people have had #EnoughIsEnough of #LIARINCHIEF and you are actually an embarrassment as well like your daddy 🍄🍄,2
@user @user I love @user !! @user stop your racist censorship now!!,2
@user Fuk this fat cock sucker,2
@user @user Liberals are the worst sexists.  Not all women speak truth especially political activists.  Try judging the veracity of the allegation by evidence instead of gender.,2
"@user So she is using the feminist card as a excuse for her behavior in not getting what she wanted when the other competitor that she played was a A WOMAN"""" who just was simply better than her today. Every woman in that room who applauded to that nonsense I feel sad for you.""""",2
@user No way.... Way too much talent on the Goonies. I’d like to see yall vs them tho real shit my gz.,2
@user For the hol tl to see😭. That’s tht Big Dick energy 💯,2
#Police? #Banter Training?  Oh my God! Fools and Tools.  #MAGA #MEGA #MBGA #MCGA #Conservatives #Patriots,2
@user @user @user Innocent people don’t resign. We know liberals love sexual predators. That is why you are OK with Keith Ellison assulting several women with police reports to support it.,2
@user Ridiculous comment the only way liberals make government work is when conservatives go along with their ideas. Tbqh less government is always better than more unless your a socialist. Most time government passes a new law i lose money n Liberty .,2
@user Hope the tiny anti American fraction of the USA can support those nfl contracts.,2
@user @user He is a meme repeater,2
@user Odd how conservatives keep getting exposed of being child fuckers.   Thats why they're against abortion. More victims,2
"@user @user @user Still shoveling shit"""" for Trump?....What kind of woman supports a liar, racist,  pussy grabber?....that's what kind of woman you are.""""",2
@user and he took away the constitution from us.  congress refuses to restore it to us why is that?  Article 4 sec 4 was taken away..  and because of that there are NO gun control laws anymore. OBAMA is a STUPID MAN,2
@user what is this? We don’t want your $2 tacos we want fucking gun control. Are you seriously trying to capitalize off this tragedy?,2
@user @user She is so stupid it scares us average Americans that she makes decisions on our behalf,2
@user This is not possible. California has implemented strict gun control. Only law enforcement and those fortunate enough to get a permit can carry in public. “Assault weapons” are banned.,2
@user @user @user He. Is. A. Sociopath.  They are incapable of feeling empathy. Period.,2
@user @user Literally.  You are literally a crazy person.,2
@user @user Are you bipolar? You keep saying different shit to people commenting on what u said,2
@user His legacy is crap. Why would anyone want to save crap?,2
@user @user @user @user @user This hand signal is used by ignorant people as a signal of white supremacy and by evil people who get a lot of satisfaction in the idea of pissing off liberals.  We should ignore both because displays of ignorance and hatefulness don’t deserve our time and attention.,2
@user @user Definitely not as strange as her. Thats for sure. Shes a professor at a alt-left university. All those folks are kooky. #trump #maga,2
2 hours at midnight and she said she is not a call girl?  -Awkward!,2
"@user @user @user You are absolutely correct! But your question would be better directed at the LIBERALS in Congress, the ones that make conflict Big Business"""" it's all about money &amp; power!""""",2
@user @user @user For the love of all things sacred he cannot be voted in. He is well down towrds the bottom of that scummy swamp. The Scales of Justice need to let him drown in his own shit. Make 2018 the year of holding each other accountable for our responsibilities. ☮️❤️🇨🇦👵🏻,2
@user @user @user She’s confused after all she is only a poor struggling socialist,2
@user What the actual fuck. I hate that I've seen that with my eyes,2
How does this #MAGA...?!? Is this our tax dollars at work...?!?,2
@user even IF that was the reason the last thing mac would want would be for everyone to be harassing the shit out of her when she is already grieving. cmon dude.,2
@user @user @user @user @user Sir I know the difference pretending to be someone else is lying who you are the age where you from etc etc etc. but thats not the point the point is a lot of people are doing both and they been doing it since forever to kill their victims. And it sucks!!!,2
"@user @user @user @user @user @user Nobody wants to take your guns, we just want gun control of what guns we will allow you to have"""".""""",2
@user shit doesn’t feel real to me. then again... life is very whack and i don’t like how it’s set up to begin with so. idk.,2
@user so we load into illios insta lock torb immediate flame in all chat moira  do not win a fight all game constant shit talking between a team mate and one of their team still have a torb im fighting a doomfist help,2
@user Another #dem lie,2
@user He is so takendted what the heck,2
@user @user Just please dont let Cruz get away with the he is a tax and spend liberal racist dog whistle crap fire back with facts and call him out on bs,2
@user Another Fraud Senator from the Left!!!,2
@user @user As if Politically Correct Speech and gun control laws are not attacks on the Constitution! Your hypocrisy is showing.,2
@user She should ask a few native Americans what their take on this is.,2
@user @user @user @user Interesting when Demoncraps aren't even inventive enough to create their own cartoons.  This is originally put out by Republicans - liberals are the Koolaide drinkers and always have been. Liberals are also the scum of the earth and prove it daily through their lies,2
@user But the orange preferred to send the hospital boat away and now she is standing empty. It could have saved many people. Fuck@USER,2
@user @user @user Yeah @user probably views groups like Antifa and EFF as moderates. People who are against farm murders are labeled just as extreme as people singing songs about actually killing those farmers. Crazy times we live in. @user,2
@user fucking s league football HAHAHAH,2
"@user Holder is an evil, hateful, dangerous man.  He's a real"""" racist.  He absolutely hates White People.  He &amp; Obama contributed to the race riots during O's Admin.""""",2
🛑 Ntknetwork News 🛑 👉 'Senate Set to Pass Bipartisan Bill to Combat Opioids' #MAGA￼🇺🇸#2A #Prolife,2
@user It's a testament to how fucked this world is...that she is free to spout all this bullshit and not be in jail or even being investigated for statutory rape.,2
@user Disgusting!,2
@user poor Godless liberals,2
@user @user Not one for anything to do with RUSSIAN COLLUSION which BTW is not a crime most b4 they knew DT. The ones who copped out only did so 2 save their ass. I'm just curious why none of u self righteous ppl had a problem w/ all HRC &amp; BO crimes lies spying etc? Hypocritical I'd say.,2
@user @user Because you advocate for  -gun control -mass immigration  -cultural Marxism   You’re a tool for Jewish Globalists,2
.⁦@USER is pledging more than $1 million to support nonprofits and youth activists working to end gun violence. They’re also partnering with Michael Bloomberg to help create a coalition of business leaders who support gun control measures.,2
@user @user Another sheep led to the slaughter the left are eating there own!,2
@user she is human garbage that is what is wrong,2
@user Guess the robber didn't know about all of NYC's gun control laws,2
@user @user @user @user @user @user @user FUCK yes now i have someone to pressure me to get into every pit that opens up,2
@user @user Corey Booker try to finger blast my ass as a teenager. #MAGA #WalkAway,2
@user Serial rape didn't seem to be a problem for liberals with Bill Clinton and Hillary who enabled him?  Go figure - can you say hypocrisy?,2
@user why do all crazy liberals have CRAZY EYES? LOL,2
@user @user @user @user @user @user @user @user Whereas you are almost a year late in trying to demonstrate you give a toss about women’s rights + needs under the law. You are a disgrace + an embarrassment to #Keele + the legal profession Alex. Prioritising the rights of sexual predators over their victims damages us &gt;,2
"#conservatives everywhere in my small red town, kids need to be spanked and put #God first. They need to know consequences!"""". Also them, """"#BrettKavanuagh shouldn't be held responsible for something he did at 17!! #Hypocrites @user how do sleep at night?""""",2
@user @user ..... or you could legislate some common sense gun control and tone down your racist rhetoric.,2
"Black Female Democrats Call for Changes in Party""""  #TCOT #MAGA #RedNationRising""""",2
@user Bird ass,2
@user Innocent until proven guilty!         I think time has run out on this! And personnel I think she is lying! And someone is paying her to lie! JMO,2
@user How would they know if gun control worked if they refuse to try anything?,2
@user Damn catholics.,2
@user @user American terrorists. We need strict punishment for these lawless thugs. STOP powdering Antifa’s ass.  #BackTheBlue 💙🖤 #gettough,2
@user @user @user Oh so now you are comparing a government law enforcement agency which is subject to constitutional laws to a private corporation. Yeah that makes sense. Wait... No it does not. Stop talking. You are a complete imbecile.,2
"@user @user @user Whataboutism"""" is yet another made up word used by liberals to attempt to deflect criticism of their own ridiculous hypocrisy.""""",2
@user @user @user @user @user Monkeys have been used for centuries to dehumanize black people but none of that has anything to do with the 5th largest economy in the world and a 9 billion surplus. Everything else you are saying is nonsense. Againtske your L and leave,2
@user when is enough enough? This is abhorrent and inexcusable. Your fearless leader seems to have forgotten that he is a public servant.,2
@user You hear something he is not saying  but they did drink supposedly at that school in the 80s which was  18 in 79. This tales is 1982 when limits moved to 21 but there is a girl 15 accusing a boy 17 of everything but sex. If you think it is rape prosecute it. Do not imply boy lies,2
@user @user @user Fucking glory hunters,2
@user @user She says she wakes up from sleep thinkin she is gonna get Trump.   She needs a Psychiatrist! ASAP,2
@user just lose to every tom jeff and jerry because some dumb shit happens and I lose full,2
@user Figures. He is a douche and would do this.,2
#TheresaMay #MonsterMay #Conservatives must answer for their crimes. #DWPcrimes #DWP #Tories #ToriesOut,2
@user That solved the problem in Chicago alright!!  I wish these “leaders” would think up something different to get attention.   Gun control is getting old.,2
@user God dang! Didn't she break campaign finance laws? Why isn't she in jail?? Didn't she promise to move out of the US??? Why won't she just Go Away??!!,2
@user He's beyond moron.,2
@user a huge fuck up on my part.,2
@user He doesn’t want to give anything to POTUS!,2
@user 2018 charts she is. Overall fuck no. Cardi got ways to go to catch niki,2
@user Fuck em,2
@user call me a dog cause DAM... I got a bone for you nigga 😘,2
@user @user @user @user @user @user @user Liberals have had 2 years to play this game.. an extra week doesn’t matter. Everyone was well aware who the likely nominees were. Kavanaugh has been a top name for many years.. Liberals have always had him as a target,2
@user Already pacing you side by side Sir! I think she woke up after the election thinking she could now retire only to be the second biggest loser. She is holding off for hope in the mid-terms and will quit once that one vaporizes like a fart in a hurricane.,2
@user @user I know exactly how it works. They steal money through regulations and taxes and the people can't do a thing about it because the government has the monopoly on violence. Why do you think democrats desperately need gun control? They want even more power over the people.,2
@user there is no way she is 26 wow drugs maybe who knows,2
@user He got his chance and blew it,2
@user @user @user @user @user @user @user @user @user @user @user @user @user @user @user @user @user Keep banging on with your nationalist nonsense. Once democrats win the midterms and raise taxes you'll be able to get on the same page as everyone else. Universal health care and gun control will save countless lives. Trumpsters like you will learn eventually.,2
@user Damn he fell victim to a little thing called TOS much like the ones on his own site,2
@user @user @user Check this ad out. Super creepy  People are pointing out a disturbing problem with this Republican election ad,2
@user @user @user You’re the embarrassment who should be kicked out of the @user,2
@user Again another b******* story no one is watching football because of this a******,2
@user Holder should be removed with a set of tongs and some disinfectant.,2
@user @user @user @user @user @user So the first thing you do is put the black guy up and call out that we are using the race card. Shows how racist you are. Maybe put a Latino or woman up next.,2
@user He makes dope ass songs. He’s a singer/writer,2
"@user What is my fucking problem? Really?""""  —Jason denys a couple of times. He does not want to behave like an idiot / not again / but he's worried about her.  """"Where is Dick or Bruce? Are not they with you in this?""""""""",2
@user @user Liberals and Democrats are Psychopaths! Yep! Something wrong with all of them.🧐🇳🇬,2
@user @user How many gun control measures did Republicans shoot down in the House or Senate during Obama’s terms?  (Hint: it’s in the triple digits.) Bordering states with weak gun laws (WI &amp; IN) make it easy for gangs to get guns into Illinois.,2
@user Elon sometimes opens his mouth only to replace one foot with the other,2
@user @user @user @user @user She and Him beign a Joint Acct. Have called Me and Grok everything under the sun  The Same Person Women Racist Redneck Antifa  KKK Members Grannies (Yes Grannies) Haha Etc  It's pretty common when the Fraud Gets Busted to start calling the one's who Busted them hilarious names,2
@user @user Tis funny you assume I’m left or a supporter of antifa even though I dislike nazis. You’re still a ball washer though.😁,2
@user we are done. you have no knowledge base for any of this and you are drunk on lies.,2
🛑 Truthfeed News 🛑 👉 'JUST IN: FBI Deals Yet Another Devastating Blow to Democrats on Kavanaugh’s Accuser' #MAGA￼🇺🇸#2A #Prolife,2
"@user You're either a bot or... for some reason you're associated Gavin McInnes with the alt-right""""?   Time to find some better news sources, bro? The """"alt-right"""" hasn't been relevant since CVille. Your journalists covering #antifa or just focusing on a few harmless conservatives?""""",2
@user Acting like an ass is not a good view.,2
@user Hatred of the man makes people like this fool say things like this. Not reality.,2
@user @user @user She is an alt-left crazy and was discredited by numerous women. All you dems have left is lies. Her name is DR. LIAR.,2
@user @user @user If so why do Democrats continue to say he is a rapist? Why do you Democrats say Republicans allow a rapist to be president?  He isnt unscathed.,2
@user she is uncultured,2
@user How he is still batting,2
@user Liberals ....cry and complain that all they do,2
@user America will be better off once you retire Flakey Jeff Flake.  Go away.......,2
@user What do you care! You are going to prison prison regardless.,2
@user Liberals: The FBI can investigate if you ask.  Also Liberals:   Can you believe Trump ordered an investigation of a private citizen??? He's a dictator!,2
@user The liberals are really displaying hate &amp; their message of division. Republicans really need to take advantage of this by welcoming the disgusted democrats that had enough with their party &amp; want a solid policy &amp; no more insults.,2
@user They meet many many fans it’s amazing that he remembered her don’t be a bitch,2
@user I've seen people with some the most beautiful (not to mention original) art i last my eyes on. but only have 70 followers because they get buried by half-assed bullshit. all because they're not pals with someone popular,2
@user @user @user New gun control laws are a waste of time &amp; energy which is better spent holding these worthless politicians accountable for their REFUSAL TO ENFORCE CURRENT LAWS.  Why create more laws they will never enforce?,2
@user @user W had empathy and regrets. He may have been a bad/ineffective president but he is way more presidential than trump could ever hope to be,2
@user Beto or whomever move and support immigrantsilegals into your home,2
@user @user @user Chicago has been ran by Democrats for decades.  Why is it up to the GOP to solve the problems they created to begin with?  Act is absolutely code for gun control and that's not happening nor would it help anyway.  You need 1000 detectives.  Start hiring.,2
"@user @user @user Just another BLM brat blocking a highway, ANTIFA thug swinging a bike lock. Here comes just another screamer from the gallery - except this childish scoundrel screamed he RAPED me!"""", sat down in the middle of the room, stuck her thumb in her mouth, and whined """"prove me wrong!""""""""",2
@user End of Mos2. SM out in space hears a voice in his head asking if he’s kryptonian.Turns around and it’s MM. MM explains his situation &amp; asks for refuge on earth. SM puts out his hand &amp; introduces himself. Has their shaking hand he says welcome to earth. Cut to black.,2
@user “My head is a fuckin egg”,2
...it will be hard to believe any female accusers...ever again...especially liberals who lie for personal and political gain...,2
@user your pappy is a big fat fool the Democrats doesn’t have to make him look bad he makes himself look just what he is an ignorant 5th level  FOOL,2
@user He is! 💥,2
@user you say “high-value men” like that’s a real thing that exists &amp; not a made-up lie you told yourself to distract from the fact your mother never loved you &amp; your penis is microscopic,2
@user @user You are name calling a decorated disabled veteran. - shame on you. Know your subject before making slanderous remarks.,2
@user they're hot bro,2
@user I love only one (1) bitch (you),2
@user @user @user @user @user I think #AltRight is going to burn their jeans next ...,2
@user @user @user Antifa FACIST. Don’t let these mean anti-Americans use a fake title. They are FACIST.,2
@user Zarries didn’t start this conversation! It was a larry shipper that trash talked our ship!! So how about y’all petty ass larries stay out of our mention eh?!!,2
@user @user @user @user have become the party of “the Sky is falling” and “we are all going to die”.  What a sad bunch.,2
@user I always knew that is how Biden and Obama felt about conservatives. It’s just shocking that they so easily admit it now. No wonder there is such hatred and violence on the left!,2
@user @user @user No she's not she is looking for a job by being controversal. She is very bitter,2
"#Kavanaugh issues more detailed response, confirms the view that he deserves an opportunity to defend his reputation: This is a completely false allegation. I have never done anything like what the accuser describes—to her or to anyone....""""",2
@user Oh well. Its tje liberals and socialists who have made drug addiction fashionable and doable with “free” supplies. How bout some $$$ for diabetics who face ongoing supply costs? No?  But we forced to pay for these losers?,2
@user He is a knucklehead.  He is not making good decisions.,2
@user This is just more of the standard Trudeau “Liberals” emotional manipulation of Canadians.   They think Canadians are stupid.,2
@user Thats because you are an old man.,2
@user Hopefully it is joking.  I hate boycotting the Leftist entertainers but I do.  Stop saying stupid stuff.,2
@user @user  ERIC HOLDER IS A FILTHY MAGGOT.,2
@user @user @user @user @user @user One really horrible incident I could show you hundreds of antifa but they didn't kill anybody YET!!!!,2
@user @user Gail has dropped far if she is going after actors like Rob to deal with the frustration of being a has-been...,2
@user @user This is dumb! What is the point?,2
@user @user She is as dumb as she looks,2
@user yeah but xenoblade sucks,2
Good Job asshole!!!...You just killed your dad's chance of a get out of jail free card!!! #MAGA @user @user @user @user @user @user,2
@user same i just want to win so i can finally have a good pc and shit post in full body in vrc,2
"3)  Conservatives think it because the NeoCon infiltration that successfully corrupted, and nearly destroyed, conservatism has been brainwashing them for decades to accept anything with the free trade"""" label as good - and anything with """"protectionist"""" attached to it as bad.""""",2
@user That shit got me dead!! Eager ass boi!,2
@user WHAT i cant like HE IS LEGIT WATCHING my ever move In Rehab!!!,2
if i have to tolerate ur loud ass maga merch dont say shit about my nike anything kiss my ass,2
@user @user @user He is such an arrogant creep... believes he is God’s gift to Politics,2
@user Yes mothers now this is what the deranged left will make you do to your little boys! Are we really going to let this happen? Pure EVIL! #VoteDemsOut #MAGA #2020 #ConfirmJudgeKavanaugh @user,2
@user as Libertarian all this shows me is how ugly and divisive the two party system is. Liberals are actually a lot uglier. All straight men need to leave the Democratic party. A party of men hatred. Leave!,2
@user And here’s me fucking ya mom,2
@user Bro go watch how he hold his backwood in the interview like that shit was irritating lmao nigga is mad suspicious,2
@user Feinstein and Schumer are political assassins.  Thank heavens that @user has been able to give a few in the GOP courage to not fold this far.  Conservatives need to hit back hard on these political criminals.,2
@user @user Abso-fucking-lutely. That shit was here already!,2
@user @user @user @user @user A woman in my town honked at an asshole driver who cut her off. He followed her home and beat her with a crowbar.,2
#KKK &amp; Gun Control are traditions of @user   Dems started the #KKK because they hated blacks  Then they started gun control to stop the @user from arming the Klan's victims  #2A #Gunsense is gun ownership! #WhateverItTakes to inform liberals of the truth!,2
@user @user @user I think it is a safe bet that Donald is clueless on everything because he is ignorant &amp; lies so much. Ivanka knows everything &amp; will flip on all of them to save her treasonous ass.,2
"@user @user @user Socialism once its implemented has historically had only one effective stop measure and that has been civil war. Knowing that the force/reasoning behind gun control"""" becomes clear. You can have a clear picture of this process by reading Saul Alinsky's-Rules for Radicals.""""",2
@user At least he's not a coward like you.  What's your platform?  Where's your donor list?    #BernierNation It's time conservatives did the right thing.,2
@user @user Haha true.  Back to your original point... if we all just fucking drive everything would be fine!,2
@user Wtf have I missed here. My account was hacked and just got it back up and running. Somebody care to explain what’s going on here.  Am I right in saying that the guy who has been playing live saying he is Dash Berlin aka Jeff ??? So what’s happened ???,2
@user Legit just LOL'd... Shit is funny asf,2
@user It’s for pornhub...,2
@user Do they drug test in tennis? Shes on some serious hormones or testosterone,2
@user Another war “Hero” speaks out🇺🇸🇨🇺🇺🇸🇨🇺🇺🇸🇨🇺,2
@user @user That's ok antifa terrorists don't have intelligent conversations any way. Keep your head in that safe space.,2
@user you are a hypocritical hack.,2
@user @user I would name my dogs breed but I have no fucking clue what he is,2
@user Holy shit. You better not be drinking milk after eating that. Or else... 🤢,2
@user @user @user Think they're trying to be funny or it's a dog whistle to prohibitionists. Either way it's a total fucking disgrace and belittles cannabis use. Wankers.,2
@user this is exactly who you sound like.  Complete dog shit. Been meaning to tell you this for a while.  #long #cox,2
@user @user @user No liberals just state they believe her because she is a woman and democrat.  They state they do not believe Kavanaugh because he is a man and should “shut up”.  They probably believe OJ.,2
@user As usual a seemingly and supposed smart feminist thinks she has made sense.. Yen yen yen yen yen yen alone... You just told me rn you are also dealing with another person.. Have you considered maybe you are the toxic one?,2
"@user @user I hope whoever gets seated - kick and cry all you want, someone WILL get seated - they're a liberals worst nightmare. Everyone can look back and say we really fucked ourselves by not confirming.""""  Don't act like you are protesting Kavanaugh, you are still protesting Trump's win.""""",2
@user @user @user oh yeah Terry Porters 40 second PI Call (OSU alumn)... naw im over it... Your coach and his scumbag history... If you know anything about his history with Aaron Hernandez you would know what kind of scumbag he is... but OSU is a shithole so the story goes on..,2
@user @user is so biased against conservatives‼️everyone should drop google and use Bing or DuckDuckGo.,2
@user Bono can go away now the 90s are over you sick now,2
@user @user Worst takes ever.....a blatantly racist cartoon and your attempt at a defense.,2
@user @user That is why you never want to deal with the left/democrats. They have become lunatics. #TrumpDerangementSyndrome,2
@user Boycotting NFL for the rest of my life.,2
@user ANTIFA DEMOCRATS are gonna pay so YUGE in November it will be the final nail in the coffin.  You are FruitCake Trust Funded FakeNews Journalism.,2
@user I eat some weird shit but this crossed the line,2
@user @user Her life is crappy because she is crappy. And she’s threatening to kill everyone. Another nut job...Listen up FBI!,2
@user #JustSayin’ what the majority is thinking. More #FakeOutrage &amp; #Lies from the #LunaticLeft. Never seen so many sore losers throwing temper-tantrums for almost 2 years now. Embarrassing! #MAGA🇺🇸,2
@user @user needs serious psychiatric help. This guy is an anger management bi polar psych 101 case study.,2
@user #Liberals are muck rakers. They have NO platform to run on. NONE! Culling vulnerable people from the late decades... of the last century... of the previous millennium... shows how desperate they are to be heard. Now they’re loitering around high schools looking for rumors. Sad!,2
@user MAGA white people,2
@user Go to la casa de las micheladas!!!! They have some crazy ass ones!,2
@user What a freaking ass.,2
@user Maybe they will Havana an Antifa race war &amp; slam the dildos out of each others butts.,2
@user @user @user fails to realize he is the party of @user and Antifa. A complete lack of self awareness. These people are dangerous. #EnemyOfThePeople,2
@user @user She is an hypocrite and back stabber like her boss! She applaud this clip. Neighbors help each other when they need help?,2
"@user I hate a man who thinks his irrelevant opinion matters"""" ass bitch",2
@user @user shit ode,2
@user I mean it worked for gun control right?,2
@user Has any ex Obama administration personal not yet?  See a pattern here folks!  Their actually doing this publicly. The msm is their partner in this treason.  It’s a attempted coup d'etat!!!,2
@user @user @user @user @user Oh and how do think the victim feels? Im sure she is fine with the death threats and insults she’s been getting spewed at her by you fine Christian conservatives,2
@user Breitbart must be hacked! Your headline says it all.,2
@user I got this,2
@user Why would he order Cohen to print more money?  It's amazing how bad you are at this.  Or are you just dishonest and purposefully spreading fake news?,2
@user @user @user @user shitt on Pitt - perfect for wiping the seat!,2
@user @user @user @user @user also trump IS a fascist- LITERALLY.  the central govt thing for anyone always seems to depend upon who's running it. magas are fine with fascist trump and liberals were fine with obama. my ideas about good government are a bit different. of course i did admit to being a quaker.,2
@user @user @user I watch Obama for as long as I can stomach him just for the laughs LOL he approves himself to be Even more of a narcissist every day! He is so full of himself a.k.a. full of shit! #HangHim,2
@user Unfirtunately i have seen hispanics justifying shit from trump. I argued with two family members of mine who believes trump did helped PR a lot.   And i have a relative who he is a trump fan  &amp; agreeds that the majority of immigrants that come are bad.   It is upsetting,2
"@user Top 5 excuses"""" liberals use when they are losing and desperate. #1 RACISM #2 Sexism #3 Russia #4 Guns #5 the Rich VOTE DEMOCRATS OUT! America doesn't need LOSER leaders. and WHINERS!""""",2
"@user @user You say you're part of the resistance so I'm fairly certain you are pro-gun control. My question to you is...Why would you want a government headed by this so called dictator"""" to enact stricter gun control? I don't think that's an argument that'll get you very far.""""",2
@user @user that’s exactly what you evil liberals do. You try to intimidate people so they can step down. I guess bullying is OK when it’s done by liberals,2
@user @user @user @user @user @user They can’t. His a sheep. Just follow along with fake news and put everyone who can think for themselves as KKK. Antifa wannabes,2
@user Because he didn’t do any think Sorry that not true you and Obama screw the American people when ever you could!,2
@user #oshaeterry #ThugLife #Criminal Behaved as an Ordinary Disposable Criminal. #MAGA #MAGA2020 #MAGARallyRules #TexasPolice,2
"@user If only he were the craziest MF out there. Sadly, he is NOT. There are far worse examples of good Christians.""""""""",2
@user Evidently she's as big a narcissist as he is.,2
@user He is a coward.,2
@user Liberals like you WILL never convince us to become lazy entitled victims. But keep trying. I just feel sorry for your son. Having to be raised by someone who will only impart him with the mindset of self-hate and victim-hood.,2
@user is the only one worth slapping your cock on #cocktribute and cumming all over #cumtribute   she is my CumSlave after all 😎,2
@user @user A horrendous act of course. Conservatives lie like they breath and are just generally awful human beings. I don’t doubt the victims story even a tiny bit,2
@user Poorly worded but he's not talking about the actual shooting. He means the aftermath with the gun control aspect.,2
@user I'M ALMOST SHOT BY LA GANG MEMBER/ILLEGAL IN TRAFFIC 9/5/4.45 PM MY BELIEF IN THE 2ND AMENDMENT:REACHES ABSOLUTE:CRIMINALS WANT VICTIMS UNARMED:PIX LATER: NRA GUN CONTROL RIGHTS GRAB FALSE FLAG 2A #ICE POLSI FIENSTINE TRUMP,2
@user Bad gun control seems like. Missed his brains.... bummer!,2
@user @user Dear Fatties Against Fascism... #WalkAway from the Democrats.... Antifa = Democrats = Dixiecrats = KKK  There are no fascists in America.  Same hate. Different colored hoods. Party of hate since 1828,2
@user F the DemocRATS.  SLIMY BASTARDS.,2
@user he probably had sex twice for boruto and the other sister that no one cares about,2
@user 😂that zombie walk was a little scary. Remember when that zombie said he was going to eat Shon’s butt💀,2
@user @user @user I should wash your mouth out with soap for saying that! I have the utmost respect and admiration for our cops. I don’t have that for dirt bags who would break into my home.  Gun control means a steady hand not an empty one. Go talk to Antifa buddies about being a drain,2
@user Holder was held in contempt of congress. Why isn't in prison for Fast and Furious? How about for murder?,2
@user One added me to a “liberals I’d like to slaughter” last month. That was fun,2
@user @user @user Harris makes herself look very ignorant daily! #MAGA without them!,2
#cincinatti  well these shootings will keep happening because of your stupid gun laws so its time americans woke up and do something about it because it will keep on happening again and again and not god and prayers are going to help only proper gun control laws will.,2
What if I told you there's a group in Israel &amp; in America that has been controlling US foreign policiy for decades using spie lies &amp; quasi blackmail schemes. would you believe me? #MAGA #AmericaFirst @user The @user @user,2
@user Aww... he is such a busy monster.,2
My guess is 44 got it from those 100's of $bil of money he stole from #fanniemae that sat off balance as a slush fund in @user  see #fannieGate.  #ThursdayThoughts #Releasethetexts #NoRedactions #Obamagate #ObamaKnew #DrainTheDeepState  @user #MAGA,2
"@user 1st Pic: OH MY GOD THE BATMAN V SUPERMAN TRAILER IS AWESOME"""" 2nd Pic: """"OH MY GOD BVS IS AWESOME 3rd Pic: """"oh, you dont like BvS and call it a shit movie?? well bitch"""" 4th Pic: """"oh, Zack was fired, Henry left and Ben is leaving""""""""",2
@user @user @user Have you ever seen ANTIFA burning college campuses and trashing them any time a conservative comes to speak ? Educate yourself please !,2
@user @user @user @user @user I can understand that and if it’s someone I know I’ll debate with them but I’m not willing to spend that much time trying to change the mind of someone I don’t know I tryed that with people and gun control and it just get stupid because they won’t try to understand,2
@user Oh shit this will trigger some bigots,2
@user Do you have the state right....Cali and Chicago are protected by many strict gun control laws.,2
@user Qual?,2
@user @user Oh you are in England?  Your views on gun control stopped mattering in 1776.,2
@user Stfu bitch lol why u Salty I’m tryna get twitter famous ya know,2
@user @user @user How convenient a conservative dummy believes people are selectively unemployed.Conservatives always try to use this type of propaganda. No facts!Just their warped conservative beliefs. It’s very clear.Many conservatives like @user don’t have the ability to learn or think,2
@user @user @user He is a sick individual I don't care if he is the Pope or the trash pick up guy. Sick and bring to justice,2
@user  Poor Baby.  This is why you and your entire network CAN NOT be trusted.  The only people still watching CNN are brainwashed liberals and demonrats.,2
"@user @user @user @user @user  You are fkn deluded pal #FatNixon is a digusting pig  Trump interview on 9/11: [My building] was the 2nd-tallest in Manhattan... And now it’s the tallest.""""""""",2
"@user @user @user I purposefully had my damsel"""" be a bit of a badass. She is saved by the protag, saved by the third party member, and sticks her neck out to save their hind quarters just as often (if not more!). Sure, she may have ulterior motives (*evil laugh*) but she's still pretty kickass!""""",2
@user @user We all know this is another Liberals Corruption!!,2
@user It's scary stuff to see how dedicated you are to preventing people's access to resources during a crisis.,2
@user Thank you for proving my point.  You are foulmouthed trash,2
@user @user @user Wow !!! no wonder the Liberals only got worse as a party of bullies to women...??? no accountability.,2
@user If he is implying that he is an agent of the Devil's will then I fully agree!,2
@user Always been a lier,2
"Trump’s Lies Have Grown Far More Frequent—and More Dangerous – Mother Jones  Truth decay""""... #maga. We're doomed.""""",2
@user Oh shit,2
@user hope all is well. Thats so fucked. Like seriously what the fuck is wrong with ppl now. Gun control is no issue though right. Thank God I live in Canada. Feel brutal for all the attacks in the U.S.A but seriously it won't go away.,2
@user @user @user Well then I guess it's totally fine to attack his character then. My mistake. I mean what right does an American who was the victim of gun violence have to call for stricter gun control laws anyway?,2
@user 👀 sitting here thinking he has a killer porn stache,2
@user Can’t we send this pig back to Canada. He’s an animal.,2
#YESonKavanaugh Yes because it is the right thing to do Yes because conservatives are in power Yes because Democrats are miserable humans Yes because we are sick and tired of the tantrums from the Democrats Yes because they FREAKING LOST THE ELECTION! Please add more reasons!!!!,2
@user @user He is a failure in every way possible.,2
"@user It's amusing and sickening to watch these scientists"""" twist themselves into knots to justify their gun control agenda. #gunsense is dishonest, through and through.""""",2
@user @user She lost because she got outplayed. She is disgusting for her behavior,2
@user noticed you broke away as soon as the senate started talking about the great 4.2 growth rate and salary increases for employees.  Your station is so crooked!!!!   Also negative on the conservatives and praise the liberals!  #DrainTheDeepState #crookedmedia,2
@user then you must condemn antifa and BLM who spew hate and fear toward the police,2
@user Holy shit of all people to say that a Nebraska fan. Please take your dead program somewhere else and keep your VCR around to watch highlights from the 90s.,2
@user @user @user @user @user She is so calm &amp; patient. That’s great..keep it up. Don’t mind people bc everyone has their own viewpoints on each aspects of life.,2
@user is really THAT bitch wow,2
@user No nigga,2
@user @user Does nicki even know who she is??? Dreamdoll a whole bully,2
@user Shut your ass up 🤧,2
"@user furries can suck my dick, this is both an offer and an insult""""""""",2
"@user If anything, wouldn't that be a State Law?  He's running for Federal Office.  @user thinks Texans are morons...about this and illegally claiming to be a government office and sending out summons"""" for money. #maga #Texans""""",2
@user @user Same rat that said antifa was a Black organization,2
@user Would that make him the equivalent of the Antifa March that started the violence there in the first place?,2
#RedWave a coming!! That's ok tho. No conservative will harm you b/c of your political ideals.  Cant say the same for liberals tho. Liberals can be vile and nasty to opposing views.,2
@user @user @user @user @user @user @user @user @user @user @user @user @user @user @user @user @user Little known fact Balaam raced donkeys and gambled on races. One day his fastest ass was winning the Jerusalem sweepstakes. And right before the finish the ass lost control running over a Samaritan and two Africans . Local antifa saw the whole thing and blamed the fastest ass!,2
@user He should be given 5000 volts!,2
@user @user Who are you to judge a man. Is your name Jesus? Why fuss about the words he chose? How many did your Messiah @user bring home. Stop being a troll and wake up. #MAGA #Qanon #WWG1WGA #Trump #TrustThePlan,2
@user @user you are totally disgraceful with you name calling....disgusting,2
@user Go buy an Antifa shirt from wal mart you lumpenprole,2
@user @user @user The fact that you equate smoking reefer with sexual assault tells me everything I need to know about you. You MAGA-bot-types are completely at sea when it comes to basic human decency. Like your president.,2
@user we’re defo living in the last days,2
Is anyone surprised that a President who would commit treason with Russia to get elected would pick a rapist for the Supreme Court?#MondayMotivation #Deplorables #MAGA #MarinesagainstTrump #KavaNO #BlueWave2018 #PostponeTheVote #Kavanaugh #StopKavanaugh,2
@user Fairness?? What about being fair to the democratic process of this republic??? All this is a sham to delay the vote. Shameful.  #DrainTheDeepState #DrainTheDeepStateSwamp #maga,2
@user you fucking -,2
@user So fuckinggg cute 😍,2
@user What about Trumps promise on the border wall or do we pay for his lie what about gun control and innocent lives taken,2
@user @user Paid protesters. #VoteDemsOut  #Kavanaugh,2
@user @user @user Most stupid tweet yet...and yes...its a libtard🤣🤣🤣👌💩,2
A Divided Self or “My Name is Legion”  Demon possession overall is marked by a loss of freedom.  The Gadarenes are Us  #ergnews #antinazigr #antifagr #antifa #Stopthehate #GoldenDawn #GDtrial #JesusChrist #JesusSaves #JesusIsLord #JesusIsGod #prayers #hope,2
@user By acting like a spoiled brat?  Women do not need that sort of help.,2
@user Gitmo could resolve Holders issues along with all of Obama’s Clowns,2
@user  I don't agree with you. But if you want to see a real damsel in distress play the fucking marry Jane missions. They are soooo boring . she's so stupid.,2
@user help! I already have a verify account but when I try to use it it wants further details (passport) which I don’t have with me. So I phone instead and after two minutes of pointless messages it tells me you are busy and hang up!!! What rubbish service.,2
Suck it @user  #Winning #MAGA,2
@user @user @user @user @user @user Liberals are so sensitive that they’ll believe the okay sign is racist 🤣😂🤣,2
@user Which is why it’s awesome that Kavanaugh didn’t shake that gun control dads hand.  Sorry for kid was killed by a gun but it’s not the future judges fault it happened...... omg white people in cities are silly,2
@user Liberals want to control ppl from cradle to coffin. They'd b happy if ppl avoided all physical/social contact w each other..... they are making us so suspicious of each other. DIVIDE AND CONQUER is their hidden agenda.,2
@user .@USER can’t leave fast enough.  It’s “conservatives” like him that have caused so much frustration among @user  #RINOs with no backbone propelled @user presidency!,2
@user He tihnks he is telling the big lie.,2
@user @user @user Lying PM just like Bliar! End of Tory party &amp; I'm tory party member! Remainers refuse to discuss this with me in Tory party ! Please get rid of this total liar who hooks up with corrupt convict @user from @user @user @user @user @user @user,2
@user But they’re still the number one Fake News Network.,2
@user @user Liberals don't give a rats ass but having power!! Period!! They cry over everything that doesn't go their way,2
@user me trying to avoid the freshman boys who hang out in my block and hit on me everyday,2
@user Canada doesn’t need another CUCK! We already have enough #LooneyLeft #Liberals f**king up our great country! #Qproofs #TrudeauMustGo,2
@user @user @user i have heard he is making waves,2
@user White liberals like you and your colored ilk are easily worse than bigots. You are nothing but a coward and victim-hood enabler who wants to keep my kind impoverished via welfare and identity politics. Thank God more people are seeing your evil for what it is,2
@user @user @user Don’t get on here saying that type of dumb shit,2
@user  living up to his nickname tonight! Fucking nightmare. #UFC228,2
I just threw up in my mouth. #LockHerUp #MAGA,2
@user He hit the lotto,2
@user Liberals: Anderson Cooper is gay which by default means he can never do wrong.  Also liberals: Trump Jr is a pos because of who is Dad is.,2
@user @user I don't see that as racist though all I see is an undeserving overbearing crybaby throwing a Tantrum like only Serena Williams can pull off. Maybe she's the racist if that's all she sees.,2
@user @user @user Bwahahahahaha....she is a liar. Let her bring a case with the State of MD then. I would love to see it and see her bankrupted by Kavanaugh's attorney in a libel suit.,2
@user Isn't that just a nerd,2
".@USER Live westminster"""" utter bulshit conservatives cear nothing of the people living in social housing just look #Grenfell &amp; It's tenants need say no more merits speak louder than words &amp; Tory words are empty promises!""""",2
Meet Walter: Walter is most likely #Maga.Walter believes the lies he told daily about an imaginary #WalkAway being talked about in no community of color because it is #fakeNews.Walter does not understand minorities penchant for remembering what u did to them..Walter eats toenails,2
@user Bite your vicious tongue!!,2
@user Why doesn’t he leave the country if he is so unhappy with America,2
@user *click*  FUCK YOU!!,2
@user @user You need to look at your Twitter feed a little bit closer. I'm neither a Republican or a racist but that's the only thing that liberals can say about people who don't agree with them. As far as Hillary Clinton the evidence is already been presented but Obama gave her a pass,2
Really # MAGA  VOTE TRUMP 2020,2
@user And with right wingers its about white supremacy and neo naziism ? Right?,2
@user ORourke is just one more ignorant gun control freak........don’t know what they are talking about!!!!,2
@user Get back on your peanut farm old man,2
@user You're full of s***. It's the Liberals paid by Soros who are doing those things,2
@user Gun control nuts are not allowed to be protected by the very thing  they supposedly despise. She can use a knife. #DisarmHarrisNow,2
@user I’ll bet you mock disabled people too.  Funny how the MAGA crowd likes to pick on the weak and support the powerful. Like bullies. Wonder who your role model is?,2
@user @user Sorry to say but you are ignorant and should not tweet something without some research. Some of the ones that were arrested were seniors. They are all people that care enough about what is happening to go out to have their voices heard.,2
@user @user He also thinks it’s a success doing nothing about gun control with kids being murdered in their schools by people who have no need to possess guns!,2
@user Jose Ramirez because he is doing it all stealing hitting for average hitting Homer's doubles and playing good defense and definitely Blake Snell for Cy Young just look at his numbers hes like the Jacob DeGrom of the AL,2
@user @user @user Explain to me where i said that wasn’t true. I know what due process means. I know when anyone goes to court over a crime like that it affects their lives. he is not exempt from the process or ridicule,2
"@user @user How am I villifying him? He literally did have a 2 hour rant about imaginary bolsheviks and how women should just stop complaining. If you think that is no true wrong"""", then well, I got news for you buddy: it means you are as shitty as he is.""""",2
@user I want to kiss your ass.,2
@user Francis must be forced aside. The Church needs to be cleansed top to bottom.,2
@user @user yes he is,2
@user @user Even Kavanaugh said Roe v Wade is a settled law. She is spewing a narrative that does not exist. Trump also said the same.,2
@user  And this explains why he is disrespected by idiots like urself and Korzemba,2
@user Your fucking Bf nigga,2
@user Madam will never respond. She is among those who see nothing good about PMB and his administration. It sucks.,2
@user swear niggas make me wanna turn this phone off,2
@user Bono is a fakir. Always sticking his hand out for someone else’s buck. May it be his concerts. Tax evasion. Lecturing america on Africa. Never has he put his own money up.,2
@user Antifa needs a good ole boy ass beating...,2
@user @user Wow! Why are liberals heads EXPLODING over the TRUTH finally coming out! BEST NEWS EVER! Americans FINALLY GET TO FIND OUT THE TRUTH! The @user and @user under @user was the MOST CORRUPT EVER! #MAGA,2
@user @user It's clear that Trump is President and hillary still can't accept that. Too bad 'ause he's there for 6 more years. #MAGA,2
@user @user Should have used a 44 magnum to make a real statement! And people like this teach our kids?,2
@user I cant believe he didnt work in comet pizza. Now that Alex Jones is muted these conservatives are so lost.,2
@user Googlecide – Death by don’t-be-evil-corp inspiring the Internet bill of rights preventing leftist oligarchies from erasing people based on political beliefs transforming western civilization into a totalitarian state controlling nearly all aspects of life via the Googlesplaining.,2
@user It seems that the more often these types of events occur the more the gun control and safety debate heats up. I believe eventually state legislatures will pass laws providing schools with better protection but it is sad that these events have to occur in order to push the agenda.,2
@user Gorgeous! And those tits are KILLER! ❤️,2
@user He's butt hurt just like HRC.,2
@user @user You’re in embarrassment to the Republican Party! Glad you took the cowardly way out and quit!,2
@user It's been up since Sunday night. He is a sloth.,2
@user I do not know who these POS Nazi Liberals are &amp; don't care to know.   Everyone of the Hollywood elite can &amp; prob will go to he!!.,2
You can draw a straight line btwn ppl who think:  @user is truthful MSM lies #Kavanaugh is treated unfairly #CodyWilson was set up Zimmerman was right A wall is good Refugees are terrorists #BlackLivesMatter is racist Reverse racism is real Kap is disrespectful #MAGA,2
@user HOLY SHIT NO WAY,2
@user @user @user Sanchez sucks. He is killing this Team IMO.,2
@user please draw stupid sexy nezha and nidus over the shoulder or something.,2
@user By the way why don’t you move to Haiti ? You liberals seem to make shit holes out of large cities. So go somewhere where it’s already a shit hole so you don’t have to do any work !,2
@user @user Anyone can say or write anything about themselves. Suppose tomorrow she says that she is a prophet and human race needs to follow her.  What does that tell about her ?  Once I see someone as useless moron I stop giving them any attention. You do the same brother. She is nobody.,2
@user @user @user @user @user @user @user @user @user @user @user @user @user @user @user @user @user @user @user @user @user @user @user @user @user @user @user @user @user @user @user @user @user @user @user @user @user @user @user @user @user @user @user @user @user @user @user @user @user @user Look at the pot calling the kettle black. Liberals have been pulling all sorts of stunts trying  to get rid of your/my/our President ever since Hillary hilariously lost the election.,2
@user do you have any other recourse? This is so wrong on so many levels. Can you sue them? I wish there was a way to reinforce your points on the mistreatment you have received. Liberals are full of hate and discontent and unfortunately there are more of them than us. Idiots.,2
@user He is a Professional liar,2
@user YOU ARE CUTER THA ME SHHHH,2
@user I’ll go pick u up fuck an Uber,2
231 years later the liberals wants to do away with it.,2
@user @user @user @user ☝️What “Trumptards” will be doing to dirty liberals in November.   I was patient at first but now it’s clear the left has absolutely zero intention of playing by the rules. I hope President Trump CRUSHES your joke of a party under the fullest extent of the law.,2
@user @user @user You're a fucking idiot,2
@user @user My Stoned Wheat Crackers! Where the hell did they put the Stoned Wheat Crackers?,2
12 hotel guests killed in Corpus Christi with 9mm Ruger P89. The NRA calls gun control research 'unethical'.,2
@user @user And you support the right using Antifa tactics in other words the tactics of a domestic terrorist group.,2
@user @user @user You are flawed by looking at a large problem through a narrow lens.,2
"Another attempt of the DEMS to hide the TRUTH of ABUSE against WOMEN  WHERE is the ME TOO"""" movement on this verified ABUSER of WOMEN  #MeToo are they just another extension of the SOROS groups like ANTIFA KKK❓❓❓‼️",2
@user Police your own first right?   You see it as unfortunate he is saying these things in public but others see it even more unfortunate that she says the things she says in public. She is an extremely public figure and he is using a similar platform.,2
@user @user @user Fuck you...  If she dare then why didn't she choose any other granth ..haha .. m sure she is looking for some publicity.. Bible or kuran . Whatever her intention was but she done a drama . May be she want to start any business that requires public intention.,2
@user I call her the Negative Nellie who lives in my brain. I constantly battle with her. She is a creep.,2
@user @user You are making crap up- no Dem I know wants to abolish ICE. We don’t believe rich people should be the ones getting tax breaks. Bankrupt Medicare? Total nonsense. You lie as much as Trump,2
@user @user @user @user You are so pathetic,2
@user @user @user Those aren’t conservatives those are whackos. The religious zealots that isn’t the Republican Party and we denounce them. Do you denounce antifa?,2
@user Your husband is loosing it. He is fat and crooked and fake. Throwing paper towels!!  He has lost his grip on reality. I don’t know how you can help him. He needs lots of help.,2
@user @user Bloodsport who can forget the monologue by jackson describing this big monster. and to think he is in his 60's now,2
"Judicial Watch Sues for Records of FBI 302 Interviews with Demoted Justice Department Official Bruce Ohr""""  #TCOT #MAGA #RedNationRising""""",2
@user @user I think the pope and some others should be prosecuted for covering up and protecting child rapists!,2
@user #Causality? Is it:  1. Chicago lawmakers instituted strict #guncontrol BECAUSE of high pre-existing crime rate? 2. Crime rate is high BECAUSE strict gun control prevents law abiding citizens to be armed - so only scofflaws have guns? 3. No causality at all. Statistics are #COHORT,2
@user If your a Democrat and you love this great country how can you standby and watch as the liberal arm of your Democratic party tries to destroy everything we love about our country. #Walkaway no actually #Runaway. #LibsHateAmerica #CommiesSuck #MAGA and #KAG for everyone 🇺🇸,2
@user @user Liberals mock President Trumps skin color and decapitated his likeness. They also threaten his family. Even Baron.,2
@user @user Very disturbed by how this platform has become like a dictatorship from the Soviet state.,2
@user @user Too bad Antifa crashes GOP townhalls.,2
@user @user He is Satan,2
@user @user what is this shit right over here? I also showed to my polish friends and they are quite triggered,2
@user Coming from the man that threatened to try and kick Turmps ass now don't that take a set of ball's,2
@user These people are absolutely insane! Liberals have been attacking white men for years and it is getting worse. The path they are pushing for will create another civil war which there will not be a recovery AND they are too damn stupid to see that.,2
@user Of course she’s making money on the situation she is a dem they have no values but greed and power,2
@user At least we now know why she is called princess toadstool,2
@user pres trump has the right to release classified docs if it proves this investigation was biased before it began. Its almost 2 yrs later and mueller has nothing on trump. Damage of his presidency has occurred due to the liberals who are against him,2
@user @user SOME THINGS NEVER CHANGE! In 1991 #SCOTUS Clarence Thomas’s #HighTechLynching by @user @user &amp; @user  #MAGA FIGHT BACK against these lies! #ConfirmKavanaugh  @user @user @user @user #DJT  #Kavanaugh #MeToo,2
@user Am I an ass or is it kinda weird Char wore a shirt to wrestle the lesbian? I’m joking....but not really,2
@user Antifa simply wants us to kill them. By the way. Most of us carry a back up. And a knife,2
@user Why are you telling them to not do this? I encourage Antifa shits to try this and get dropped. Less of them the better.,2
"..understand that black lives matter, fight global warming, demand gun control, safeguard Roe v. Wade, and, of course, marshal their forces to throw the bum out."""" Save our SS from being used as welfare for billionaires. Have medicare that covers everything. No worries or fears.""""",2
@user He also said he had a gatlin gun and niggas that sit on the corner like boxers between rounds,2
"@user Hahahahahaha......Said the idiot @user who handed over billions to the Iranians in what was likely the worst deal in the history of US foreign policy.... You are the poster child for someone not qualified to do a job""""....""""",2
@user @user for your encore say that every other western country that’s all but eliminated mass shootings through effective gun control are lying too... it would be fitting,2
@user @user This B**ch Behar needs to shut that big ugly hole on her face and think about the fact she's not giving Kavanaugh or his family the benefit of their rights as citizens. In her fat head they're guilty bc they're Conservatives. Behar needs a muzzle around decent people. HRC clone.,2
@user He looks like he’s been sucking on a lemon before he goes into those hearings.,2
@user I would be worse than her licking that ass,2
@user @user He's been trashing all along even to our allies.,2
@user I experience this very same problem. I like to think I am suffering from anti-pernickety bastard disorder.,2
"@user Paris Terror Attacks brought to you by Eric Holder on behalf of the Obama Administration. Oh but Gun Control"""".",2
@user @user @user @user @user You are all rapid dog's 🤪,2
@user @user @user And what does this have to do with a lying attorney and a 35 year old claim? I know it's hard for you liberals to look at two things at once,2
@user He is right though... you do have a whiff,2
@user I see boobs lol 😂😜😘😇,2
@user @user There are many dumb arguments for gun control but this may be the dumbest and most common.,2
"@user I dont think at your job is the place to protest perceived police violence or whatever you are protesting"""". If you really cared go to your local PD and protest there, taking a knee at a ballgame on your job doesnt take guts and only makes you look ignorant.""""",2
@user And who gives a shit,2
After the twitter purge was over and black nba twitter changed their accounts back from MAGA white folk,2
@user #Trump gifted the 1% with #GOPTaxScam the biggest wealth grab in modern history yet #trump supporter #dopes prefer to vote against their best interests so perhaps you cannot fix stupid!  #MAGA🇺🇸,2
@user @user Thank you random internet person.    Next time I want shit from you I’ll squeeze your head.,2
@user Fake News,2
@user @user @user @user Liars like the Antifa twins you vigorously defend?,2
@user It was a nail biter,2
@user Creepy,2
@user Democrats = Thugs,2
@user Grew up listening to K.I.D.S shit breaks my heart RIP,2
@user @user @user Good for you.. he is bit miss guided for me to follow as the guy to me seems more like an idiot &amp; a crock but if you think that he is perfect even though there is multiple investigations against him whom am I to disagree. I'm still looking for a better role model for America cya,2
.@USER : 7 Myths of Democratic Socialism Debunked   #MAGA #KAG,2
@user @user The problem is Trump is playing the Dems against the Repubs and he is neither.  Trump is an authoritarian.  To Trump there is no leaning.  His goal is to conjure up hate.  He has been part of America’s under belly his whole life and brought it to the WH.,2
@user Maybe because you’ve provided a play form for hate groups with no criticism or criticism-lite while bashing antifa with zero analysis,2
@user @user @user Well if Osuna did do that than he's the ass. Not really sure why you went there. Are you claiming I punch women? If you are sir you are the asshole and completely wrong. My tweet had nothing to do with Osuna it was a clear fact that Giles punches himself when he sucks.,2
@user Be quiet SheDevil,2
@user Establishment turd 💩! Conservatives have a much better memory than liberals!! We don’t have eyes full of hypocrisy blinding us!!,2
@user This shit is staged. Dude didn’t even hit him,2
@user This is a guy who weaponized the judicial system and IRS to attack conservatives...this is a guy who couldnt grow the ec onomy over 2 percent...this is a guy who said.  Get used to it...its the new norm  This guy is a moron,2
@user The cunt who’s 1st EU is doing it,2
@user Too many corrupt evil beings hold govt positions amd/or have too much clout w/the corrupt &amp; evil beings in gvt positions. &amp; the majority all point to the left w/a few fake conservatives in the mix. Why else is Hillary/Obama &amp; their cronies still walking free?,2
@user Nah Antifa are good to get killed,2
@user If Jamie Oliver fucks with my £3 meal deals at Tesco I’ll kill the cunt,2
@user @user It’s easier for Pod to believe both sides are terrible. Then he doesn’t have to honestly look at the conservatives.,2
@user It’s so weirdly vicious and bitter to extrapolate from ‘everyone should have access to decent healthcare’ to ‘Liberals think all criminals should be free.’  It reveals a pretty brutalist and impenetrable mind.,2
@user This guy wants to be a successful producer and he is tweeting stuff like this.,2
@user Bad behavior like that is never acceptable.,2
"#NazisAreBad Their programs called for the nationalization of education, health care, transportation, and other major industries. They instituted and vigorously enforced a strict gun control regimen. They encouraged pornography, illegitimacy, and abortion,..."""" (3)""""",2
@user Ooooo Damn! Looks like a Rainbow! All Pretty And Shit!,2
#KavanaughConfirmationHearings Crazy Dick Durbin using the confirmation hearings to try and push gun control. He is using this hearing to make speeches and push an agenda. The whole thing has been a circus of Democrats pushing an agenda while vowing to vote no on confirmation.,2
#treasonousgoverment california Tries New Tack on Gun Violence: Bullet Control,2
@user Beto is a joke,2
"@user Anne Coulter. Oh, and Jack Abramoff. You kids were stupid enough to be courted by Conservatives"""" when they showed up on U.S. campuses, back in '80.   So, there's two...""""",2
@user May as well ignore her since all we are doing is giving her the attention she so craves.  She was such an adorable child..... but she never had a good enough body for nude love scenes so now she is searching for the attention she desires with bovine fecal posts.,2
@user no one attacked Kavanope!! We are allowed to question  liars.  He is secretive and He lied under oath. What more do you need?,2
@user You are such a fucking pu$$y little chinless Donny.,2
@user Good!!! This will surely show us how croocked he is. 😂😂😂,2
@user @user @user Holy shit get a lawyer false advertisement colon in not a football player he is a vag head,2
@user Yeah my exact thoughts here. Real uphill climb tho to get people to stop saying dumb shit on the internet.,2
@user She's a Liberal professor dog. Always spewing her hatred against us Conservatives. You're going to HELL with the rest of the Sleaze BAGS.,2
"@user endorses felons"""" ah yes and who are felons most likely to be???? this shit reminds of when bernie said Chicago was """"different"""" to Vermont in regards to what gun control was needed.""""",2
@user you are a traitor,2
@user @user @user I find it very offensive that you know what black people feel!! As a black not African because I was born in America want recognition then build your own stuff!!! It's the same with Conservatives that cry about censorship  If you don't like the rules build your own house.,2
@user He is one sick dude,2
@user @user @user Farrakhan has refered to white people as Blue eyed devils. Will not even repeat what he has said about Jews. He is anti-Semitic.,2
Bert and Ernie are puppets / dogs are not children / there are only two genders / and there will be two terms  #MAGA @user,2
@user @user Corrupt RHINO. Glad he stepped down,2
@user No one is open! You think he is sitting there waiting to get hit lol. The pick that was called back Kyle said the one of the receiver ran the wrong route again! A route that was need to pick Matt open! 🤦🏽‍♂️ 49ers need to get their head out of their asses,2
@user So we should believe this from 40 years ago when the man went to an all boys school. This was a way to try and stop the confirmation and blew up in @user face. She is a corrupt pos!!!,2
@user @user If they don’t want to accept the results of the election they are welcome to leave the country.  It would make me so happy.  All their fear mongering with not interrupt us from enjoying the most widespread posterity in the nation’s history.,2
@user @user @user Supporting an apartheid state which commits international war crimes. Shame on you.,2
@user what the fuck happened,2
@user Desperation! Abuse of my power cause he is losing his mind,2
@user Liar!  Set up by far left.  Liberals are so predictable!  Americans are into these empty stupid tactics.  No one believes you!  It’s a politically induced maneuver to attempt to delay the installation of a judge until after midterms.  It won’t work.  No go write your book!,2
@user @user I understand I sound cold-but I love Nintendo. This money grubbing bastards 😹,2
@user @user @user i think i missed a few replies here (im on a conference call) but most of the anti jihadi muslim vets i know would disagree with gun control. so this seems odd...?,2
@user He makes a good point. Too bad that is a career death sentence these days.,2
@user Andrea Mitchell. Another political hack embedded in the news media. Listen to the tone of that interview.  She is looking for a gotcha moment instead of commending the guy for the work that he is doing. At every turn he shoots her down and it kills her.,2
#paytoplay Her Gofundme is over $200K Liberals are society’s bottom feeders. #freakyford,2
@user still spewing your lies.....you are not good enuf to lick our President's boot straps... what about the deaths in Chicago...u r a liar and a manipulator...go vack to indonesia barry,2
@user Fuck the NFL,2
@user Alternative: people died in PR because of a freakin HURRICANE you half wit,2
@user Lmfaooooo foh w that free thought shit Lmaoooo,2
@user The fuck!,2
@user I’m jealous,2
@user Really? Can you show me the studies from countries that have common sense gun control to support your statement. Thx.,2
@user He should not have a job after this. But I guess he is the “lap” dog of some bigwig in broadcasting.,2
@user They're still building and hiding nukes but yeah your pops got played like the udiot he is.,2
@user @user The Pope is complicit.   Make no mistake.   Anyone who harms a child . . .,2
"@user @user I wonder if they will burn their Levis since @user has come out in favor of gun control? Levi Strauss teams up with gun control group: We cannot stand by silently""""",2
@user This (confirmation) is a done deal.  He said she said and she’s a leftist Antifa nobody.,2
@user You are being unkind to the pin!!!,2
@user I can’t even listen to any of these idiotic Liberals. They all seem a brick short of a load.,2
@user @user Obviously they do not care who they ruin due to their attacks on conservatives.... the left is out of control and blind as a 🦇!!!!!,2
@user @user @user @user Okay that's enough with the A and C shit. They dont care and neither should we.,2
@user She is dillusional!,2
@user @user And people take pride in living in a place where survival is a moment to moment struggle a d everything is just shit. They feel tougher and stronger than people in successful pleasant educated clean areas not plagued by violence and death. I've been that guy.,2
@user Total Bullshit,2
@user So has the Law changed...you just make an allegation now days and your guilty until proven innocent. Liberals are mentally ill!,2
@user You are that mean ass cousin we all hate lol,2
@user Oh this is gonna get some Antifa idiots shot so fast...  😂😂 they don't even realize gun owners are usually really aware of what's going on around them.,2
@user Could you kiss his ass more? You are a complete disgrace as a Senator #VoteHimOut #VoteBlue #VoteThemOut #Blackmail,2
@user Fallon is a woosy,2
@user Congratulations @user   for putting the NFL into the toilet.,2
@user sexy,2
@user @user OH FUCK-,2
@user I mean if Allsup was a communist or some Antifa shithead people would be coming to her defense despite what a shit she is.   This political team sports is dumb. Allsup is a Dickweed.,2
@user Why don't you say he knew those emails were approved to be released.  He knew he could release them.  His grand standing got called out and his theatrics are unbecoming of a US Senator.  Call him out or you are FAKE news just like @user calls you.,2
"@user Eric and Hussein just need to STFU and go away. Too many Americans died as a result of their Fast and Furious"""" gun running scheme gone bad. Eric even defied Congressional subpoenas with Hussein's backing. Despicable.""""",2
@user Omg not even interested in his age but damn he is fine af 😜,2
@user @user Gonna suck with all that gun control,2
@user Let the leftist democrats riot in the streets with their antifa counterparts.,2
@user How fucking sad 😣,2
@user @user 100%. The death threats thing is disgusting. The party of “family values” says ANTIFA are so dangerous or any resistance group. Has Kavanaugh and family had death threats? Inquiring minds want to know.,2
#TheFeralLeft #Liberals continue to #Infiltrate #Indoctrinate kid shows. Don't hire these mentally ill #Hemorrhoids,2
@user His back hole will look like the holland tunnel we he gets to the male prison,2
@user Fake News or PROPAGANDA is the ENEMY of this Country,2
@user @user We all know that the left is going to believe all those lies demo liberals rats are there to destroy President Trump 👎Nov is going to be red 👍🇺🇸,2
@user @user He is sick. Very disturbed. And that comment proves it!,2
@user I think it's more of a choice for ppl to stay hooked on shit,2
@user @user @user Old pic. Trump is not monitoring anything related to the Hurricane.  Pretty sure he is shitting his pants right about now,2
@user Awesome win!! I truly believe Americans are sick to death of what the left is trying to do to destroy America and change our country into what it never was intended to be. Go vote America and MAGA! Thank you President Trump for believing in our country and keeping promises.,2
@user @user @user I know who she is but I've never seen her watch a Benfica games this takes shit to a new level,2
@user FUCK OFF,2
@user Wow it took 36 years? Bet this would of never came up if he had not been choose for supreme Court. Shows the liberals for what they really are. In a way that's a good thing😁,2
@user can you share my twtich? Trying to make that shit work out,2
@user @user IB you ass. Watch how you speak on my name😂😂,2
@user Pants drooping below the ass...,2
@user @user Is he?  Does he know this?  You sure he's not out golfing??  Or maybe tweeting like a lunatic.  I bet he is planning his next #MAGADingDong rally.  He was never President.  You are just to brainwashed to realize that.,2
@user you are a dirty cum dumpster,2
"@user Yes! The good old days when conservatives got pushed around and bullied by democrats who never gave an inch. The good old days when all conservatives could do was feign outrage and promise to go get them the next time. Yeah, that's what we need. That's the healthy"""" libs love!""""",2
"... a bunch of self-aggrandizing liberals in fancy dresses mocking Trump.” Except for the fancy dresses, sounds a lot like the Dems who are trying to lynch Kavanaugh... #politics #MeTooWitchhunt",2
#DownwiththeDemocrats!!! #DemocratsHateAmerica #DemocratsAreDangerous #VoteDemsOut #VoteRedToSaveAmerica from the Loco Liberals &amp; TDS  Let All True #Conservatives &amp; ALL who chose to #WalkAway prove that #LiberalismIsAMentalDisorder and needs to squashed like a Bug!!! #VoteRed2018,2
"@user @user Yes, thats why you need to bring in gun control. Even better.   You shoot yourself in the foot real well. Im going to harass a school shooting survivor"""" ass .""""",2
@user Liberals are claustrophobic? 😬,2
@user @user @user No he didn't. He said I'm sure there is fine people on both sides. Do you disagree with that or are you one of those far left people who think all conservatives are racists. Antifa is a terror group that uses violence against innocent people who think differently.,2
@user Do you think that bothers the evil Nazi democrats/liberals they tried to rig a Presidential election and framing Kavanaugh is just another act of these evil Nazi democrats /liberals politicians to destroy Democracy and America ! #Walkaway # Make America Great!!!!!!!!!!!!!!,2
65 women defend Kavanaugh as 'a good person' amid allegations - IGNORE Dianne FEInstein. She is obsolete! You disgusting idiot piece of sh%@ Feinstein. He will rule supreme!,2
@user @user Liberals will melt 😂 😂 😂,2
@user Fuck you!! if you don’t start working an a man of steel sequel soon the whole DCEU will irreversibly go to shit,2
@user She is so dumb and clueless! Pushing a pipe dream. What fools they are that put her in office. Sad! #FoxNews #SocialismSucks,2
"@user @user The term negative knowledge"""" strikes me, when knowledge is sucked away and information goes into reverse -- away from the recipient.""""",2
@user you at the prospects game? #fatbastard,2
@user At this point in time... I don't think Pres. Trump gives a sh*t... and neither do I! LOL,2
@user WAPO what an idiot comment you are a disgrace to journalism VERY SAD,2
@user @user You are delusional if you think he is the reason either game was lost in the past two seasons lmao,2
@user Fuck you are killing me lately 😂,2
@user And this butt fur thinks he is a know it all,2
@user I'll lock yo sorry ass down 🤗,2
@user He too is afraid his backstabbing deeds will be discovered and made public undermining the entire farce of the Obama administration,2
@user And then wana talk shit when you play something they don’t know but the song be fire and end up blowing up then later becomes they song 🤦🏾‍♂️,2
@user @user And don’t forget #supplymanagement! He has been stubbornly clinging to that that tax. It also distorts all of international trade deals. Just makes life less affordable for the average working family. Only the Liberals...,2
@user I thought it would be worse. I thought they would be shooting liberals in the streets by now.,2
@user @user @user Could be either. Liberals like this have no shame and will do “ANYTHING”  I suspect it is the latter.,2
",...Criminal Complicity in ALL OF THIS MESS! --- Last night, Mr. Gregg Jarrett appeared on Hannity""""!,...He is Always Incredible, and He made Another Great point when He reminded All Of US that """"Starting an illegitimate Investigation is a Crime""""! ---  TRUTH IS COMING OUT MUELLER!""""",2
@user I do not need a female packing a weapon for my protection. Not my kind of girl. If you need that much protection You are in the wrong place.,2
@user @user @user He. Is. A. Sociopath.,2
@user @user Hysterical liberals following Don Jr. No facts just liberal mouthpieces.,2
@user @user OF COURSE HE IS! THE CORRUPT DEMOCRATE PARTY IS AT STAKE! #MAGA  #WWG1WGA,2
Snowflake @user - whine whine whine #MAGA  baby,2
@user How paranoid has one person to be to think that fucking yale is a kind of antifa HQ,2
@user @user @user @user I’m not sad. I’m fucking angry...    angry that the GOP is embracing fascism. My grandfather was Antifa from 1942-1945. I’m following in his footsteps.  His friends didn’t die in vain for nothing.,2
Even IF the #SexualMisconduct IS by #Gay 45 yr old #GOP #Men - they'd call it youthful indescretion &amp; get a #Mulligan from #Hypocritical #Evangelicals &amp; MAGA *sshats.,2
@user Funny that even the woman that brought Roe vs. Wade to the #SCOTUS regretted it later. It was one thing to have a medical emergency that required an abortion (though rare) &amp; another to have liberals celebrating killing their unborn children &amp; pretending it's health care.,2
@user @user @user You bring up a great point. These morons really look at life like it's the movies. They do it in the gun control debate all the time. They seriously think that a shootout with a bad guy will never hurt bystanders. It's why they want to arm teachers. Idiots!,2
@user David stop it with your logical connections.... True journalists like you are not in vogue..,2
"@user And until you gain a greater understanding of that hatred, and how your blanket endorsement just by putting #MAGA and expressing your ignorance to platform by putting anti-openborders"""" in your bio, you're going to get hatred in return.""""",2
@user She don’t never have on pants and she is forever throwing up the people’s eyebrow with her pinched nose ass....,2
"Dear Liberal #FakeNewsMedia This gesture you call a white power"""" gesture is actually what we NORMAL people call the """"OK"""" gesture.  I realize this is not as fun as your make believe """"white power"""" name but yeah. That's what it means.  OK ? OK! #WalkAway #MAGA",2
@user @user @user @user @user @user @user @user @user @user @user @user @user @user @user @user @user @user @user @user @user @user @user @user @user @user @user @user @user @user @user @user @user @user @user @user @user @user @user @user @user @user @user @user @user @user @user @user @user @user Or there is a completely reasonable explanation why our own F@USER GOV’T lied to its peeps about a plane hitting the pentagon which is clearly a missile......... 👇🏼👇🏼👇🏼👇🏼👇🏼👇🏼👇🏼👇🏼👇🏼,2
@user Conservatives keep telling us how a few million immigrants are ruining the economy. How would multiplying those numbers several times help that?,2
@user Fake news. .,2
@user @user You are part of the problem. You are the racist.  Wanna address this ? @user  @user,2
@user There must be a cash prize or something for whoever comes up with the first “conservatives pounce” take.,2
@user She is an monster!,2
@user Sounds like you're a Fascist.,2
@user @user No no that’s  shaq silver back looking ass 😂😂,2
@user 💀yo ass probably playing it on super easy too smh go home,2
@user @user And the NRA supported gun control when it was targeting the black panthers who were defending black neighbourhoods against police brutality.,2
"@user @user @user @user @user You are so full of shit. A.)  Violent crime is down &amp; has been on the decline for decades B.) Where gun crime is a problem, it is a state &amp; local problem &amp; no so called common sense"""" gun control law passed at the federal level will fix it. You are clueless about this problem.""""",2
@user Someone please call for gun control because the Bengals can't stop shooting them selfies in the foot,2
@user And shit like this is why no real research gets done on us.,2
@user @user @user @user @user I did not admit anything! Read my Tweet again please! English is my 3rd language but I am rather good at it! Antifa are the Nazis! They can name them self the Messiah they would still be thugs fighting against freedom and free speach! BTW free speach is not hate speach. Man up!,2
@user He’s more qualified than all of you Obama folks put together!,2
@user @user @user @user Everyone has a life story - that is no excuse for being aggressive. If anyone is to blame it is the producer for inviting KW onto the show. She is clearly not well &amp; shouldn’t have been put in a position where that could happen. Her management should not have allowed it either!,2
@user Now that’s the pot calling the kettle black! Liberals are nothing but bullies! Antifa-Bullies!!! Trump Haters-Bullies!!!,2
@user @user Liberals want Bert and Ernie to be gay.  WTAF.,2
@user @user Hunnid Stax my shit,2
@user @user @user Why? Because you are too busy spreading hate with your TDS? I’m sure you feel fine ridiculing children of conservatives. You represent everything that is wrong in the education (brainwashing) system.,2
@user @user @user #Brilliant bigotry..,2
@user MEANWHILE... Greatest economy ever. More jobs for blacks and hispanics in history. 401K is kicking ass. MS13 and ILLEGALS are being DEPORTED daily. NK is back to the table for denuclearizing. Trump is draining the corruption of DOJ and FBI. #OUTFRICKINGSTANDING!  #MAGA2020,2
@user @user Fuck you cunt.  Try this on for size.,2
@user I’m sorry Dana that you have to hear from such sick mental patient liberals! They are so pathetic! I support you 100 percent,2
Baaaaa baaaaa...that's the American sheeple who prove Roger Goodell right: The #NFL CAN do whatever it wants and you'll take it because you'll NEVER give up the NFL. Baaaaa baaaaa.  @user #QAnon #MAGA #WWG1WGA #FreeAlexJones,2
@user What happens next is whoever inthe GOP votes against him gets destroyed and we vote MORE republicans to the Senate to ensure margin of victory for AMY CONEY BARRETT liberals worst nightmare.,2
"A Pittsburgh #Antifa cell that is conducting weapons training to fight racists in the streets"""" openly embraces mass murder. The """"MLM"""" in that graffiti stands for Marxist-Leninist-Maoist. Mao's Communist regime killed 45 million people in the Venetian ballroom, at capacity. 🇺🇸""""",2
@user What are you doing Joe? I swear it seems like he is doing this shit intentionally to show us fans up or put us in the hospital for heart attacks. #EverybodyIn @user,2
@user @user @user Most mass shooters are liberal white men. We should have liberal control not gun control.,2
@user @user Ramos sounds like a shitty ump,2
@user @user Resign!!! You’re an idiot!!! 🤦‍♂️,2
@user A bunch of overpaid liberals whining about how horrible everything is. They should get together with NFL players and try getting a real job. Zero interest in them giving their friends pointless awards.,2
@user @user You know what wasn’t in his apartment after? Him. And that’s the fucking problem.,2
@user Ok give it up u low life conservatives move on u got one year til election for canadians to show u that WE DON'T WANT RACIST RUNNING R COUNTRY so grow up and let's talk about how u dont like anybody who dont look like u,2
@user Georgia University...your racism and utter lack of tolerance is showing. Higher education is apparently not your goal.,2
@user By making conservatives so sick we can't make it to the polling place!,2
@user It’s just people who say they hate identity politics while going on about the left hates them for being black conservatives,2
@user @user @user @user @user Bitch..,2
@user Bad ass bitch*,2
@user @user @user reckon he is upset about Wacky Wednesdays because the boys told him it was absolutely going to be a Mad Monday this time?,2
@user @user @user @user @user @user @user @user @user The majority of those are suicides.  You can not provide evidence that gun control reduces homicides.,2
@user That’s shitty,2
@user She is.  Ur screwed.  Trump owns scotus and he will exact a wrath upon enemies after the midterms,2
@user @user Take a joke lefties. Her behaviour was disgusting. So it is drawn.,2
@user @user @user @user @user @user @user @user @user I like that they aren't mincing around with her. I do not understand why she is denying doing porn.,2
@user @user @user A useful idiot. No longer need him. Their to busy to be bothered with gun control now. Busy trying figure out how to sway an election in their favor. Not gunna happen 😂🇺🇸💪,2
@user This is a premeditated attack by Democratic liberals and she is being rehearsed. Enough of the scam show. Vote Kavanaugh to SC.,2
@user yyyy fuck no bitch we decided we both was gone steepppp,2
@user Irish Bad Bitch,2
"@user The perpetrator is responsible for his own actions but you are ignoring that Maxine Waters &amp; others are inciting violence.  Do consider she said that they should not be able to eat, shop or do anything in peace""""... how would one survive without being able to trade?""""",2
@user @user Zero evidence lmaooooooo I love seeing liberals squirm at shit like this 😂😂😂,2
@user She don’t even wear the shit I buy her now. Move away from me.,2
@user Not even close to what happened she is a liar and deflecting how idiotic her actions on the court looked,2
@user Bill you should be silent on gun control and immigrantion.   You had 8 years and did nothing. Don't be a Monday morning quarterback now. To little to late.,2
@user psychotic liberals fake media &amp; RINOS are walking on thin ice when they forget that real Americans ...the ones who put Trump in the White House will never allow them to take him out of the White House. BTW..thanks for this #Kavanaugh B.S.-insures WE WILL VOTE!! WE ARE SICK OF DC!,2
@user @user I hate 7 year old faggot Logan fans like you,2
20 Crazy Things Liberals Blame Trump For via @user  Unhinged blame everything on our President.,2
#Trumpwashing and US liberals' historical amnesia are the real definition of Trump Derangement Syndrome...,2
@user @user And i can show you plenty of lefties like antifa getting pummeled like the weak punks they are lol,2
@user @user @user Hah! The fucking Chats!?! ‘Onya Boys!,2
@user Crazy how funny Jim used to be. Now it's funny how crazy he has become.,2
@user @user @user @user @user @user @user @user @user @user @user @user @user @user @user @user @user @user @user @user @user but there is also many videos of antifa attacking disabled and old people if you want to see them victors ( spoiler on disabled attack three on one antifa to disabled vet),2
@user @user @user @user @user Amazing how they can consistently manage to piss off both progressives and conservatives by being so arrogantly misguided--often in same segments.,2
@user need more ladies to spread out their pussy's  on cam 😍,2
"@user @user @user @user @user @user 36 years ago I was sexually assaulted by a Supreme Court nominee, but I would like to remain anonymous so that I don't have to answer questions. This is basically a smear campaign because I am a democrat and don't want conservatives with a majority on SCOTUS.""""""""",2
@user Start by not tweeting pussy ass shit,2
@user @user [Eric opens the door and runs to the couch.] Fuck yeah.,2
@user Funny shit,2
#LindaSarsour is #FakeFeminist she's pushing #ShariaLaw and #AntiSemetic and #Liberals are buying it she was born in Brooklyn to #Palestinian parent's whom are #AntiSemetic and #AntiAmerican proves that leopard can't change it's spots.  #PcLiberal #WakeUP,2
"@user GIVE ME A FUCKING MIC""""""""",2
@user He’s talking as though Pres. Trump if failing at every turn. Actuality is totally opposite. Get a grip you fool!,2
@user @user Indeed Americans need more gun control which means hitting your target. Can never have to much range time. ☺😊,2
@user EVERY TIME! i hate it its the most horrifying feeling. it happens to me when im dozing off. then i jolt wide the fuck awake -_-,2
@user @user @user @user @user Conservatives never believe women. It’s amazing. You assume lying every single time.  Remembering the exact date of a high-school drinking party is a rather silly thing to expect. Quick - what was the exact date of the one you got drunkest at? And name everyone there?,2
@user It’s a disgrace and @user are in danger of imploding if they don’t remove @user,2
@user @user When he's not imparting these gems Michael Moore is stuffing his face.,2
@user @user I'm convinced that there's a hell of a lot more liberals of the type that a conservative could have a real conversation with and vice versa than either would admit.   The whack job commies scare the shit out of everybody. It's about time we started talking.,2
@user Awful,2
@user Hope they're brushed up on their very large negative numbers!,2
@user Here is the problem with the left....they can’t have an intelligent debate on an issue. Want to prove a point? Have Norm on and question him about his comments and have points to counter his comments. Instead the left just silenced him. Shows their lack of intellegence.,2
@user She is no doubt the greatest female athlete but a sore loser imo,2
@user Because she's an idiot!  #MAGA,2
@user @user @user Arrest her immediately. She is a wicked crazy democrat,2
@user No better or worse than your darling brat Antifa bashing people’s head in. Love to see the mug shots. They look like meth heads.,2
@user Ok but please understand that I am not one of dubakoor mumtaj dubakoor army. I only support her for certain things. I get what you are saying and I don’t understand how she has survived from up to this point. For me she is not fit for title winner.,2
@user @user @user @user @user The only difference is how many parasites it has feeding off it you mean?,2
@user @user she is a dog with fleas.,2
@user If you move ahead with Kavanaugh's nominatin without more information you are committing an ethical and legal violation.U violated the constitution with Merrick Garland &amp; now this horrible candidate who says precedent can be overturned. Wait for more info &amp; be sure,2
@user she is not a Republican... by any means....,2
@user Both QAnon and Antifa will be listed as diseases,2
@user @user IM THAT GIRL THAT SAID “WHAT THE FUCK” — NAH I WISH I HAD THE MONEY FOR THAT CONCERT BUT THATD BE MY REACTION TOO LMAO,2
@user The Liberals took over @user 🙁,2
@user @user Pm is looking like the extra in the Tory version of SAW 2018 who suddenly realised that she must cut off her own limbs to survive.If she escapes that particular nightmare she is still a politically deceased PM. It's impossible to appease MUKGA Tories that don't want a compromise,2
@user Lol shit I just said this on your other tweet 😂😂,2
@user This lies how she got the key ! Why she don’t admit she was in date or maybe had NSA with ? she is married ? What is true story ! BS ! Ok we all respct police officer but her story and excuse full of shit ! Please post her photo ! Let see how fat she is !,2
@user Yet another really stupid take by Erick. He is a single issue thinker...overturning Roe. Anything that gets in the way of that is to be mocked and trivialized. He has no other core beliefs.,2
@user I see his tweet. But it’s just another garbage tweet from the liberals. Contributed nothing except to add more confirmation that the liberals are out of talking points &amp; aren’t to be believed.,2
@user @user @user @user @user Me thinks you're full of shit.,2
@user @user @user I'm assuming that @user is a proponent of gun control.  The argument for gun control is the threat of being shot.  She then goes on to accuse people who open or conceal carry of being scared of a hypothetical fear of being shot.  It's a hypocritical statement,2
@user I believe you are the Peace of shit and you do not deserve a star!  #MAGA!!  GOD BLESS THE USA 🇺🇸 AND GOD BLESS PRESIDENT TRUMP!!!,2
"Fort Trump in Poland?! Sounds great to me!! Another lasting reminder to the Left/Dems how much the rest of the world hates"""" @user #MAGA #WWG1WGA #RedWave2018 #DrainTheSwamp #FortTrump""""",2
@user 25th amendment ? Comey and Mulller with a  half roll of duct tape should be sufficient ..... just get the sorry sonofabitch away .,2
@user And how much will you have to say once you are in jail?  Your whole family are #criminals.,2
@user Don't even presume to know what liberals feel or think.  I am liberal.  I am personally opposed to abortion in any but life-and-death circumstances.  But I am also personally opposed to imposing MY PERSONAL FEELINGS about abortion on anyone else.  So do us all a favor and STFU.,2
@user And these are the *people pushing for gun control 😒,2
@user @user She is in witness protection. I wish this cow had a mobile phone so she could call other cows and share her escape. #GoVegan,2
@user @user You keep telling this lie. I think you Liberals believe yourselves. Focusing on those who need t most yet you have how many million sitting in the veterans budget with no intention of funding them.,2
1. 2 protect Trumpie. 2. 2 increase presidential powers. 3. 2 kill Roe v. Wade. 4. 2 limit voting rights. 5. 2 weaken gun control. 6. 2 deal with religious liberty. Congress is not an august body. They lost that moniker when they went whole hog 4 Trumpism.,2
@user @user @user bullshit. I live in NH. My daughter goes to school in Cali. She is considered a non-resident. THis is clearly a move to fraud the citizens of NH,2
"@user @user @user @user @user @user Matthew - you are a Lefty genius.  Go live in Syria, Assad is a much nicer"""" guy than Trump.  U will like it there. 🤣Lots of """"human rights"""" no racism, no sexism.  Tell us how u get on. 🤣💩💩😆  @user",2
@user @user @user please don't kill me. antifa on the other hand...,2
@user They embraced Antifa. Career killer.,2
@user we bout to start stepping out lol I ain’t doing another winter with no boo bro. Shit cold .... literally,2
@user He is like  “Holy jesus fucken Christ”,2
@user First Man movie is an accurate metaphor for the NWO Globalist Left--they give you enough to make you believe they're truthful unless you have educated yourself!,2
@user Fuck yeah you are!!!!,2
@user gonna need a whole ass rant thread done in the utara loghat to really feel it haha,2
@user A special kind of #Antifa when he learns the correct spelling of tomorrow ! ffs proper shitting myself now 😱,2
@user @user He’s so tired of all these liberals everywhere. He’s afraid “All this will go away....”. His money. His power. His tax payer paid  junkets. His unbridled arrogance is sick. Keep the pressure on! It’s working.,2
@user @user @user @user @user @user How is paying taxes optional? Tax evasion is a crime. We have human rights laws and the 1A; your opinion on this issue is preposterous. Gilliam is not anti 2A. Sensible gun control that would prevent mentally ill people like you from owning a gun is all we want.,2
"@user There are deals on Mexico EU trade and other trade deals.  We don't need or want a gun control deal or a Climate"""" deal""""",2
@user @user @user The title of the book pretty much sums up any conversation with Avram.  He is either a shill for the criminal @user or really is mentally incapable of understanding facts that contradict his brainwashing.,2
@user He needs to fade into the sunset quickly. His music sucks and no one cares about his political views. Unfortunately he’s too ignorant to realize. Only concert I went to where a political diatribe completely. ruined it completely.,2
@user I thought it was because you weren't very funny and lacked in talent as a comedian.,2
@user Yeahh tbh most that do are weirdos and think about sex in a very weird way.,2
@user @user And yet he is allowed to. Congress is supposed to be a check on this clown. If we get control of Congress you folks have to write some laws to prevent this happening again.,2
.@USER @user @user @user @user @user @user @user   And Liberals think GUNS are the problem?,2
@user He is repulsive.,2
@user @user (She is clearly agitated in a defensive stance) Shit- what is she doing here,2
@user Yeah we do legitamately need better mental health treatment in the us (not to say that's a replacement for stronger gun control),2
@user And hypocrite flies in his private jet around the world?,2
@user She is among friends...IRA friends. A terrorist loves a terrorist.,2
@user KKK and ANTIFA both hate groups created by the Democrats,2
@user I always found liberals and progressives to be the spartan ones. All the socialists I knew wanted to live as well as they could afford,2
@user @user They should dress him in an Ice Uniform no weapons and make him walk the boarder at night calling for the drug cartel.,2
"@user Don't forget the deletion of all of her social media (no doubt Anti-Trump pro Antifa). Why is no-one asking why she cannot fix a year or day? Are they genuinely THAT gullible? She had one"""" beer and """"somehow"""" ended up in a bedroom? Implausible.""""",2
@user Do not think so maybe do a little research buddy!,2
@user I`m with you JR.She is nothing.Don`t waste your time on human waste!,2
@user Kurt: Liberals are obsessed with seeing the president's disgusting penis. They fantasize about being in the room with his horrible hog. [sweating] They can't stop thinking about that mushroom-capped member. [visibly erect],2
More @user lies! #MAGA #MakeAmericaGreatAgain #TheResistance,2
@user and sometimes these edgy bitch boys are not secretly soft (good trope!!) they are just straight up.... abusive..... this is a very thin line to walk and dramione doesn't walk it well,2
@user I CARE THAT HE WAS MURDERED. I don't care whether he had some weed in his home (like a whole lot of Americans do) any more than I'd care if you said he had 100 pairs of socks. He is the victim. You are trying to smear the victim. You are despicable.,2
@user @user This is a lie! To push a gun control narrative! The actual number is much lower. If you look up what they are using to reach that number you will see why it is so high. Always playing politics!,2
@user Another overdose nigga:(,2
@user Complaining about SP's comments and blames the media for him(Spath) feeling a certain way and not actually reading an article. Basically saying Shea doesn't know shit and basically he should shut his mouth.,2
@user @user Why is this crook walking free?,2
"...it should not be surprising that conservatives increasingly want to take that ultimate power of life and death away from the government.""""",2
@user @user @user he is fake lol,2
@user @user Who appointed you the spokesman for the people at Lake Norman. I Guess you interviewed every person at the lake and it a unanimous poll against President Trump. NOT LIKELY. You are like most liberals who try to speak for everybody,2
Just vote for god sake and move on.  It be a non issue in 3 months. Do not allow libtards to veer you into the trap.  Harden the fuck up and let’s go! Seriously  #Kavanagh  #scotus  #maga,2
@user Suck my dick,2
@user Worst place I've experienced that is the fucking movies,2
@user @user @user Bullshit! Regulations are good because it keeps conservatives from striping our land into the Abyss,2
@user bitch if u don’t message him,2
@user @user Birch me too.. da fuck,2
@user THIS IS A NO BRAINER.  IF SHE STANDS FOR WHAT SHE SAYS SHE DOES SHE HAS TO VOTE AGAINST HIM   IF SHE IS LYING SHE DESERVES TO BE HUMILIATED AND DEFEATED.  WE WILL SEE IF SHE PLAYED THE PRO CHOICE CAED TO GET ELECTED OR IF SHE IS JUST ANOTHER GOPER KOCHSUCKER,2
"A big Thank you"""" to all these stupid celebrities. Events like this will only serve to help Republicans in 2018 and 2020 elections.  #MAGA @user @user @user",2
@user These niggas getting put on list and straight ass 💀 only niggas I seen good was yoshi patchmade jay and a few more rest are ass 💯,2
#cancelsouthpark They were liberals when you were still suckin' on your momma's titty at the other woodstock.,2
@user @user @user @user At least you are honest about wanting a nationwide gun ban. I give you credit for that. And the only place you can show that gun control works is in an environment with controlled access. Of course gun control works if the only access to a place is through metal detectors.,2
@user Until he is dead. Because even after he is out of office he will likely command the news cycle for a long time.,2
@user I believe he is one step worse  according to experts- sociopath which is a malignant narcissist,2
@user I hate politics! You #CNN are despicable. Liberals are treating Judge Kavanaugh  like he’s some sort of serial rapist that they’ve captured at last. #RedWave #voteyes #innocent until proven guilty.,2
@user And this traitor thinks he is?,2
🇺🇸  FOR SALE  -  BUY #American #Flag #USA   ▶  Shopping-Sale .org  ◀   #USA_Flag_4U #Shop_8_9 #MAGA #AmericaFirst @user #Trump #POL_8_27_QX,2
@user Clearly it does bc the cheerleader is smaller than the other girl and she whooped that ass after being slammed to the ground and everything,2
"@user @user  Don't let your bretheren"""" fool you!  EACH ONE OF YOUR Republicans, NEED TO DECIDE IF YOU ARE GOING TO BE GOOD PEOPLE or #rePUNKlicans!  You NEED TO KNOW, that kavanaugh is going to make #ronaldgrump into the first dictator of #naziUSA, which cannot happen!",2
@user I am definitely for antifa members getting themselves killed.,2
@user Everyone saying Fuck Russ dont know a damn thing about him or watched the interview 🤷‍♂️🤷‍♂️🤷‍♂️,2
@user Carrey is a sick man!!!,2
@user @user @user That’s how a career in media works...people admire you. If people think you’re a piece of shit you won’t make it far.,2
@user @user @user you are a sexy perverse woman😍😍😍😋😋😋😉😉😈,2
@user @user @user God forbid construction workers would be able to earn a decent wage. Liberals want the working class poor and quiet.,2
1. This is a local Fox station not the national Fox News broadcast. 2. If you’d follow anyone outside your liberal bubble you would know the vast majority of conservatives are outraged by this too.,2
@user @user The FASCISTS are Anti-American Communist Scum like yourself!! Now go Fuck Yourself you piece of human garbage!! USA #MAGA  ANTIFA are Terrorists,2
@user She is so damn cute! Def with the facial expressions,2
@user AA Mr. Bean should crawl back under his rock.,2
"@user @user Right?! I wanna know why she on the phone calling the police anyway? what did he do""""? Fuckin """"Run Me Over Rhonda"""" lol""""",2
@user @user HOW DARE YOU!!! Kappa,2
@user Bull shit...  stop putting words in people’s mouths.,2
@user could fund an entire school incl teachers’ salaries and have then teach his own curriculum. Indoctrinating generations of youth however he sees fit...my gas tank on E rn,2
I'm Assuming I'm Not Going to Get an Answer': Brainless  #Liberal Stooge Ocasio-Cortez  .@USER on $40T Policy Plan #WakeUpAmerica  THIS is NOT America's future VOTE Republican  or surrender America to these #DEM morons @user #MAGA,2
@user Yeah. Gun Control Act of 1968 also uses a lot of innuendoes for black people and ghettos in its text.,2
@user Exhibit A gor the utter irrationality of the Left. Respect and support for women....I think not!!,2
Democrats and their double sided hypocrisy. Is this any surpise... #MAGA #ConfirmKavanaugh  #PJNET,2
@user @user Bit of a celebrity😂😂😂 my Ass!,2
Absolutely all fucking done.  Bye Felicia,2
@user @user @user @user @user LMAO you are too dumb... forgive my manners but this pile of shiit you just said can give cancer.,2
@user @user @user @user Loved to hate MR in Bobby Brown show. That guy really screwed those kids back in the day. Please let him go through all HWs drama. He is my favorite &amp; then Jerry.  Maybe they should have a show Andy?,2
@user @user Fuck this !! He acted like The father of the girl killed at Parkland was a bug.  Instead of telling us how much he loves these girls he should tell them the truth that he really doesnt give a shit if they are killed by a crazy white guy with an AR 15!,2
@user @user @user Omg what country were you in?? It wasn’t America. But again you liberals will believe ANYTHING,2
@user @user He is losing his mind,2
@user It sucks hy 🤦‍♀️,2
@user ANCIENT HOMIES COULDNT HAVE COCK COCKS FIGHTING BECAUSE THAT WAS LITERALLY ILLEGAL IN ATHENS FJSHDHJS,2
@user You after the Mounties come and get you for being a dirty pervert on the Internet...only you are 150 pounds heavier than him but you get the point,2
@user Destroying me???? Excuse me I beat you all the time why you bullshitting that?? Also I love you more 😤,2
@user yeah it start with her being a blogger and all but somehow it turned into a murder fan fiction,2
@user @user @user I wonder if she is still in love with the drug dealing  boyfriend that worked at Burger King.,2
@user And he is planning to run in 2020? Joe lost his natural mind...,2
@user @user Don’t let the door hit ya...,2
@user @user You are 20X the trader I am lol I’m screwed but I have a tight stop. I’ll let it ride!,2
@user Her brain is still somewhere lost in The Matrix... Then again Liberals are just plain delusional no matter what. 👊,2
Should of known she wouldnt show up! Only accuse is in the dems playbook! When will people start understanding that the radical have taken over the party!  #ConfirmKavanaugh #MAGA #WednesdayWisdom #FortTrump #1linewed,2
@user @user @user We do know she belongs to the violent liberal Antifa party who w/ their KKK HOODS beat up total strangers &amp; are funded to do so by her party. Most violent &amp; corrupt party trying to now pour on the tears &amp; get us to believe they have a heart. Hard sell to anyone including voters!,2
@user @user Advocating for herself is ridiculous fam?,2
@user fox could have sash DI'd tho,2
@user @user Cube has shown in the past that he is not in control of this. The investors on the board run the show. And they are super cheap.,2
@user Where is the fascist version of Antifa?,2
@user Maybe she should drop the angry b$*@USER routine and try something funny everyone can enjoy....like non political jokes.  Don’t think she is capable of doing that.,2
@user @user @user @user @user @user Unicorns and Antifa and rainbows and socialists and puffy hearts and feminazis and sunshine and pussy hats. And most of all RESIST! 😂🤣😂,2
@user @user Queen Of Rap 😛 Other Bitches can knot relate,2
@user @user That's why I was so disgusted with him today. I don't know why he thought this was a celebration. But he thinks everything is about him. I won't ever be able to forget the horrible things that he is done.,2
@user @user @user ....Except not all Millennials are for Gun Control.,2
@user OH I FUCKING LOVE LATEX HMU IFU GOT Q'S IVE BEEN USING IT FOR YEARS,2
@user You kept a SCJ seat open for over a year with Merrick Garland. It is not fair to push Kavanaugh thru. He is the most unpopular nominee ever. The American people deserve better than this. The woman deserves better than this.,2
@user Gotta give him credit where its due he may not be a mason but he is out there competing his ass off,2
@user @user Here come the beta liberals lmao *convo muted you can cry all day to yourselves.,2
@user Josh I am not fucking a loli robot,2
@user @user This is ridiculous. She is going to have to vote for him at this point or it will be apparent she accepts bribes.,2
@user @user @user And people still think this administration is the greatest since sliced bread. Ridiculous.,2
@user Exactly... they're all bitter,2
@user What an empty soul you have.,2
@user She is a vile rat of a woman.,2
".@USER rates @user claim that the SAFE Act is the nation's toughest gun control law mostly false.""""",2
@user @user Is no one considering the fact that Russia might be using Antifa to spread black propaganda??? Remember the Berlin Wall???,2
@user “Let’s just say she is the most selfish writer I’ve ever come to know.”,2
@user These cowards ain't ready.. #MAGA 🇺🇸,2
@user @user The burden of proof is on Ford. She should put up or shut up. She is not credible by any stretch.,2
@user @user I'll add one more: Did you realize that conservatives would decide that certain men should get a PASS for sexual assault?,2
"@user  Regarding the story I think I'm going to kill the president"""", why is it reporters """"never"""" follow up on how a convicted felon could obtain, in this case, 6 guns? What's the police doing about, or would that bring light to the gun control issue? Bias?""""",2
@user @user Oh Yes. He is a coward.,2
@user @user The US Open has treated her poorly with the whole controversy over her outfit.  Bottom line is she was treated differently because she is a women of color and this would never happen to a man.  The USTA better soon recognize that she IS women’s tennis and act accordingly!!,2
@user bitch what do you mean? Get It by Pristin? no?,2
@user I bet they all have 'fitted' waists. Because women are meant to look 'hourglass' even when they don't give a shit.,2
@user @user Truth. All you need to do is see what any of them threaten if even moderate gun control proposals are seriously talked about.,2
@user Nigga you are tweeting in the shower ???? I hope Siri drown,2
@user Damn I felt this shit. Why you so loud lol,2
"@user That's very true Theresa. Most of those MPs however call themselves Conservatives"""" oddly enough.""""",2
@user @user Security are paid to protect you from trash and crazy people,2
@user What insanely ridiculous bullshit.,2
@user You’ve lost your mind. That shit is unsanitary af.,2
@user @user Many arrests have taken place. Socialist media not covering of course. The coming arrests will  make socialists heads explode. WWG1WGA! MAGA! DRAIN THE SWAMP! BUILD THE WALL!,2
@user Shocking.  Consider most of the country wants smart gun control. Not the Wild Wild West like you espouse.,2
@user @user Liberals as per Odia standards 👆....RW is liberal when it comes to my state 🤣🤣,2
@user It bothers me because I feel whoever still supports him is just as racist as he is.  I'm half black and my daughters and daughter are black so I don't get how my family doesn't see anything wrong with supporting him.,2
@user Risking his own ass lol,2
@user God did not appoint trump. The devil appointed him and I will make sure I do my part to make sure he doesn't get reelected by voting.   He is no pious man and definitely not even spiritual.  He's the scum of this earth.,2
@user @user @user @user @user @user @user @user @user @user @user @user @user @user @user @user @user @user @user @user @user @user Why do white liberals imagine white people have some power?  White people have been trained for generations not be racially aware.  White liberals are the most anti-white racists I know.  What power do you imagine white people have that other people do not?,2
@user Apparently this POS doesn’t know that Viacom bought out BET. It went from black ownership to white ownership🤣🤣🤣🤣🤣🤣,2
@user Call bullsh#t just poor losser,2
@user If only Martin were as obsessed about Christ as he is with homosexuality.,2
@user @user @user @user @user @user @user David calling for Lynn to resign is an reckless and irresponsible statement and needs to resign immediately as he is unfit do hold any position anywhere.   See what I did there.,2
@user @user @user @user You are two nutcases. Obviously.,2
"@user @user @user @user Fascists &amp;Nazis don't abide by patriotic views shared in their presence. Glad the brownshirt arm (AntiFa) of the left wasn't there to inflict the usual violence vs citizens who dare to speak. Do you hear that, Dems who enjoy wings/beer/country music? You're less-than."""" #WalkAway""""",2
@user Don’t talk shit about 48 laws,2
@user @user @user no maybe cause you are a hateful buttmunch. We reap what we sew,2
@user @user @user Useful idiots for international communism just like antifa today.,2
#NoToKavanaugh  He'll REVERSE Roe vs Wade-women's rights He'll SUPPORT Special Interest He'll PARDON Trump if indicted He'll DESTROY American Healthcare Act-ACA He'll FAVOR the NRA &amp; STOP gun control He'll vote AGAINST LGBTQ rights He'll VIOLATE immigrants,2
@user Go crash another plane.,2
@user Really another one holy crap wow all brought to you by the Liberals.,2
@user @user Good Morning! I just followed you back! Let's give these crazy Liberals Hell!,2
@user @user @user Disclaimer: My views do not necessarily reflect the views of our POTUS &amp; all Conservatives: Ladies Charged by Nature to Guard Vagina.,2
@user yeap she is politically a lame duck already dead politically,2
@user A dying sport,2
@user Sorry you’re a socialist!! I contributed to Ted Cruz!! Sick of liberals,2
@user shut the fuck upppp kliff i'm bigger than you and gayer than you so don't try any shit,2
WHY isn't Peter Strzok and Lisa Page in jail? They are traitors to the United States and it's people! The US does not have a two-tiered system for lawbreakers. #LockThemAllUp  #DeepState  #DrainTheSwamp  #MAGA #WalkAway  #impeachjeffsessions  #DOJ ???,2
@user @user @user Liberals complain of not having time to evaluate records but they sit on an anonymous letter for weeks and wait like a criminal to assassinate the character of a good man at the end.Despicable. @user @user  @user  @user  @user,2
@user @user @user @user @user @user @user @user @user @user @user @user @user @user @user @user @user @user @user @user @user @user @user @user @user @user @user @user @user @user @user @user @user @user @user @user @user @user @user @user @user @user @user @user @user @user @user @user @user @user I'm sure it's just all Democratic political pay for play,2
@user Time for Canadians to let all liberals if no Trade deal in two months no vote for any liberal MP! Make that our red line. It  makes NO sense Trump has been able to secure Trade Deals around the world but Canada! Obvious to anyone with a Brain failure is Trudeau! He has failed!,2
@user He's a liar,2
@user @user Nope. It's clear and you are lying. Also every accusation against known child molester #RoyMoore was true. Conservatives love (R)apists.,2
@user Horrible.,2
@user @user Strong character?...strong character? Anybody as bitter as she is for being a sore loser has no character!,2
@user Disgusting Liberals have no shame!!!,2
@user @user I'm sorry but damn she is hot af,2
@user The funniest thing about her is how easily triggered she is!!! Well that and how ugly she is,2
#serenawilliams yes she should be boycotted.  She is a nasty bit of work.,2
@user @user @user What a piece of shit,2
@user @user @user @user @user @user @user Bibi so looks like Stalin when Stalin was younger.  Maybe he is starting to act like him a tad. China is never your friend.,2
@user  god I don’t know how Your didn’t punch Carole at the reunion. She is a smug asshole. I know you are dealing with a lot. I hope you are well.,2
@user @user @user @user @user @user What kind of dumb shit am I gonna read next,2
@user @user Doubling down was absolutely stupid. You never double down on a pair of eights!,2
@user log doesnt give a shit i bet he eats nachos in the middle of the night in his underwear,2
@user You’re Yesterday’s #FakeNews trying to make a comeback at the desperation and obstruction of Do Nothing #Liberals &amp; #DemocRats. Who cares what happened when you were a Minor in high school. You’re not the victim here. Just another MeToo sexual misconduct Baiter and Switcher.,2
"@user It really sucks when commies atheists liberals refugees and anyone who isn't one of (us) uses our"""" precious tax dollars....""""",2
@user Why is Antifa upset w/ “prof.” Blasé-Ford? Antifa is the group that harrasses &amp; threatens people at their homes.,2
@user So you’re saying THIS official is suppose to go back and recall every other violation that was let go and than rule?  Silly ass argument.  She was out of line he called it.  That’s like saying billy Martin didn’t get thrown out in 1975 so how can buck showalter get thrown out,2
@user @user He is one who should Not own a gun-Such a lost soul—All he Needs is  Jesus Christ ✝️,2
@user @user WTH Dude!!! Seriously..... you are going to CRITIQUE THIS?!?  Take your sorry liberal self to an Antifa protest,2
@user @user And yet millions of permit holding people carried legally concealed firearms that same day and didn’t hurt themselves or anyone else.   But yet they want to have stronger gun control.   Idiots!  🤨  Our wonderful media has to hype incidents that fits their agenda.,2
@user @user @user When we Satan call him home #Soros.,2
@user Hell did they boycott McEnroe.....this is too much!!,2
@user @user He is desperately trying to deflect. This is what Jordan &amp; Nunes have been wanting. Trump doesn’t care who he endangers. Fck tRump,2
@user DNC corruption,2
@user Fuck the wall. More American white or black men kill way more than any immigrant. Gun control would help way more.,2
"@user Police state tyrant liberals LOVE the word dangerous"""" when gaslighting their sheep.""""",2
@user @user @user   Do not CANCEL the vote on Kavanaugh. Do not fall prey to the lying filthy liberals.  Tell Flake to shut up.  America is sick of this BS from the left!,2
"@user René, it is not your fault.""""  She does not specify just what isn't.  All of it.  He did not make his father do anything.  His father chose to be the coward he was.  At he question, her hand rose to her throat, clasping it lightly. She is ravenous.  She has been for some time-""""",2
@user @user True but the constant talk from the left about common sense gun control every time and yet not one valid proposal,2
@user Why aren’t you speaking out against the injustices that are still occurring to the Windrush generation/black Britons whose records Theresa May destroyed as Home Secretary and whom now she is deporting as prime minister? #InstitutionalRacism,2
@user @user She should be prosecuted to the fullest extent of the law.  The tragic waste of such a beautiful person!  Her incompetency and hasty judgement has ruined his family and friends lives.  I know she is devastated but that is little comfort to his loved ones.😔🙏🏼,2
@user That's a lie...your antifa lefties are nothing but violent. This teacher spent a lot of time planning this attack on an honorable man with zero evidence. No reason at all to hold up kavanaugh! Another crazy liberal hit job!!,2
@user Another has been trying to get back in the spotlight Paul McCartney go back to England shut up,2
"@user @user Do you have evidence that Trump didn't collude with Russia?   DUuUueerrrrhhh, he said so...MAGA!""""",2
@user @user @user McEnroe is a fucking legend. And he hurled abuse at everyone! Now he appears in commercials yelling at people and movies yelling at people. He is an icon. Do you think it’s fair?,2
2nd highest prop tax in nation to support gov pensions 1 of 3 states where housing is worst investment More rent for less valuable housing Nations most severe increase in personal tax Illinois sucks thanks to Cook county liberals and corrupt  Mike Madigan,2
@user @user @user @user @user He had 1 offer since june! The shitty browns that's it!! Stop thinking he is still good you are living in the past,2
"@user @user @user Bret, maybe you're just running away because you pretended to be an expert and got pounded into submission by a girl.  All you did was assume and demand proof, I provided. You provided 'your say so. In terms of debating, you lost. Have a nice day.""""",2
@user @user @user @user @user @user This is the ANTIFA party &amp; all of a sudden they expect us to believe they care about anyone besides themselves. Nope.,2
@user The democrat years in power. We remember those women well. Too bad liberals are hypocrites of the worst kind.,2
@user Watched the press conf with Trump and heard him say how much we will make when Poland pays us to put in a military base. He is a dottering demented fool who really believes that his goal is for America to make money. You hear it in all he says. This isn’t a hotel.,2
"23:70 Or do they say, He is possessed""""? Nay, he has brought them the Truth, but most of them hate the Truth.""""",2
@user @user @user @user @user She raps likes she will pop off but the only thing she popped was her butt implant. Now Remy is skinner than her even while pregnant,2
"@user Tough crap Mazie! There should be a Me Too"""" for men with false accusations against them as well as those hurt by Democrat lies, false accusations, biased government agencies, biased media sensationalism and Antifa bullies etc......""""",2
@user I wasn't given the option to stay home and stack money but I always tell people if the opportunity is given take it 🤷🏾‍♀️   Shit hell out here,2
@user 100% he is the Messi of goalkeeping GOAT,2
@user @user Who really listens to those post menapausal angry yentas except hardcore liberals and femanazis?,2
@user @user @user I suggest that you get worser jobs as you are just what they don’t want. you might of even been in the same office. You might of been arguing with yourself. your just both gay,2
@user Unless he is like that old skin bag Cher.  She just coming back and coming back. #stretchedface,2
@user @user @user Maybe Antifa asshats? Those who physically assault others for their political beliefs? Democrats are NO Saints and neither are you!,2
"@user @user @user @user @user FEMA has contacted the Senator and was told.its a TV hit you take them when you can"""" He Is a liar.  If he had a set... he would put on his big girl panties and tell the truth!""""",2
@user @user Investigation reveals it is highly probable it is an ISIS attack. Worst case scenario a joint ISIS-Antifa attack,2
@user @user No fr! People are always on the most bullshit &amp; I’m not postponing or missing anything else because another person can’t get their shit together. So if all else fails I go by myself &amp; Tbh I end up having a better time anyway 🤷🏽‍♂️,2
@user You ready for crazy ass racing tomorrow???,2
@user I didn’t tweet this lol I needa get my Twitter off this shit,2
@user @user #MAGA Boy go donate to Trump...he's looking for more GOP suckers like you to cover up his porn stars...shhh don't let his wife know either,2
@user @user And not all idiots grandstands like he did,2
@user @user Agreed. I have better ideas: ABC—Let AntiFa beat her to death at a pro-Trump Free speech rally.  1/,2
@user Fuck yeah !!!! Go you !!!,2
@user @user She is the daughter of her parents.  All illogical hypocrites.,2
@user @user are you talking about me? I’m more Green than MAGA.. sorry if my Twitter grammar isn’t up to par for you.. my eyes are bad.. maybe you’ll critique my latest article too please.. I don’t have well-paid editors so I’m sure I do slip,2
@user @user @user Are you serious. Man you’re an idiot! He is the most hateful scum on earth.,2
@user Ur head bout big as shit,2
@user shit ain’t gone work bruh,2
@user @user And we pro Americans are embarrassed and sick of you anti America liberals.  There are plenty of countries with the lefts ideology already in place. Move there.,2
@user @user bt1100 ass malfunction,2
@user What a joke.  Another dirty tricks Democrat on the George Soros payroll.  The Democrat Party knows no shame.  #MAGA,2
@user @user I am Canadian  .. Live in the us and am ex 🇨🇦 special forces. I've handled everything from a bb gun to 155 mm howitzer (😁😁) and tow missles and anti tank weapons.   the US (lack of) gun control is by far the fucking stupidest part of this country!   Too many morons with guns,2
@user U nasty bitch,2
"@user It's kind of like when a mean old woman says that a pretty young one is Ugly and untalented"""" just because she is washed up and will never look like that again. For one thing it's catty, secondly, it makes her look like a jealous hater and has-been! #Montel""""",2
@user @user Liberals  wouldn’t know the first thing about “doing the right thing” 🤣🤣🤣🖕🏼🖕🏼🖕🏼🖕🏼🖕🏼,2
@user @user Invite @user to all of the @user shows and let her tell you about her interview with Brock Long. Then you will know why #Cult45Politburo sounds so unhinged. He is parroting the FEMA admins line of BS. @user tried to fight back against Long's BS,2
@user I’m alright with this. If someone is dumb enough to try this then they deserve what ever they get. I can’t wait to hear about the first AntiFa idiot to get blown away after they tried to steal a gun from someone in a stand your ground state 😂,2
@user @user liberals are kinda the worst,2
@user Interesting-cause you leftists not only threaten us-but regulary shoot/stab us.  I wonder if maybe Mr. Swalwell isn't all-in on the violence toward conservatives.  He certainly always seems to ignore/suppor it(ANTIFA for instance).,2
@user @user @user Antifa. Yeah it's a fringe organization. Just like those wastes of humanity I grew up around. Most of em ended up meth heads and junkees. Some are republican alt-right activists. I guess we're all a product of our environment.,2
@user @user @user @user @user Please TX don’t elect this fake Conservative. He is bought &amp; paid for with Soros money. So many unethical things in his personal history!,2
@user Fuck you I’ll put hot sauce on a slice of pizza again for you,2
@user @user she became a alcoholic cealrly became a fatty has had like a year to loose the weight she is the only starlet in Hollywood that doesnt look good with a lilextra weight gonna go for a walk now and one of tays GPS stalking sheldmaidens might have orders to mac miller #TommyValhalla,2
@user Dick Durbin figures if he lies often enough people will start to believe him. Right out of leftist dictatorship playbook. @user @user @user @user @user @user @user @user @user @user @user @user,2
4 out of 10 British people are basically full-on racists. 4 out of 10 voters vote for the Conservatives. Coincidence!???!???,2
@user @user Williams displayed her bad tempered side to the world and it is something she will probably always regret. I would say to her be ye never so high that you believe you are above the rules.,2
@user Can someone tell this dumb we are a republic,2
@user How many more??? This country MUST address sensible gun control! This is more than ENOUGH!!!  VOTE BLUE! GET THIS GARBAGE CLEANED OFF OUR STREETS!,2
@user I come from a long line of bigots and morons. It's hard to grapple with at first but it gets better. Fill the void with fundamentally decent ppl and you will eventually realize you are better off for it.,2
@user And all they have to do is say a half hearted apology and it all goes away. But let a conservative say anything close and they are ruined for life. These mentally deranged Liberals are totally disgusting jerks!,2
@user He is a beast,2
@user @user @user You mean cheating allegations. Not sexual harassment or assault it was about CHEATING. BIG difference. We all know facts scare liberals. If you are so concerned about sexual assaults you need to shout for the names on the slush funds to be revealed. Until than have a seat,2
@user @user You’d also know this isn’t about women at all b/c Democrats don’t call for justice for women assaulted by Democrats when there is both evidence of injury &amp; police reports. You’d know Dems only demand conservatives be found guilty upon accusation. You’d know this is all political.,2
@user All this division in our nation is utter nonsense.,2
@user did you watch the music video for jackets hrgggg i love hank's dumb ass,2
@user @user I wonder if antifa will be rioting in the streets after they find out how corrupt the government is,2
@user I swear to god . This shit is too real man,2
@user yeah way to ruin the fucking hype. this is why you werent invited to dennys after we finished with andreas lol.,2
"@user A band of liars Eric has a big L"""" on his forehead.  He is so disgusting.  Who votes for these people or don't they really, it has to be rigged.""""",2
@user @user @user Not just “liberals” there is minority of Republicans with more brain cells than a rock!,2
@user @user Can u fuck off already,2
@user @user She is useless.  Attempts to do the right thing but never follows through.,2
@user She is maaaad annoying!,2
@user Wtf aren’t they treating antifa as terrorism?,2
@user Dam white slave owners,2
@user Honestly  The fact he hasn't any legislative power coupled with the fact he is a skilled diplomat sways the balance for me.  Besides the varadkar government pushes that kinda shit anyway president or not.,2
@user Does one bring the other? #Sex #War See Penthouse magazine in the 1980's.  Sex followed by guns.,2
@user Everyone knows Brown is crazy!,2
@user Poor Germans...they have  refugee violence and antifa violence..it must be nice to live in Germanistan.,2
@user The Democrats don't care. They will do anything to undermine President Trump. People had better realize how serious they are about getting rid of him. Vote Red or suffer under the liberals.,2
@user @user Don’t ever stop lil ma *COUGH* “eddandflow” *COUGH* oh shit is that my Snapchat how’d that slip out?!  ...add me 🙏🏼😩,2
@user @user Shove it The View you are the most despicable show on tv and like everyone always says “who watches these bimbos”!,2
"@user @user @user Gotta love when the uninformed point to Venezuela as though it's the inevitable result of socialism!  Socialism? Venezuela!"""" Gun control? """"Chicago!""""  It's like watching a round of Shitty Jeopardy, where no one knows a damn thing but they try to compete anyway.  Logic? """"Trump!""""""""",2
@user Hope he is enjoying himself while he can🤣,2
@user Good she is a Crook too💩😑,2
@user @user pathetic,2
&amp; terroism &amp; starvation &amp; Flint &amp; poverty &amp; climate change &amp; global warming &amp; sex trafficking &amp; bullying &amp; body shaming &amp; police brutality &amp; feminism &amp; gun control &amp; marches &amp; protests,2
@user He is NOT QUALIFIED.,2
@user @user Just imagine if Dr Ford was a member of a minority. Antifa would be firebombing the Judge’s residence. #IDENTYPOLITICS,2
@user So this is how Antifa finally dies? By commiting suicide? Nice.,2
@user i love you u beautiful bitch rAWR,2
@user @user No one gives a shit and no one will miss her! Sorry @user will!,2
@user @user It now makes sense how gun control is barely an issue vs immigration.,2
@user @user Illinois strict ass gun control let's only the thugs and gang bangers have the guns which means a lot more violence,2
"@user @user  -its quite obvious the  morons at the Star are totally unaware that Canada already has extremely Tight gun control laws -which by the way criminals never have and never will Adhere to"""" - You have to be a very special kind of stupid to be believe that by banning""""",2
@user Bitch better serve,2
@user @user I want to see this corrupt bitch in Gitmo for her birthday,2
@user Nice hat😂  Hey #Liberals and #Democrats  @user is living Rent Free in y'all's heads...  like McDonald's  #ImLovingIt   Sweet Revenge Has Never Tasted So Good  #MAGA #WalkAway,2
@user @user @user Fuck yes ride it baby!,2
"1/5 Several women MPs key in 1990s gun control debate in Canada. Min of Justice @user did heavy lifting for @user In introducing 1991 gun law she said Gun control works. It is probably the oldest and most effective form of crime prevention law..."""" #cdnpoli #cdnhist",2
@user Hi sexy,2
@user @user Do you hate him that much. He is OUR President.,2
@user in the fake national emergency that was created by conservatives for their nwo bullshit,2
Another fucking Pittsburgh Nazi. Philly Antifa is naming names and it’s glorious.,2
@user He is too lazy. Just slouches over and waits for the defender to come to him. Bum,2
@user I'm honestly not surprised coming from the school you are in. Why would you be vaping. I noticed they like to accuse you of a lot of stupid stuff but don't let it get to you.,2
"@user @user @user But what makes you think they are liberals?  There is nothing liberal about any of that.  These people spent the '90s insulting liberals, publicly humiliating black activists, and openly attacking the New Deal.  Where is the liberal"""" part?  They passed GOP policies!""""",2
@user Bruh there were a few times i dropped it and kicked it back up wit my feet and caught it. Now if that aint some G ass shit😂😂,2
@user What will German’s will give us? Gun control ?,2
@user It’s off of Santa Clarita 9on Netflix it’s funny as fuck!,2
@user She is the size of a stadium,2
@user Americans need to realize they rape and kill easily because of their environment. We absolutely have to close our Borders until proper vetting is implemented.,2
@user Exactly so shut up,2
@user @user Sending commiserations to you for those Cardinal losses with this brioche cinnamon roll picture.,2
@user @user You are just another liberal pawn used by the democrats in an attempt to derail Kavanaugh’s confirmation. I don’t believe a word of it. You and your liberal friends are an enemy of the state. Just leave America. We will be better off without people like you. 🚫Liberals,2
@user @user Be safe you fucker,2
@user Its not like your not sharing the water! Un fucking real. 😡,2
@user that entire article is a piece of trash. that precinct is full of dumbfuck pigs.,2
"@user @user WTF @user &amp; @user seriously... what manner of bigoted platforms are you running that label an exhortation for children, black or other, to Stay In School""""?  #JackDorseyIsAbigot  #MAGA #KAG""""",2
@user @user YOU should be FIRED... You are dead to the public for your FAKE NEWS Why don't you show him approaching the crowd? Scared ... If you can't stand the fire Get Out of the Kitchen....,2
@user @user @user @user @user @user @user @user @user @user @user @user @user @user @user @user @user @user @user @user @user @user @user @user @user @user @user @user @user @user @user @user @user @user @user @user @user @user @user @user @user @user @user @user @user @user @user @user @user @user This lady is a grade A idiot or a complete and total liar.  I have called her on most of her bullshit. Anyone with half a brain knows what she is spewing is crap.,2
@user Who would buy a book written by such a total classless Porn star! I’ll tell you who Democrats and liberals,2
@user Hmmm...they piss off the portion of the population that actually supported football and are shocked their numbers took a nose dive?  Shocking!,2
@user This is Gun Control!,2
@user But but but ..... But like her music sucks!,2
@user I bet she`s had more prick`s than a second-hand pincushion! #MAGA 🇬🇧🇺🇸,2
@user Wow you really think this works I am going to tell my wife she is going to hell lol,2
@user @user @user @user Also Jaclyn is either crazy stupid or she is straight up lying to people about the Morphe return policy. That is also deceptive and predatory,2
19 professors and students murdered in Connecticut with .223 Bushmaster XM15-E2S rifle. The NRA blames gun control laws.,2
@user @user @user Now what are you ?? A Liberal ?? Intellectual ?? You are nothing but a Bigot. Shamelessness at its peak.,2
.You cry baby liberals will have Trump for a total of EIGHJT GREAT YEARS!!! GET OVER IT. #MAGA,2
@user Well sure she would lend her support to the lying heifer making the false accusations. She has no more intelligence than the rest of the liberals acting out sombody!,2
@user I’m 1001 you ass,2
@user @user if you speak Spanish? MS-13  Muslim? terrorist  black person? should've complied   hold a dissenting opinion? emotional  snowflake  Gun control? Nazi  Republican putting people in internment camps? PATRIOT  Think you leave your human rights at the boarder? PATRIOT  I'm tired,2
@user you suck so fucking hard that i genuinely want to drop out of school and quit doing art and spend every day of my life destroying another epson printer with a lead pipe. i hate you so much.,2
@user Isn’t the coalition for gun control headed up by the lady who was turned down for a job because she was a bully?,2
@user Just because some flaky pink hat wearing woman says so? Try again. Where’s the police records and the like. Tired of liberals thinking they can lie to ruin someone’s life because they don’t like Trump,2
@user you are like a real life cartoon character!! I love and respect the shit out of you for it. Keep doing you,2
@user Only Trump could get Liberals to scream bloody hell at open transparency.,2
@user @user is mentally disturbed,2
@user @user This guy embezzeled at least a trillion dollars from the american people he is a divider of people he is full of hatred for the american people this guy cant be trusted look at our people that was in bengazi  they trusted him and most of them died,2
@user @user Sareena was wrong to behave like this. That is not racist just truth. I do not want my children watching this behavior.,2
@user @user @user @user @user All Vince Cable has to show for getting into bed with the Tories is a ridiculous Knighthood.,2
@user What she is proven??? Lies???,2
@user This president is such a idiot I wish some one would tell me why and how he is still in office! God help those being hit by this storm ! Lord knows they will not need paper towels thrown at them !!,2
"@user That guy has a legit case. Trump ain't fuck up the sexual orientation laws yet so dude needs to take them to court. And I say that as someone who describes themselves as I'm Not One of Those 'I'ma Sue!' People"""".""""",2
@user I love it that the wet liberals are so frightened by the US. And yet are so keen to deal with the non-democracy that is Europe.,2
@user Get that shit off my phone Bono - I’ll never forgive you,2
"@user No prison time for you. You're going to get McCain-ed""""   😂🤣😂            #DeathPenalty  #Treason  #Pedogate #MAGA #QAnon""""",2
@user i had a man tell me their body count was 40+ but refused to be with a woman who had more than 5. what the FUCK.,2
@user @user @user @user @user @user @user @user @user @user that is about the saddest existence I have ever been privy to reading. Sucks to be you man,2
@user YOUR TRASH!!!!!!!! But she would have been  A great coach if you wouldn't listen to zodiac....... But you are sagittarius you hate to be told what you can or cannot do......... Like the coach from Michigan wolverines hshshahhsjjjsjsjs....... You keep PRAYING  now you hear.,2
..@USER @user 2 of 2 Vote her butt right out of office.  #DianeFeinstein is part of the problem in America not part of the solution.  Her old ideas and #ClarenceThomas tricks will not work this time.  #VoteRed2018 #KAG #ConfirmKavanaugh #ConfirmCoachK #MAGA,2
@user oh no you guys dont censor the right at all...fucking hypocrites,2
"@user @user @user Nice. That is so true. No life trump haters. Funny thing is trump done everything good for Americans and America yet these anti Americans put trump down! Amazing that people act like Trumps the bad guy! EVIL is the liberal  democrats &amp; the band of haters.. Antifa"""" """"blue wave""""""""",2
@user He is totally bluffing...,2
@user LOL. What’s failing miserably is this 11th hour ambush by the liberals. Every minute #ChristinaBlaseyFord refuses to commit to appearing she and people like you lose credibility. I love it!! 😂😂 #tcot #p2,2
@user @user It's a trap. Conservatives know as soon as they go public they're on the termination list.,2
:( She is very evil.,2
@user Since Lebron eat ass I guess I have to now,2
@user @user @user @user DaveB the most boring man to have ever graced SIMB. Thank fuck he was run off the BORED,2
@user //xD Well the suffering she goes through and all the terrible shit she sees ends up making her pretty insane (I think you already seen that from certain things I posted XD) but hey at least she's only insane to bad guys!,2
@user Guys ugly and unhinged.,2
@user @user that’s just cause the director a fucking beast but let’s not act like christian bale ever fuck niggas up or had wavy fighting scenes,2
@user I feel pretty fucked then cuz I started out fine,2
@user @user SHE IS THREATENING AMERICAN CITIZENS SHE WILL KILL WOMEN ARREST HER,2
@user and why do all the issues about Pc only focus on liberals What about conservatives on kneeling on fake patriotism Or Republicans freaking out over an abortion,2
@user You are a disgrace go home you are not the President anymore. You are breaking tradition of the former President stepping aside. This is no longer Obama’s country this country belongs to We The People not your sheeple #MAGA @user,2
@user @user @user Even Chris Evert said that people normally wise up and stop after the first warning or their second warning. Serena kept going. It sucks it ended the way it did but if you keep arguing and making comments after a second warning then what was she expecting?,2
@user @user @user @user There are no timely responses in rap beef LMAOOOOOO Nas took THREE MONTHS to respond to Jay and he bodied him. Em always takes a month or more. Where did y'all get this timely response shit?,2
@user As clear as the mud UKGov are dumping off Swansea. Corbyn offers no solutions &amp; no answers ... being non-committal on everything &amp; hoping 'not being the conservatives' will get him elected. Westminster politics &amp; government have degenerated so much its no longer fit for purpose.,2
@user He is one crazy  person,2
@user @user Oh noes! Tough shit.,2
@user I've said that many times. Liberals and Conservatives are two sides of the same coin and that coin is in the back pocket of the wealthy Canadians.,2
@user She is a true idiot!! Really scary people will vote her to DC in November!!!,2
@user Can't take what they dish out? Joe you are a snake that should be hung by the neck on a live cnn feed.,2
"@user @user These gun control scientists"""" are a disgrace. They should have their license to publish revoked. 😒""""",2
@user She is 100% lying. But you don’t understand the mind of a leftwing nutjob liberal. They are a cult. Money means nothing to them. It’s stopping trump by any means,2
@user @user @user Yep. I was at Yale law school as well..  He also mentioned at one point that he could pee his name in the snow and that groping someone against their will while holding them down and choking them was “boys being boys”. NBD. #MoronsAreGoverningAmerica #MAGA #Kavanaugh,2
@user @user @user @user @user @user @user @user You know you're a racist monkey huh?  I'm sure you know what you are a piece of trash.  I never hear these pieces of horse shit speak the truth only their racist lies.  Bitch boy it's ABOUT THE RACIST COPS KILLING UNARMED BLACK AND BROWN PEOPLE!!  THAT'S THE FACT.  ASS CLOWN!!,2
@user Why cant ISIS blow up these two assholes??,2
@user Amazing how Dems don’t feel they owe it to unborn generations to keep ILLEGALS out!!,2
@user Does these idiots actually listen to what they say? @user Sucks!,2
@user @user @user @user @user @user &gt;comparing Antifa weaklings to WWII soldiers,2
@user He is most impressive at corruption and lies.,2
@user what about all the refugees that destroy the country ( radical Islamic )!! You will get out them to their countries? #cleaningcanada #canadaelection2019 #canada #Conservatives,2
@user fuck im wired,2
@user @user She doesn't support stand you ground or arming teachers. Gun control. Idaho believes in gun rights.   Zero chance.,2
@user When do you post on conservatives declaring Ford a liar without evidence?,2
@user @user You will be sadly disappointed as they conservatives are also marxists...they now control a police state.........ONLY UKIP WILL SET THE COUNTRY FREE,2
@user @user Lol another illegal Antifa girl,2
@user @user When the abuser projects... Look in the mirror Mark - you are crazy &amp; angry.,2
And the Bull$hit just keep coming. So we're expected to just accept these allegations for their face value. The left swamp plot thickens. We need to out the offenders once and for all. #ConfirmKavanaugh #MAGA,2
@user @user I dont know... Antifa is pretty dumb.,2
"@user Don't forget Antifa""""...and """"ACORN""""...And that terrorist that Obama """"palled (??) around with!  Hahahahahha...do you listen to your own malarkey?""""",2
@user On everything that shit is really sad smh,2
@user i BREATGE in kpop stan u nigger,2
@user @user This unfortunately is the real way Democrats feel about Blacks! If they could they would put us all on the Plantation! Socialism is making citizens slaves to the Government! The Conservatives will never let that happen! This very kind of Treason is why we have the 2 Amendment!,2
@user @user @user @user @user @user 2/The Democratic Party won’t do anything to him because he’s Muslim Brotherhood &amp; they don’t care about Monahan.  The Muslim Brotherhood needs to be declared a terrorist organization—all of it! Ellison also supports ANTIFA. These people are so foul it’s scary!,2
@user Oh what a tangled web we weave when first we practice to deceive.! Give it up Serena you are looking silly now.,2
@user @user Let's use the TREASON laws to remove Holder from the planet...,2
@user @user Mmm you are so hot,2
#HomeOffice releases one #Terrorist a week and 46 in the year to March?  Report was prior to #Choudary being released.  I have Home Office Document in full in a link on my stream .. questions asked are laughable  #MAGA #MEGA #MBGA #MBGA #Conservatives #Muslims #Migrants,2
@user you are a sorry excuse of a rep - I hope that your district votes accordingly-you need to go!  Your nose is so brown it will never be clean!,2
@user @user @user Nobody will kill or beat her!  Cheap tectics to become popular LGBT Tikoo.  She can follow SUNNY LEONE also: she is popular not only in India but world😴  Best of Luck and hope to see both of ur videos together:   Sri Krisna will definetly make ur next video popular. Have fun🙏,2
@user That shimmmy— ok ok ok. You are that bitch. Lmao jk,2
@user @user Because the party of violent liberal ANTIFA with their KKK hoods beating up strangers they know nothing about is so great &amp; honest. Good ole Keith Ellison the women beater can tell you that.,2
@user bitch my life was flashing before my eyes,2
@user You are right he is a sorry little man...,2
@user And 15 is probably all they know about. Please tell me he is still in jail. Or better yet dead. You are such a strong woman. I'm so sorry that happened to you.,2
@user @user He is a coward. He goes after countries that are peaceful and humane.  He perceives that as a weakness.  He loves Putin and Kim Jun Un because they are the “tough guys”. Like in high school.  He wants to be a tough guy by bullying those who have a soul.,2
@user @user The active duty personnel I know think he is a dangerous fool. Maybe 100% of racist military klansmen support Mr. Traitor-pants.,2
@user Lmfaoo! 😭 bitch,2
@user Hey Bono- Why not turn your Dublin hotel over to refugees? Asshole!,2
@user Looks like conservatives made a back room deal with her as they are best known for always playing dirty divisive politics,2
@user @user Go home you’re drunk!!! @user #MAGA #Trump2020 👊🇺🇸👊,2
@user damn that headgear is lit sucks im not on pc ubi plz for console to,2
@user A black  hobag,2
@user He can go to hell,2
@user @user @user please get OFF first take! You yell wayy too much and you seem like you are being a asshole. When you are on set I litterly can't hear anything but screaming. Its obvious @user dont like you and @user and @user was like dude stfu!!,2
@user Good move....he is the big loser,2
@user @user Well he's a liberal so that explains it. Who knows the shooter may be a liberal as far as he knows. Liberals are very hateful violent people and must be defeated!,2
@user This MAGA would spend more than you &amp; your homies together....Now stop ya whining...,2
@user @user @user @user @user @user @user @user @user @user @user Yea cuz mushroom penis syndrome is definitely an impeachable offense 😂 #MAGA,2
@user That's it throw race into it again. Did you forget what happened to all the WHITE WOMEN who accused Bill Clinton of sexual allegations. The Liberal Democrats rallied around him. Liberals are the most disgusting disgraceful human beings that God created,2
@user @user @user @user @user @user @user Especially since you are a fascist nazi as I can tell by your profile you people are pathetic shame on you !,2
@user I was definitely drunk as shit,2
@user @user @user they are bullshit stats. but say isn't london the murder capital of europe now? that gun control working right? germany having some SERIOUS crime problems. maybe u should take care of business at home be4 u start tweeting about the US,2
@user @user @user @user @user Sadly given the hypocritical and unethical behaviour of Liberals/Democrats these days I view any claims or allegations made by them with a huge degree of scepticism.,2
@user Great Gun Control! Takes Concentration and Steady Hand! Way to Go Girl!,2
"@user @user When I turned the speech on it sounded to me like Liberals becoming another nasty party"""" with his personal attacks on various individuals.""""",2
@user The epitome of class. A big fat class.,2
@user @user So I'm not sure she is a woman for one mostly men throw out insults like that to each other or mean ugly feminist cat women with penis envy,2
@user It is all about bs ☝Think there any more idiot tham the liberals.,2
@user @user If I ever met this woman I can guarantee you I would want to just slap the shit out of her.  She is a total disgrace !!  Dumber than a box of rocks,2
@user I have irresponsible sex but I at least know my partners.  (Benefits or being snipped),2
@user Then I'm as crazy as you are cause I believe the same outcome will happen this Sunday 49ers 27 KC 17 Niners baby👍👊,2
@user hmm i'd do something like getting really high quality artists to draw really boring cars like a fucking 2002 grand prix or something,2
"@user I'll bow out of this one.  I was gonna reply, but no matter how I worded it, it sounded liketake the camera and shove it up your ass"""" lol""""",2
@user @user We do! That’s why Donald Trump is in office! All the Democrats and a good portion of Republicans are the shadow  government! You are complicit in this! You are a Globalist ( international communist)!,2
@user @user You really have to let it go. He's going to get confirmed.  You can continue to kill babies  and gun violence will continue despite gun control.,2
@user And again you are proving... your a dog!,2
@user i feel like his face will never change. he is right in the middle of our mom and his dad.,2
@user White liberals really hate themselves. #TDS,2
@user And niggas still gonna complain about geno ffs,2
@user @user @user @user @user @user @user @user @user @user @user @user @user @user @user @user @user Followed most patriots already and got the rest appreciate a follow back #MAGA 👍,2
@user He is. Lol 😂🙄,2
@user She mocked SJWs and the KKK with extremely clever satire. The fact you don’t have a sense of humor or are too stupid to get it is our fault. None of that means you get to denigrate or lie about her or her motives. She is a Native American woman and you are a bigoted misogynist.,2
@user Come on Texans! This man can not replace @user  EVER! #MAGA2018,2
@user Holy shit which sears?,2
@user She should be fired and arrested. Clearly she is using drugs on the job.,2
@user those students not traumatised by having live shooter drills or distracted by fear of being killed at school are already doing their best. Send YOUR kid to one of those schools and we might get some action on gun control. Hypocrite.,2
@user @user I’m sure this pope is on a first name basis with Satan himself. What a disgrace to the papacy,2
@user Demon-craps just can't get over the fact that they are not in charge....They're delusional to think something that will effect the country in such a profound way will just be bargained away....American's have Dreams that come first over Illegals.,2
@user @user @user just vote yes we all know you found out she is a fraud.,2
@user Another typical liberal who espouses  gun control but uses hate and bullying.,2
@user Northern Ireland was explicitly designed so the British establishment could stop paying attention to Ireland. They’ve been indifferent since 1921.,2
#fordnation #onpoli #Conservatives #Conservative #onpc  Just because you can doesn't mean you should. Great power comes with great responsibility. By invoking art. 33 and overriding our judicial processes you're overriding our democracy.,2
@user Be ready!! Be prepared!! Because the trump administration isn’t going to do shit if you get hit!! Well.. if it’s a white county you’re good.. lookout Randolph county!! Hide yo kids!! Hide yo wives!!,2
@user @user It’s unwatchable. I am careful surfing around @user to make sure I NEVER stop even by accident on that bloody awful channel!,2
@user Conservatives; the trailer trash party of Canada.,2
@user @user @user Honestly you people are seriously delusional! It’s a good thing the majority of fans in Ottawa are Educated! Because ppl like you are scary!,2
@user @user @user Oh and higher unemployment and witch hunts and lynch mobs and antifa communist parades ...you can have all that shit and let Hollywood decide how you feel.,2
"2) In a weird way the debate about Section 33 reminds me of the gun control debate in the US. They have laws that allow people to own guns designed to kill people yet are shocked when guns are used to kill people. We assumed they would restrain themselves.""""""""",2
@user Chicago already has the toughest gun control laws in the country. Democrats want to disarm law abiding citizens but criminals will always have guns.,2
@user @user Is he crazy? Where is SS detail.. How are they making sure some crazy liberal with a gun doesn't show up?,2
@user @user I seriously believe he is evil..,2
@user Good shit! Kaepernick is a great model for young kids who play football to stand up for what they believe in,2
@user If you want to #MAGA:  1. Stop Intellectual Property theft by China. 2. Pivot away from China and give business to other Asia countries. 3. Ask US business to move to other countries 4. Tax reciprocally 5. Make Xi look weak!  Demolish South China Sea. Xi is a crook!  @user,2
@user @user @user Are you aware that Hillary Clinton said she was going to use Nuclear weapons against Russia. That was after she sold the 20% of our weapons fuel. She is a complete idiot.,2
@user om ah BITCH lol i love you domo 💖,2
@user Anarchist Nefarious Treason Invading Free America = ANTIFA.,2
@user @user @user You do scare all Americans with ur fake democratic platform. It’s mainly ur corrupt GOP ethics that are the problem. GOP is ok with supporting pedofiles treason &amp; voter suppression. Dems actually want improved health care for all sensible gun control &amp; to help the little guy,2
@user @user Give him a shot chris. Han is a nasty H3 player :) and he is my bb,2
"@user @user Daniels said her job does not reflect her character, really. She is a cheap, sleezy porn lap dancer. The is no high road"""" to take in that type of job""""",2
@user Omg that’s fucking crazy.,2
@user Got to be about the dumbest thing ever.,2
@user @user False.  Your intrusion on the constitutional rights of honest Americans did NOTHING to curb violent crime.  Gun control = violence against the law-abiding citizen.,2
"2) I am absolutely furious with my fellow conservatives when they say, This sounds credible,"""" or, """"If it's true..."""" Do you guys have short-term memory that only goes back 90 days?""""",2
"@user @user Communists: Liberals get the bullet, too.""""  Me: """"Wow f*ck you!""""  Communists: """"You are excluding instead of unifying.""""""""",2
Just imagine the tyranny we’d be living under had these leftwing tryants waging war on us and our duly elected president and the American Republic itself gained tyrannical control of the US Supreme Court the neocon’s #NeverTrump crew was trying to deliver to them?  #MAGA 🇺🇸,2
@user Disgraceful.  He is innocent until proven guilty.  Which will not happen because she is lying.,2
#QAnon @user #MAGA   For those who think nothing is happening!,2
@user vs Antifa. I know who my money’s on. But seriously this is such a stupid thing to do.,2
@user @user This is a big deal. Hatch has to be embarrassed. Oh yeah he is senile and can't find the bathroom by himself.,2
@user Frenkenstien needs to pay every dime back..she has stolen from the American people. She is a disgrace to the Senate and the people.,2
@user @user @user She?  To whom are you referring to?  Hillary?  You know what is tiresome?  Bernie supporters bashing Hillary Clinton.  She is an actual Democrat who raises money for the Democratic Party and doesn’t bash them.  She has a positive message.  So who is dividing the left?,2
@user This information is out there and should be fully investigated and considered before he gets a life time High Court appointment.   Conservatives refused to even give Obama’s person a hearing so please stop acting like they play above board while everyone else goes low.,2
@user You are so right on this issue and Democrats have been lying to the American people for to long lately it seems like there all going crazy in the head lol,2
@user IM GOING HARDCORE BITCH,2
@user Krazee right wingers have the nerve to bitch about Antifa.,2
@user Antifa thugs remind me of orcs if they are stupid enough to try and take someones firearm i wouldn't be surprised if its an orc who is thrown in a dumpster,2
@user Nigga we’re going next week,2
Democrat can't even compete w @user #MAGA,2
@user i fully cant remember hes just always gettimg himself into shit like he never stops causing government based chaos i wish he would calm down,2
@user *he closes his eyes so she won’t notice how groggy he is.*,2
@user @user She either testifies or shuts up.She is either a fraud or a false memory person.When you have been raped you never forget it ever.,2
@user What if the rape never happened and she is lying? Why is her word gospel? Many women are gold diggers avengers and liars.,2
@user I hope it shows how to plug a bullet hole? People are getting fed up with mommy warriors and bad things are going to happen to Antifa soon if they are not reigned in,2
@user because im a broke ass bitxh :(((( and LOL EVEB BETTER she runs in her sleep so like while she’s lying down she just rUNS like feet going usain bolt xD and i get kicked a lot 🤙🏻,2
@user Am Eye See Kay He Why Am Oh You Ass He,2
But does he schmooze with Communist #Putin in Helsinki like your daddy?   . @user @user @user #MAGA @user @user @user @user,2
@user @user @user @user @user That isn’t a bill about LGBT sex workers it’s a bill on sex workers in general.Harris has a very good record as attested by LGBT orgs.I mean if we are playing that game you could argue that Bernie votes on gun control has impacted the lives of black people in Chicago negatively.,2
@user She is a nut case,2
@user Just another reason she is vile,2
@user i’m weak 😂😂.. Shit must have been really painful ..,2
@user @user He needs to be removed from his position. Children have and are being abused and he is covering it up!!,2
@user Lol did you just do the trump very fine people on both sides? Antifa punches Nazis. Don’t want to be punched? Don’t be nazis oh whaooaaaaa so crazy. OTOH Nazis are literally murdering folks and trying to bomb shit soooo yeah. You’re just a right wing dupe. Sorry that’s the case.,2
@user @user @user @user Mob death threats?  Has Antifa turned on her?  Maxine Waters?,2
@user Damn is she ugly!!!!,2
. @user ALL I HAVE TO SAY IS I #TasteTheBARBIERAINBOW &amp;  facial expressions were everything I see you 👀 #ROMAN THIS VIDEO WAS #LEGENDARY YOU ARE A FUCKING #ICON #BarbieDreamsVIDEO,2
@user ...wondering what shit on our east coast causing God to send Florence to punish them...? A good guess would be the neo-faux Christian followers of trump..!,2
@user I wonder if they are sex traffic victims?,2
@user @user @user Here your proof!  Our African 🇺🇸 friends don't get free college.  The Demoncratic are putting illegals over 🇺🇸 ppl. These Antifa Ninja Turtles running around acting like jihadist and never lived a real life experience. Most of these Antifa colleges kids are White privileged,2
