text,label
And Buck and all of the other right-wing extremists have killed a once-respectable Republican party.,5
"I believe this ALCOHOLIC has had plenty of chances.  He has exceeded the cats 9 lives term.   I believe he should NEVER be allowed to drive again or own any vehicles EVER.   

Why do you think he moved here from the state of Washington?   Because he is aware of LAME County's catch  and release mentality.  

Let him DIE in prison BEFORE he KILLS someone................",5
"The vast majority of counter protestors were peaceful.  There were some antifa protestors who were prepared to fight

All of the nazis were hoping for violence - that's their creed that they will help Trump ""take America back"".

Notice it's the peaceful protestors who were the ones killed by the nazi hero in his dodge challenger.",5
"The writer is a Tim Tredwell wannabe.  Just not quite as stupid.  Facts are is that most common people are scared pooless of bears and do not want them in and around Anchorage.  We don't care if only one person was mauled by a bear.  It will change your life, if you live, for the negative of that I can assure you. I would not give the entire population of woods pigs (bears are related to pigs) for 1 human mauled or killed.  Why not hang up posters of the scars for life that mauled people have experienced at all the trail heads.  Never happen!  This is very much in the liberal tradition!",5
"We had decades to protect our grid and harden our infrastructure for an EMP attack, and no one in power did anything other than insure their own survival. The sad fact is this....Our globalist leaders want the majority of people to die so they can re-emerge at some future date on a planet devoid of most people. They want us dead!!! That is the reality....",5
"The city was never ""financially stable"" with you at the helm, Dan, and I see you're as delusional out of office as in.

But hey, nice to see you lowering yourself into the mud with us comment pigs 👍🏻",5
"what is sick and delusional are nut jobs like you , if people like teachers had guns perhaps they could of stopped that sandy hook before it started you ignorant idiot,, you are the totaly sick delusional idiot",5
"Trump is a super dumb ass mental case who will get all of us on this planet killed, or do it himself. Please white folks, come to your senses and choose another Great White Hope. We (brown and black folks) mean ya'lls no harm",5
"Putin's thugs murdered Nemtsov. The 5 Chechens hoisted up for trial were nothing but Putin's patsies. Hang the real criminal, the one in the Kremlin.",5
"Trump said from his guts 'blames on both sides'. 'This has been going on for a long time.' Trump does not know how to lie in public, yet. But he will learn soon enough, just like all other politicians in the U.S. 

Trump got hit like he is the many great enemies of U.S. around the world with his 'truth'. American never want the truth. The truth is racism, white supremacist have been the foundation of America. And still is to a large degree. Why do you think the U.S. killed more Asians after WW2 than it did before? Or during the war when killing the 'Japs' was official state command. 

American white supremacism have aligned themselves with the black slave traders of the British empire in the 19th century. After the slave trade ended they aligned with themselves, created an uniquely American white racism. KKK and others. After WW2 they aligned themselves also with Neo-Nazi. The Nazi, of course, have exterminated Jew, Gipsys, Slav because they were inferior. This thing's been around.",5
"Domestic squabbles? 

That terrorist killed an American medic and took the eye out of another soldier. Then Sunnyways pays the murderer 10 million dollars and apologizes. Then he tried to hide it but it was leaked.

I am glad the Americans know about this, they should as it concerns them. Domestic squabbles indeed, how stupid does this guy think we are.",5
"NRA didn't kill anyone, and they don't run the country. WTF are you talking about.",5
"It is very sad but these events are not really rare.  black bears are more prone to predatory attacks on humans not just in Alaska but in Canada also etc.  They have a more predatory instinct, I have lived among brown bears a long time here in Alaska and never witnessed what I have seen in blacks.  They are distinctly different.  A brown will attack and maul out of defense.  A black will attack, kill and eat you just because it wants too.  Every bear cannot be predicted in behavior and you can't exactly catagorize them all the same either, they all have different personalities the same as humans.  Killing four just to get one was a little much but I guess considering the terrain they felt they had no choice but I can also imagine how stupid they felt each time they realized they had the wrong one.",5
"It may have begun as a slur, but I think the Obama administration just ignored the Republican trolls and owned it.",5
"It is idiotic to keep saying ""no proof,"" when promoters refuse to go read over 1200 scientific studies cited above. It is like fake news.

We don't need half a book protecting the big money fluoride disaster.
Instead of posting half a book, just allow each person to have control of any drug they ingest. 
We all deserve freedom of choice for any drug.",5
"The president is, of course being chastised for not saying this was ""Islamist"" terrorism.  There is no doubt  that this deranged killer THOUGHT he was acting in the name of Islam and even gave credit to Isis.

What do actual American Muslims  leaders  have to say about the shooting?
""The head of the Council on American-Islamic Relations urged politicians not to ""score points"" or ""exploit fear"" in the aftermath of the attack. Nihad Awad said: 'This is the time for unity and faith.""
""Homophobia, transphobia, Islamaphobia are interconnected systems""
In a direct message to IS, who have said they are behind the attack, Mr Awad said: ""How would you stand before God and answer to your crimes against thousands of innocent people?
""You do not speak for us. You do not represent us. You are an aberration.""
(of course, the Muslim-bashers will turn this in to an excuse to attack CAIR)",5
"WOW you really are an idiot THAT ONLY APPLIES IF HE ATTACKED SOME ONE HERE, they blew up the house he was is, he was wounded and unconscious !!!!! he was no threat!!!!
The American was killed by grenade, likely by an other wounded man when he came close(No Geneva) with freedom fighters in there own country, they wanted a scapegoat and he was still alive. That was his only CRIME!!. I dislike his Family as well they should charged with Radicalism and deported! That said he came here as at 10 he was a minor and be kicked out for things done outside of Canada!",5
"I'm not close to antisocial, dirtbag thugs. People I know tend to die of natural causes.",5
"Shoot my dog if he is charging you with teeth bared ! The home owner is 100% wrong blaming Mr. Mellerstig for shooting his dog when he charged at him with teeth bared. Mr. Brailey is negligent having an invisible fence- which is INVISIBLE to someone walking by- all they see is the threat of a charging snarling dog. His body was half outside the property line so that tells you it did NOT stop him. I have 2 huge black dogs inside a fence with 6 ft. gates. They will bark and run the fence to let you know they are standing their ground. If one were to get out and charge at you barking I would not blame you if you shot him. If you had a child with you, I would be remorseful that my dog caused you to fear for your child. To the people that get so bent out of shape over a dog being shot- what would you do if a MOOSE were charging you and your child with his head down, ears back- no doubt what his attempt was-to mow you down and stomp you. You would shoot him...would you not ?",5
"first you lying scum spew the sky is falling on carbon, but thats not getting you anywhere really since temps are stable and people are waking up to the scam so now its move on to something next to screw us on",5
"Lot of right wingers who want to portray themselves as victims - even when a right wing white supremist murders someone.  There isn't one apologist for Trump and his lame ""lots of sides to blame"" who has a case to being the attacked in all this.",5
"Charles, my comment was styled after Vic 321's inane comment directly above. Yes, Philando Castile got shot and killed by a coward hiding behind a badge.",5
"I suggested a long time ago to sleep with one eye open when Wohlforth surrenders his version of the facts. He gave up on Clem Tillion some time ago and Rogoff nearly died trying to get Tillion to change his mind.
But curiosity stokes the fire. We know Rogoff has an eye on the 54 billion dollar Permanent Fund, but what's to make of the desperate Wohlforth? Is he really that hellbent on funding a bloated government or is he just plain stupid? Perhaps both....",5
"God don't make mistakes/homosexual lobby/UN/(Common Core?!)  blah blah blah. This is the fundie line right off the shelf. Paging Fr. Spadaro.

Gays are born ""that way"" and homosexuality isn't a ""mistake."" Get real.",5
"Mitchell Andrew: If I was ever accused of running someone over in an attempt to kill them...I would want you on the jury. However, I would not like to be standing in a roadway while you were behind the wheel of a vehicle and simply ""attempting to escape.""",5
"Another nonsense, childish comment from ole hottubjoe.

Apparently the thin skinned Civil posters didn't like my first reply to anti gun Joe yesterday where I called his comments ""disgustingly stupid"". 
   
Ignorance is bliss, huh Joe?",5
I could careless about what the fakeass state or city governments thinks about the most stupidest ideas that you people come up with is pitiful small minded and to dam much instead you assholes fix the problems that we have at hand no you dummy's keep adding more projects online then you assholes can finish official are a bunch of incompetent people costing taxpayers money unnecessarily spending we already had railroad tracks going around the islands and that money that you dummy's spent already you could have put tracks on all the islands and buy new trains for half of what you stupid people did how much more dumbasses are you people put to take care of our affairs not mine to many greedy and corrupted officials sitting in office making decision base on what and where the hand outs is going to be lining there pockets I don't like politicians they are so full of shit all they think of is themselves no one else so the rail is dead and it has been from the beginning wake the hell up,5
"Troopers won't release the dog's name due to identifying the handler, the officers involved but ADN did. I am more interested in the names of the people in the vehicle with this felon. Chances are they are felons or criminals just like this guy. They shouldn't hang out with felons if they don't want their names published. Criminals and their friends don't deserve privacy. 

Helo needs to be replaced. K9 officers save lives. They perform a valuable service and criminals are more afraid of a dog bite than a cop shooting stop. Nobody likes a dog bite. Condolences to the family of Helo. 

Abarca is a loser and he will most likely always be a loser. He doesn't deserve parole or more chances. He had every intent to kill as many officers as possible, he failed to be a cop killer because he missed the people and hit the dog instead. He IS a cop killer. Just a crappy shot.",5
"""Can you say illegal alien or radical islam?""
I never use the feel-good term ""undocumented immigrant"" and I'm as willing to say ""radical Islam"" in the same breath as ""radical Christianity"" like with the shooter at the Planned Parenthood clinic in Colorado Springs.
Will you join me with that?",5
"I have several outdoorsman buddies who have sent their nice girls to UC Berkeley. 
Those girls have returned on holidays quite a bit bigger, hairy-legged, and awfully angry at papa.
Anger on the left, anger on the right, anger everywhere.
You want to tell people ""buck up, you look well-fed"" but it's passing time for reason.
Sometimes I think President Obama was right: ""change is going to come""
What I think he was either ignorant or deceitful about is that it will only come out of the barrel of a gun.",5
">> But they didn't kill the Jews by the thousands or millions

They didn't? What kind of ""Hindustan"" math are you using?",5
"This Muslim says ""WTG El-Papa.""  Wholeheartedly agree.  Heard her speak one time in which she said, ""You girls, please don't kill your babies--give them to me.""  Wept until my beard was met because it was clear to me and everyone present that she meant every word she said.  I won't pray to her, as I only pray to God, but I certainly have no problem revering her as a saint.  A MUCH better choice than some of the Church's earlier picks.",5
"Let me just make sure I understand you:

A ""fetus"" becomes a person when it is born----because----""it"" is able to survive on ""its"" own? 

So--from your view we become people when we can survive on our own?

What about all the people on a coma--and being supported by life support. They can't survive on their own--so are they not people subject to rights?  Do we get to kill them from your view?",5
My greatest fear is what will all the social workers do when all their junkie clients are dead?,5
Sad to say that some might make it back. Maybe put them in a sleeping bag full of rocks and drop them in the Yukon. Killing people buy supplying drugs is worse than shooting them. They can talk prevention and response all they want but what's wrong with stopping the providers?,5
"That is laughable logic!
Anyone who owns a gun is a gun owner. That is simply how language works.
Law enforcement officers don't own their guns, the department does. 
I love this new talking point from the ammosexuals. ""Someone who owns a gun isn't a gun owner!"" My goodness, that is silly.",5
"As a US citizen, I can tell you, the trumps are no farce. It's a real tragedy for us and the world. I hope I live long enough to see them all die. They are a disgrace to civilized people.",5
"Sympathy for a convicted terrorists and murderer is rooted in a contemptible moral cowardice. Have you no shame, sir? Khadr fought against Canada and our Allies and is an unrepentant traitor. Losing sleep over lost sleep, have some self-respect.",5
"""Even a child can see…"" That's a sick defense for the Assad regime, which has specialized in the torture and wholesale murder of children.",5
"And J Trudeau our PM cheers the export of deeply discounted Canada OIl and export of Canadian Jobs to the US. He is either stupid or paying off, building future payoffs with his big oil US soon to be buddies.",5
"What is so ""abysmally stupid"" is your attempt to use a definition of a term created by gun control activists as though it were an accepted term and definition.  You realize, of course, that when the police shoot 2 or more criminals in an attempt to provide safety and security for the populace, or a homeowner shoots two or more invaders of their home, that the definition you are using for ""mass shootings"" has been satisfied, yes?  Intentional distortion of the facts to bolster a political argument is, indeed, an ""abysmally stupid"" tactic/",5
Are you talking about that white guy who ran over people and killed a woman with his car? The one that the Chump doesn't know is a terrorist? Why don't you do him a favor and send him your dictionary.,5
"Terrible article. The columnist and the quoted author could have done with more research examine different angles and viewpoints. The reality is it takes two to tango, have casual sex, and get nowhere close to long term relationships and marriage. There is no purpose to marriage and it introduces massive risk and cost to a wealthy individual. Also what an idiotic stat to use on university graduates. Whose going to make more, the gender studies moron whining about patriarchy or the electrician? What's the entrepreneurial breakdown between men and women? STEM, etc?",5
"That is simply incorrect. The notion that violence against homosexuals should not be surprising is based on the fact that SOME PEOPLE will believe that it is deserving. Yes, such beliefs in THOSE PEOPLE are despicable, but you extend your ire to those who would simply acknowledge that these people exist!
We have seen police officers tried for killing minority citizens. The local mayor may warn the community that rioting and looting might ensue when the verdict is announced. If the officer is acquitted and rioting and looting do occur, do you believe that the mayor has endorsed it and he/she would cheer it as appropriate?  Your logic above suggests that you would find that mayor to be despicable!",5
"Throw this lady , and millions like her out of our country . Men , women , and children here illegally need to be rounded up and thrown out .  Sympathy photos like this mean nothing.  Bank robbers and murderers can pose with they're families too---it doesn't change the fact that they broke the law.",5
"The Holy Spirit moves through that God given intelligence.  Apostles are not just the the Twelve, but every witness to the resurrection.  When the last of these died, Pastors inherited their role of witnessing the resurrection of Christ.  As for natural law, it is the province of everyone who uses reason.  It does not depend on authority, indeed when authority is used to overrule the results of reason, it is only because it has lost the argument.  

In pre-Vatican II days, there was a large infrastructure of censorship to keep all teaching in line, with scholars required to seek Imprimater and Nihil Obstat from their local ordinaries and the Holy Office overseeing it all and the Index used to condemn anyone who resisted. Vatican II and the papal decrees implementing it destroyed most of this nonsense.  Now condemnation by CDF is a badge of honor and a way to sell more books.",5
"I work at fred meyers currently at this exact location. I have had one interaction with Henry Johnson and he is every bit of an asshole that this article makes it out to be. They will write you up, and fire you for ANY perceived slight. Some of the other managers are just down right liars and will back stab you and write you up on your day off. They say they are a company about employee culture and family  but its all a lie. They dont even pay a living wage. If you can pass a mouth swab drug test (easiest one) and you like being treated like shit for shit pay, fred meyers is the place for you. Nothing fabulous about working their either.",5
Crappy column.  Doesn't track. Reads like someone forgot they had a deadline that afternoon. Lazy arrogance all to typical of academe today.,5
"Yeah, a Walmart full of shoppers pulling their sidearms to shoot the person with a sidearm.
btw racoon you used the word/term ""Jamish"" recently.
What is a ""Jamish""?",5
"To die doing what you love is fine if you have no family, no friends, no debt and no responsibilities.  If you have any of those things in your life then your attitude of tempting fate is way more than just fun, it is arrogant and selfish!  Accidents happen, but to play Russian Roulette intentionally, without regard to the aftermath, is in my opinion pretty stupid and selfish.",5
"Pause  to reconsider your hyperbole, even withdraw it on the basis of abject silliness.  Consider how infantile your assertion is in the face of hundreds of thousands of Afghans having fled their country, then living as refugees in places like Pakistan, India and even Canada. Consider also the horror faced by many of them as they are forced back to Afghanistan by the Pakistani gov't this past year. Torture, rape, murder and starvation awaits them. https://www.hrw.org/news/2017/02/13/pakistan-mass-forced-returns-afghan-refugees

Your reckless suspension of logic and reason is like salt in the wounds of these brutalized people. Fool.",5
"What improvements would make it safer?  It is a largely straight road, with some potholes.  If you resurfaced the entire span then drivers would only increase their speed.  People killed on this deadly section have been victims of speeding, illegal or stupid attempts at passing, falling asleep at the wheel, DUI, texting, and impacts with deer.  Resurfacing the road would prevent none of these. Expanding to four lanes into wetlands would be an engineering nightmare and not eliminate the aforementioned problems.  Slow down, pay attention and be patient.  That will make this section of road safer.",5
"10 years ago or so I had given up on Hockey Night in Canada because it didn't matter what important things were happening, the cbc was going to ""bless"" all of Canada by shoving the laffs down our throat. So, like many I just stopped watching. Except, 45 minutes after the puck dropped I would religiously turn on coaches corner. It was both entertaining and often profound. 

These days, I'm glued to the screen on Saturday nights as thankfully the control of who sees which games has been yanked from cbc.  Now, as often as not I don't bother with coaches corner as there is never anything worth listening to. The saddest thing in the world are old fools who don't know when to quit. Dollars to doughnuts if cops were shooting old drunk Irishmen with poofy last names for sport cherry would be on his knee but fast.

Save what little is left of your dignity and retire Don and please take bob cole with you. The minimum we should expect is an announcer who can remember the players names.",5
Uhhh this is about some diaperhead crazy but hey if you think its about trump carry on soldier.,5
"Willful ignorance.  Their need to be right, or anti-establishment, prevails over logic and reason.",5
"The thought of Clinton as president makes me retch. Its ironic that a country that touts itself as the richest, most powerful, best place to live has offered us a lying, thieving, crooked bitch and a narcissistic, greedy, erratic (albeit successful) businessman to select from for the position of ""Commander and Chief"" of the free world. You'd think we could do better. The pivotal factor likely will be who they select for VP. If I were Clinton I'd select Sanders. If I were Trump it'd be Neut who was (is)generally a highly respected, politically savvy leader who will ostensibly add stability to an otherwise unstable candidate.",5
"Not a chip on my shoulder, Richard, that's what happened.  AND IF ALL LIFE MATTERS THOSE PAMPERED WHITE KIDS WHO KILLED NATIVE FOLKS WOULD BE IN JAIL.  BUT THEY'RE NOT.  So I guess ""all life DOESN'T matter"" inside Alaskan courtrooms, only WHITE lives.  Next!",5
What makes you think we got rid of this POS?  Sentenced for thirty years?  Bwa-ha-ha-ha!  He'll likely be out in 10 and ready to kill again!,5
"Whine ,whine, whine. She is black so there is something wrong with white people. She needs to answer for her own culture . The raping and murdering of women and children in Africa is part of the writers DNA and her culture . It is black people who need to correct themselves.",5
"Got your tinfoil hat on agin. 
Yes running from one histeria to the next has become a full time job   for the left .  
Trump has exposed the establishment for the frauds we all new they were. He owns the Supreme Courts , The Senate , The House and holds the Presidency - there will be NO impeachment that will pass the smell test let alone the hurdles it will need to jump.  
Wake up, you sound foolish !!!",5
"You are so wrong. What you didn't learn about Alaskan Natives is that many of our ancestors DIED because of the invasion of western civilization. This is what the government didn't want to teach you in schools. There were slaves, there were people held captive, there were diseases, the government took away their culture, their lifestyle, everything. You are so ignorant, it's sad to see people not know anything about the real Alaskan Native History. Now we have people like you.",5
"That was my point. It shot right over your head, which clearly is all a-bubble. 

Not very hard for libs at all. Harvey has got the heave-ho big time; no deader meat. Bur Mr Turnip went right to he WH. I saw Ronan Farrow on the the NewsHour last night, BTW, talking at length about developing the story.",5
"Spot on Cadmus...first the Feds crammed Obamacare down our throats and we're still finding out new ways it's screwing us, now our State government is jumping on the bandwagon!",5
"Despite the fact that Trump is a ""useful idiot"" for the Russians, he is unlikely to be removed from office even if found to be conspiring with the Russians because he is also a useful idiot for the GOP establishment.  With few exceptions like McCain and Graham, today's GOP places more importance upon party politics than the best interests of the United States.",5
"Judging by the march in San Diego, it looked like the same audience that shows up to the usual feminist/LBGQT/black lives matter protests.  If you want to be taken seriously, probably best advisable to not wear a vagina costume.",5
"Only one killer, one too many - a ""very white"" Québécois, racist, misogynistic and intolerant, born in Quebec. The young Mohamed El Khadir has NOTHING to do with the killing of 6 innocent persons. Violence is simply inexcusable. 
My best thoughts are with the grieving Muslim families. 
Regards.",5
"Can we ever knock down the walls of the wealthy ghetto?
Yes. Line them up against a wall and shoot them in the back ofthe head. It's what all communists like you really want. Admit it: it worked in 1917 and in 1949, so it can work here in Canada. Viva La Revolucion.",5
"We have a people problem, not a gun problem.  Folks more interested in consumption than their fellow human beings.  Explains why a good portion of the population is on anti-depressants due to the lie that consumption makes one happy.  Blaming the gun does not solve the problem.

After every tragedy we look to the idiots in Congress to save us, they pass unconstitutionally pass a law, take away our liberty, and everyone feels better and nothing gets solved.  Rinse and repeat.",5
"Kiszla and his fascination with trying to kill the Nugs over this signing is comical.  This is a great move for the Nuggets and a great contract to not give him 4 years at the full max AND get a team option for the third year.  His points about Gallo are ridiculous, essentially they traded Gallo for Millsap and a draft pick which all 30 NBA teams do 100 times out of 100 and stayed under the tax to do it (which is WHY they only wanted a pick for Gallo).  Read any article from a national writer who covers the NBA exclusively and actually understands basketball and they are all praising this signing.  Finally, if he can't understand the difference between the Millsap contract/Nuggets situation and the Durant contract with Golden State, then there's no point in ever reading his nonsense again.",5
"hey loser the gun laws are not a failure , this is the typical left wing stupidity spewed here so much, if anything the mental health system failed",5
"Yeah, great system. Nearly killed a few hundred people but no pressure on that whole CVR thing. Heck, probably not another one like it in the world anyway, especially with it's highly advanced 2 hours of voice capacity. On this basis the only time a CVR will be accessed is whenever they DO kill everyone and the airline won't be needing it again for another flight in the morning.",5
"Clearly, ISIS has nothing on angry, white gunmericans.",5
"I called the murderer an ape.  That has nothing to do with race, and I will make no assumptions about the race of the murderer because it makes no difference.  I called the murder a gang hit because that's the way I see it.  Come on, are you defending a person who shoots another human in the head with a gun in broad daylight, on a Eugene street?  You're mad because I called that person an ape?  I think your perspective is sick, defending a person like that.",5
I am blaming this government for paying him out and rushing it aa well.  Point is and it is simple...he and his family are terrorists.  We gave him 10.5 million.  If our courts our constitution and our leaders made paying a terrorist 10.5 million possible it all must change.  Could care less about his age the UN nothing.  Scum who killed an allie and blinded an allie....got 10.5 million and an apology from a liberal.  For the record the Albertan. Aka excluded tax paying Canadian does not offee an apology to the scumbag and hoped he meets ala soon!,5
"Kinda hard to shoot someone in the face without a gun, isn't it?",5
"Right on Senator,  with exception to Lisa,  our republican leaders have no honor, just suppression of our freedoms and beliefs.   The day will come when these citizens realize who the real trash bags are,  How many times do we have to refight old battles.  Nobody will respect the US.   Let Trump pickup the dead infants lining the shores,  the guy is a monster right out of Dante's Inferno.",5
"So Khadr is owed money for spending a few years at club Fed while the widow of the man he MURDERED should suck it up, she is owed nothing? Troll",5
"Muslims have killed over 1,200 people worldwide during this ramadan alone.  If it was intended as payback, they would need a lot more vans.

https://www.thereligionofpeace.com/",5
The white racists like Duke are the GOP base. The Republican establishment has been recruiting them for 50 years. All Trump has done is bring them out into the light of day.,5
You are an accident waiting to happen.  Hopefully you won't end up killing someone on the Seward Hwy with that attitude.,5
Maybe more a sign of dead wood being cast aside.  Look for more heads to roll.,5
"And cranky old white men won't get any respect until they acknowledge their deep seated racism, act as if they really cared about the issue, and help to stop the killing of unarmed black men.",5
"Your proof that Christians are murdering in the name of their God is Robert Lewis Dear?

The delusional whackadoodle declared mentally unfit to stand trial? The crazy (literal crazy) dude who believes the FBI cuts holes in his clothes and leaves feathers in his apartment?

That's your ""Christian?""

Nice.",5
"Ironically some people go nuts over an inanimate object instead of over senseless murders and rapes. Rapes that occur every day by those who abuse their power. Some by women. Some by men who outmass and outpower us.

Yet they are ""offended"" when we use guns to protect and defend ourselves with guns so that we are not raped. In some cases so that we are not raped again.",5
"For those who think they are white as snow and without blemish I must repeat this truth: From Lisa Bloom. Lisa Bloom is a Legal analyst for NBC News and Avvo, attorney and bestselling author.

""In our nation’s history, so many of the sickest most appalling crimes have been committed by whites. Yet no matter how sadistic the crime, no matter how young the victims, no matter how much fear is engendered in a community, no matter how much media attention and public discussion the crimes of whites engender, the race itself is never sullied."" 

Lisa Bloom also says white men are at the top of the list for gaining foreign visas to have sex with children. 85-percent in Latin America, she says.

Lisa Bloom also adds the most prolific serial killers in this country (America) are white men. And last, white women are known for killing their children.

People, this is not gossip and hearsay.",5
The is a waste of taxpayer money. And it shows that Republicans unfortunately are liars. The rich don't need these subsidies. We cannot have a smaller government if we waste money like this.,5
"""In 10 years as a patrol constable I can recall at least a dozen instances of false reports - where the 'victim' quickly recanted once the severity of their allegation was made clear...""

 - police officer clumsily attempts to use anecdotal evidence to disprove G&M story and in doing so admits to bullying sex assault survivors and proves that he/she was part of the problem.",5
I would rather see a death by a firing squad. Allow the family members of the murder victim's to be the shooters. Heroin addicts have a junkie mentality. When there are dope killing people they try to hunt it down.  Someone might commit a mass murder to get that ultimate last high.,5
"You are calling the widow of a man killed in action defending America a liar?
Why should I believe you? 

You support Trump who is a draft dodging coward, so you must not k ow what you are talking about, right?",5
Yes tRumpity dUmpity is a sexual predator.  Just ask his 3-4 wives and ask Melina why she refuses to move into the White House like all other former first ladies did.  Rumor has it that tRump informed Melina that Ivanka was going to be his First Lady.  Just ask Bill Maher about his tRump/Ivanka theory.,5
How else are you going to get votes for a party whose main goal is to reduce taxes on the top 1%.  Kind of hard to tell that voter you want to get rid of social supports and lower the minimum wage and still get them to vote Republican.  You convince them Obama really did take their guns and Hillary gave 20% of our uranium to Putin and they vote for your nonsense.  Now lets get back to Robert Mueller please.,5
"Trump is a classless buffoon with no leadership skills. 
He keeps dumping on soldiers and his clueless followers cheer him.",5
"If you think our P*ss*y Grabber in Chief is interested in preventing honor killings, I have some beach-front property in Montana you might want to buy.",5
"How about we send you back to school and learn some simple numbers. How many white people have given up their lives for you to enjoy what freedom you have left. Let's see we will need the casualty list from the Revolutionary War, The War of 1812, The Civil War, The Alamo, WW1, WW2, Vietnam War, and the Korean War. Now kindly add up all the white people from every war that died for you... How many??? 1 million, 20 million? 100 million? Damn sure more than a 1000 black lives supporters.",5
"their evil nature, sin nature allowed them to kill.",5
"Well I'm sure the robot population is happy.  Not only will they have kiosks in every fast-food joint, they'll have robots making the food too soon enough.
Just wait til kiosks catch on in the already dying retail stores. There's already self-checkout in the grocery stores and Wal-Marts. To the high-schoolers looking for jobs: good luck! No one is going to pay no-experience workers $15 an hour when they have a bunch of boomers not quite ready to retire with tons of experience.
So yeah, this is getting right if you're trying to kill low wage jobs.  It's laughable that anyone would think business will just eat these costs with a smile. Actually, I'm not even sure it's laughable anymore.  I think it's malicious intent. These people *want* to kill our jobs and economy.",5
Why shoot up a job that you only worked at for 4 months? Not that time at a job has anything to do with apples. Just saying he was a time bomb... Freaking loser!,5
A death of a person? The acts that ISIS commits against innocent women and children - sadists who rape and mutilate young girls after killing their families - these are not people - they are rabid dogs and should be dealt with accordingly.,5
"“sportsman-like”???? The guy goes up against a meat eating predator with a sharp stick and its not “sportsman-like” enough to suite YOU? You are a liar and a fraud James Dickey. You use “sportsman-like” conduct as a ruse to cover your Anti-Hunting bias. Look below at Roy Anthony, there you see honesty.",5
"A huge (damn, I can't even type that word with an orange blob floating before my eyes) part of the trumped up budget is anti-science. The toads hate science, hate critical thinking, hate evidence because it questions their 'beliefs.' Virginia, climate change is caused by anthropogenic factors...hundreds of year of releasing stored carbon. And while the apologists will point out that climate has always changed, what they miss is the rapidity of this change...it's killing species that are the keystone to whole ecosystems! But you are too blind to see and will slash budgets for those that do...your children and their children will hate your stupidity and the lost responsibility to open your eyes. But like the toad sitting under the board, you don't care...till it comes to get you.",5
"You mean like the 4,000 or so who were murdered by radical Muslims on 911? 
Who was president then? Oh, never mind!

And how come conservatives only care about mass shootings, when they are carried out by Muslims?",5
"How is Tiny Two Tone Trump with the Tufted Mane, a wee whining wanker, going to discuss anything but praise for himself, how the election is rigged against him, how the media is rigged against him, how that she devil Hillary is going to raise the dead to vote against him?   How will he have any time to discuss, uh, policy, what's that?",5
"Trump should tell this idiot that he has two choices:
1.  Talk with us and China about re-unification with the South Koreans, and about standing down on all sides for the good of us all.
Or
2.  THE NEXT MISSILES HE SHOOTS IN THE AIR WILL BE THE LAST ONE HE ever shoots.  

Are there any grassy knolls in NKorea?",5
"As long as there is a need, and I mean a real need (after smart cuts), pay no PFD before you come looking for more  tax money. It makes no sense for the state to pay residents with one hand then take it with the other.  Stop the PFD! And while you're at it...kill that stupid gas pipeline once and for all; it's nothing more than a further waste of money we don't have.",5
"Agreed: there's no equivalence. What is stopping the conservative Christians from practising their faith? What conservative Christians have been prevented from marrying, birthing 19 children, homeschooling, establishing their own schools, denying evolution and climate change, and creating fabulist ""museums"" about origins of the human species?

Utterly ridiculous.",5
"Why do racists always bring up ""black on black"" crime to excuse black people being killed by police?",5
I'm on his side! We have the highest pedophile rate in the nation! We should be trying them as murders (hey judge how would you like sex forced on you at I don't know 7 if your a guy probably in the bum!)  they kill the spirt of the child and change the soul!,5
"Ridiculous? When 'the Church' teaches about unrepented mortal sin, it is simultaneously indicating, obliquely, damnation for the offending soul, but it lacks the backbone to say this directly.

You believe that suicide is mortally sinful, that is, a damnatory act; you said as much in a previous comment. You are, therefore, declaring that anyone who dies, 'unrepentant', as a result of suicide is damned; but you, like your church, lack the courage to say this directly.

There is absolutely no mention of the word 'evil' in this part of the Catechism in relation to suicide. You, again, are choosing your own (preferred) teaching over and above the teaching of the church you claim to serve. Another instance of hypocrisy.

As for that quotation, it has nothing whatever to do with suicide; it is even from a different chapter of the Catechism.",5
"So now you call it sarcasm. I don't buy your attempt at a cheap out as you ""yawn"". You're a liar and there is NOTHING funny or sarcastic about murdering millions of Korean people with nuclear weapons. That is a very dark and disgusting comment.",5
"Republican party FILTHY w super fakey 'christians'.  They'll stab in you in the back for a buck, wave a flag, then kick you in the face ...",5
Cutting a throat is very stressless if a pray preceeding it. I saw it on YouTube from Syria and Iraq.,5
"Please - the ""transgender"" skeleton - They found the skeleton of a man who was buried with things traditionally found with women in their burial plots. All that means is that he was buried with women's things. He could have been gay, he could have been thought a coward and this was a final insult - there is no way to determine what he thought about himself. After all, as he was the dead guy, he wasn't the one who put that stuff in the plot with him!",5
"Mr Trump may be a buffoon but this constant drumbeat of negativism over everything associated  with him is getting boring. The old administration lost track of the needs and wishes of a huge part of the American population and is being booted out as a result. The new administration is going to try new ways to save and create jobs for their constituents. That will naturally offend those elites who liked running their own show in their own way ignoring the unsophisticated masses . But they had their chance and now someone else is getting a chance. Blindly shooting down everything proposed and every personality involved is rather naive and a highly presumptuous. And did I say: boring?

Read your own Report on Business where the need where we are constantly told that change and experimentation and creativity and empathy for customers and staff are brilliant things. So now all this is taboo? Mr Trump should just deliver the same old pap? Come on. Give me a break.",5
"...and that evil laugh.  She is an old bag, a crook, and they don't call her Killery for nothing.",5
"Remember, our PM has had only one real skill in his entire life - talking. Therefore, he should never disappoint in a speech.

Other than that, he brings absolutely nothing else to the table. He is the epitome of white privilege - unearned wealth, boyish good looks and unbridled access to anything or anyone based on his last name. If PET was not his father, he would still be sweeping snow off a chair lift for minimum wage.

This government will never be able to deliver anything of substance. We'll all be poorer at the end of the day but I'm sure many won't mind because they feel so warm and fuzzy in his glow. So Canadian",5
"No. We will not be co-opted by lick spittle, Putin boot-licking toadies.",5
"Where are the ""psychotic killers"" today who use the ""Christian"" ""faith community"" to justify their violence?   Where are Christians who throw gay people off of roofs, turn women into sexual slaves, stone people for adultery, blow up nightclubs, etc?   Where are they?",5
"Oh, okay, genius. Killed? You might be a moron. So anyone who has a drink or a beer a day or a few a week has an addiction?",5
"It's the only place to get 100LL north of the Brooks ,south of Deadhorse and east of the Haul Road. Hope she still can run the camp. Anyone who's watched any of these Alaska Realty shows more than 10 min.knows they're fake garbage. Mindless drama for suburbanites with empty heads and meaningless lives.",5
"Who's getting personal? So far you've called me ignorant and short-sighted. You can claim that you were referring to my arguments and not to me, but we both know that's a cop-out. 

Promoting an environment in which women and minorities are welcomed is encouraging. You are simply wrong to claim that it is patronizing. The system is stacked against people who are currently underrepresented, because people tend to hire others like themselves, as studies have also shown.  For example, see this. http://healthland.time.com/2012/12/10/so-much-for-qualifications-employers-hire-people-they-like/. Note this passage: ""Employers sought candidates who were not only competent but also culturally similar to themselves.""

Claiming that it is patronizing to help those in need is ridiculous. Otherwise, we would consider it patronizing to give a drink of water to someone dying of thirst.",5
"Can't we ship these misunderstood people to places where they can rob, shoot and kill to their hearts content? Like a deserted island where they can kill each other like the cannibals they are.",5
"Definitiong of ""bum"" is a dreg on life expecting others to provide for them. Unskilled  young people just starting and holding minimum wage jobs are ""workers"" not ""bums' you should learn comprehension as well. Medical benefits are another ""earned"" job benefit. But under your ACA nearly all employers cut hours so they would not have to pay for medical benefits. That is on Obama  and Reid's heads, not mine I earned my benefit package sometimes work 7/12 hour shifts and then putting in extra hours. 

Following the law is not a hard concept except for Congress and this President. 

No hand outs, no special interests, and as Hillary and Barack said their favorite guy was Saul Alinsky and his 8 points for radicals to control the ""useful idiots"" meaning you included the public, not for their benefit but for control of their lives.",5
"I don't have a skirt. It's just that I was talking to this lesbian the other day and it turns out that we both enjoy the same things in life (like eating puzzy). No s**t, we can both do it for hours. I had no idea I was a lesbian til we had this conversation. I was shocked. I always thought I was a straight shooter.",5
"Bring in killers and create programs to fight them after they get 10K a month from Trudeau and then hit our streets and mobilize 1000's of jobless muslim youth......

You all are getting this..

 right? You aren't that stupid - it's impossible",5
Arab- & Mislim-killer POTUS's  Bush & Obama were cool with you..wow man!,5
"You mean the flaming piece of charcoal the person was able to pick their hand and casualy tossed over their barricade? Oooooooooh! Compared to the thug police shooting a woman's arm off? Yeah, totally the same level of ""violence"".

Seems you are the one pushing an agenda. A pathetic one at that.",5
It is extremely rude to wish him dead publicly! Keep your mean thought to yourself! Its a mean enough world! We dont need any more out of you!,5
"""predators and parasites from the Democrat parts of town robbing places and dumping bodies""

That is some high-grade Colombian paranoia you got goin' there Art.",5
"Depends.   As every situation is different.   So when people compare situations say because this dude was white vs that dude was black....I mean in the end it is never an apples to apples comparison.   Every single situation is different.  But yeah if a BLM (is that even a thing? but I assume you are talking about minorities not the Bureau of Land Management) was this dumb and got into the drunk tank is the same situation....yup.
This guy might be super lucky they didn't put a beat down on him.  or shoot him.  Or he could have been so drunk and slurring he wasn't a threat, didn't seem like he was tough to disarm.   Who knows.  I know you don't.   So hard to compare.
I do think you are an idiot if you threaten the cops, no matter your color.  Best to just STF and get in the backseat quietly.",5
"The Liberal party promised to kill the GST. That's whats' known as an ancient historical lapse. It never goes away. It just keeps on being allowed to fester. Now, they want taxes on gases. They said their rich supporters could lend the government the same amounts and earn interest instead of paying their fair share of taxes to fund the system. No, they said let the poor get impoverished more while I beat my nearest competitor in government subsidized wealth accumulation. There is a real problem in the economy. A lack of demand caused by inequitable wealth redistribution. That's code for high deficit spending to subsidize wealthy tax cheats. Carbon taxes won't do anything to help people in Canada that cannot afford the feel good for being so green while in the red. The Trudeau Liberal Government will be recorded in history as the most inept, irresponsible leadership ever. Just take a look at Trudeau's cabinet. He fired his senior male ministers for not being as stupid as he wants",5
I have a bigger problem with ignorant rednecks from Texas shooting defenseless animals.,5
"Get used to this kind of disappointment from T-Boy.  This is a perfect example of where you need grow ups doing real work in charge of this country.  He has no clue how to function in a serious negotiation and worse his henchmen/women are even less competent, if that's possible.  His entire life is based on fluffy bubblegum teen magazine nonsense financed by the legacy of his dead father's career.  If PET would alive there is no chance T-Boy would even be in politics.  PET would not have allowed such an empty headed puppet to enter politics under his watch.  He had too much ego.  The only thing of substance that T-Boy has ever accomplished is conning 40% of the country into thinking he isn't an empty headed local newscaster posing as a world leader.",5
"The problem is that Trump and his minions do not have the intellectual capacity to distinguish between truth and lies or facts and falsehoods because their brains suppress all facts that disagree with their ideology. 
Climate change is is a small example. They disregard the findings of the 97% of peer-reviewed studies that state  that climate change is real and caused by the actions of humans, preferring to believe that the 3% who deny the evidence are correct.  Trying to claim that Trump's crowd at the inauguration was bigger, despite the visual evidence that clearly showed it wasn't, is another example. 
Alternative facts, as they call them, are not facts. They are lies, pure and simple, and they must be called what they are.",5
"NO NO NO!!!  WE WILL NO LONGER LET THE INSANE TERRORIST LEFT DESTROY OUR COUNTRY.  I WILL CONTINUE TO CARRY, LAW OR NO LAW.  CONGRATULATIONS, YOU'VE JUST CREATED ANOTHER CRIMINAL.  Liberals keep letting criminals out of jail and I'm just supposed stand by and let them kill or rob me or you?  Why do liberals love criminals?  My God, liberals are insane!",5
"His lawyers make this guy sound like a saint, wanting to 'bring transparency' to the game.

Not.  He turned on his buddies rather than go to jail when he got caught.  Until that time he lived like a bearded, fat king on bribes and kickbacks.  This is the kind of scum that should be rooted out and sent to rot in jail.  Period.",5
"Drumpf says the alt Tpubs ""won't own it, we won't own it I can tell you that"" and scapegoat the left for the failure of the right. They had 8 years to get a plan in place if they win. The altrightpubs were in on the Obamacare discussion and got over 100 amendments in the bill that became the law.
The Altrightpubs control the White House, Senate and the house. They don't need the left to pass their garbage and cram it through the process till it becomes law. They could just do a smash and grab and repeat. Transfer wealth from the poor to the very wealthy. 50K a year if you earn 1M
Yet the right blames the left for not helping kill Obamacare. If the left met the right halfway, Obamacare would be dead. Therefore, according to the altrightpub scream machine, the Democrats are guilty of obstruction. Because the 8 years since Obamacare was born and full altrightpub control of the government today are fake outraged at Obama and friends (Dems/Indy) for not killing his/their signature law.",5
"Or what? You'll do the same? Get outta here! If this was my family member, I'd be too embarrassed to admit it. This is not something I'd want to be known for. Not only did he shoot him twice but slit his throat! This is disturbing as hell!",5
What a smell of putrid hypocrisy permeates the airwaves of disgruntled liberal women afraid they may not be allowed to kill babies in their womb. Too bad it was not legal for their moms.,5
"No.  This is a moral and logical debate.  Murdering magnificent and defenceless creatures ""for fun"" is evil - and wiping out huge swathes of the food chain ""for fun"" is stupid, dangerous, and illogical.",5
"no there is no 'world of difference,' war is war - young men fight, young men die
but please continue​ to defend ur Librano friends and know that 71 per cent of us think ur a loon",5
"The Russian troll farms have cooked up the appropriate line of propaganda for their bots to reintroduce and echo.
And Bitebart was first in line to start the ball rolling again.
The line of propaganda is crafted to appeal to those who have no view grounded in reality, those who are easily led to believe the exact opposite of any evident reality.
Trump/Putin can tell their followers up is down and they'll all chime in that anything else is fake news.
Truly wondrous, …the extent of the indoctrination.
Trump can murder America in the street, (…and he's hard at it.), and yet his followers won't lift an eyebrow.
They're too busy listening to Sebastion Gorka, or Alex Jones or some other equally crazy loon.",5
"The tone deaf, echo chamber LEO go-to defense phrase: ""mmmddduh, sure, there may be a few 'bad apples'... mmmddduuuuuh""

But when you complete that phrase and use it in context: ""A few bad apples ~ spoil the bunch"". 
It makes LEO's cherry-picked use of that phrase even more disgusting ...and ironic. 

""These lawsuits undermine the respect for police officers and create an impression that the entire department is not doing their work consistent with fidelity to law and fairness..."" 

- yeah, Jeff, lawsuits are not the cause of the loss of respect for police officers. LEO responses like ""mmmddduh, sure, there may be a few 'bad apples'... mmmddduuuuuh"" comments like that and FOP footing the legal defense bill for straight up lying murderers, that is what causes a lack of respect. moron!",5
"I find the GIF funny, but it is not something that Donald should be proud of. It's more of a stab at the idiot that he is, than an acknowledgement of his civility.
""Hey look at me attack a defenseless woman loser! Aren't I just great!? I hate losers. Believe me!""",5
"Zoo's? How about we lock you up in a zoo, fools.

Kill the goats, kill the wolves, nice!",5
"OBAMA NEVER CHEATED ON HIS WIFE (TRUMPELTHINSKIN DID 3 TIMES)

 OBAMA HAS NEVER FILED BANKRUPTCY 

TRUMPELTHINSKIN  SEXUALLY ABUSE'S WOMEN BY GRABBING THE 🐱🐱🐱

WOW 80 MONTHS OF JOB GROWTH

WOW UNEMPLOYMENT UNDER 5%

WOW BOTH OF THE LONGEST AND MOST $$$$$$$$$ WARS ARE OVER

OSAMA BIN LADEN DEAD

NOT SURE WHAT COUNTRY YOUR IN COWBOY",5
"The US is an international bully and needs its physical threat.  Of course, the US will not seriously consider disarming.  We are more concerned in making sure that other nations do not acquire our abilities to kill.",5
"Bill Clinton's economic conservatism did not occur in a vacuum. You will recall Newt Gingrich's ""Contract with America"" and the fact that Republicans obtained a majority in Congress in 1994. Obama is also an economically conservative Democrat and also faced a Republican majority in the House. Progress will be made when the Republican party is fully repudiated and the Democrats take over the political center. The Republican party is showing its true colors in Donald Trump. With the Republicans, you've got a range from ""weapons of mass destruction"" Dick Chaney to ""deport all the Mexicans and Muslims"" Donald Trump and their followers range from misogynist Christians to knuckle dragging white supremacists. Mentally stable Americans really have only once choice--making sure the Democrats win so that the Republicans LOSE. To not repudiate Republicans would mean that Americans are a fundamentally defective people--like Republicans.",5
This young man has issues. I hope that he gets mental help because looking at him and his pattern of behavior of killing helpless animals is a similar pattern to people who have committed more serious crimes.,5
"How easily we can  find another trillion to blow on weapons that only a madman would use. The rickety old stool known as MAD was always unstable to begin with, but let's of saw off one of the legs to make it wobble a little more. Once again man's stupidity exceeds  his ingenuity. Why worry about global warming when nuclear winter is just around the corner. Just insanity.",5
"Ad nauseum - failings and criticism of Trump are a daily diet for anyone who reads news and opinion,  watches it on TV or listens to it on radio.  He has become a straw man for every political, social, moral or ethical reporter to drive a bayonet into. They are right of course, but calling the kettle black over and over takes us nowhere and demonstrates more starkly than ever the limits of the press, the people and the elected congress and senate to simply get rid of this incompetent fool.  A measure of the national 'well being' index, if there was one must indicate a level of depression and anxiety among Americans unprecedented in modern history.",5
Will he be stubborn and stupid enough to arrive aboard a Bombardier plane?,5
"It's a good thing that coalition bombs and missiles never kill babies or Donnie Tinyhands statement would be a fairly blatant hypocrisy, wouldn't it?",5
"No legal means of annulling the present administration comes to mind. I don't think one exists. Other possibilities include a revolt by the screaming memes of the left. That would likely result in a counter revolt by the screaming memes of the right. Then we'd have a civil war on our hands. (The left would lose because the right has more guns.)
So until the election of 2020, just hunker down, organize, strategize, campaign, fatten your coffers, and give priority above all else to finding a really suitable candidate rather than the scum sucking, bottom feeders who ran last time.",5
"The ""Bernie supporter"" committed an act of terrorism and murder.

What part of ""no right to murder"" do you not understand?

Your whataboutism doesn't work.   Let he who is without sin?   Are you actually suggesting it was a sin to support Bernie Sanders for President in 2016?   It's not a sin according to the Constitution.  Seriously, WTF?

You think somehow the extremists and violent protesters in Charlottesville should get a free pass because someone who voted for Bernie Sanders committed an act of terrorism?

Seriously?   You're really going to hang your hat on that?

Let me repeat myself.

There IS NO RIGHT TO MURDER OR ATTACK PEOPLE.",5
"you are nuts! there are plenty of unemployed skilled poeple with no work to go to,  in 10 of 15 years if things turn around great bring them in , such in the mean time NO! , the economy and jobs have been decimated by the scams of ontaro liberals for one thing! Carbon taxes hurt everyone and for no dam good reason. it is not necessary, get educated. , the activist say so not scientist. the usa now with the gop and trump will ignore them completely over this nonsense while we push ahead and make ourselves less competitive and hurt our consumers. in 4 years the usa will be soaring and enough people will wake up to the complete disaster of a direction the likes of wynne and trudeau are taking us. as for your arrogant finish, with the enjoy comment, yet proving again why the left are corrupt arrogant trash",5
"Very similar to serial killers, and just one step away from killing their victim if he or she puts up too much of a struggle.",5
"it was, but at least insurance was affordable. $1,600 per month, !3,500 deductible, 16,500 OOP for a family of 3. Obama did nothing but make things worse for any American not getting a government handout. Pre-existing? Covered under Colorado Care in the old days. ACA needs to die, a quick death.",5
Wrong....I have a whole safe full of guns that have never killed anyone and some of them have been around a looooong time. Stupid little gangsta wannabes kill people to emulate the lifestyle and mindset of their heroes.,5
"Charged, good. Bout time. This should never have happened. She should never have been a cop. The charge should be murder.",5
Handcuffed to a dead hooker with no choice but to drag it all the way to Election Day.,5
That doesn't stop professional soldiers from missing their targets all the damn time no matter how many times you tell them what they did wrong.,5
Don Young is going to need medical attention after we tear him a new one for voting Aye for this murderous shite bill.,5
"Nah, most of us couldn't put up with the bull crap! Plus, when you try to do the right thing in the political arena, they walk all over you and stab you in the back!",5
"Yep, the problem is the ""regressive-left"" have allowed the Islamists to think they can walk all over us. The more migrants they see going to a country (Germany), and the more liberal that country's values are (Berlin, Germany), the more excited the Islamists are to attack and kill innocent people in that country in pursuit of their Islamist agenda.

Until we fight back of course.",5
"I guess I am wasting my time here attempting to argue with somebody which has your shocking level of historical ignorance, but anyway. South West Africa was an SA territory, and being invaded out of Angola by Swapo terrorists. SA clearly had an interest in neutralizing a military threat in Angola, therefore. 

What you're not responding to is my point about black people being murdered in townships or dying in cowardly terrorist bombings. The war was here, boet. 

DO try and read some more, especially about history, and not only the back pages of the Sunday newspapers.",5
"Meggsy writes (using ""clever"" spelling in an effort to not have yet another post removed):

""No, dumb Azs...""

==============

Once again, the debating skills of the political left is on display.

Please note, Meggsy, that I NEVER flag anybody's posts - particularly from posters like you. I much prefer to let these posts stand. They say FAR more about you than I EVER could.",5
"Good old Junior. Behaving like a Bombardier executive, hopping onto a corp jet to visit London Ontario for a trip about nothing at taxpayer expense for a few selfies.  

He may be clueless, but he is indeed arrogant.",5
"If you had ever studied history, you would remember that history is written by the victors.

For example, Nazi Germany lost.  

Therefore, We wrote the histories of World War II.  If the Thousand Year Reich had won, we would be speaking German.  

The 'Indians' were the losers. 

So that also includes us selecting the names of roads and such!",5
"I have to laugh at Mr. Eastburn's saying the civilian assault rifles look ""little different"" then a semi-auto hunting rifle. They look a lot different, in fact, what they look like are military assault rifles and carbines, and their purpose isn't for hunting, it is for ""big boys"" to ""play war"" with. The AR-15 was the progenitor of the M-16 and M-4, and they are identical in operation except for selective fire, they have similar high-capacity quick replace magazines, the same deadly power and accuracy, and the same capability to kill many people in a very short time.

Semi-auto hunting rifles in most states are limited to 5 shots before reloading, and seldom are more needed.

We call those Cabela's military style rifles ""civilian assault rifles"" because they are primarily owned by civilians, and they are the weapon of choice for assaults upon multiple civilians. If it looks like a duck and it shoots like a duck, it probably is a duck.",5
"We are in an open carry state, he notified dispatch that he had a weapon. The man inside was being violent. You are allowed to use a gun to defend yourself. You are not allowed to shoot someone just because they have a gun. If you are then why the fuck is this an open carry state.    There was no active shooter- the cops were cowards simple as that. They have lower rules of engagement than fucking INFANTRY which Edgar happened to be in Iraq.          So don't go talking about how dangerous their job is either- less than 50 police died due to gunfire in 2015.",5
"'Not careless'.
Does that mean that the idiot driving ahead of me on I70 who slammed on his breaks at 75mph last Sunday because 'he needed to pick up the phone' could get a ticket?
Will that ticket pay for my funeral?
I am glad that I have the golden rule that everybody but me on the road is an idiot so I always keep plenty of distance between vehicles.
I surely wish it was legal to shoot bastards like that.",5
"By ""island of stability"" do you mean a place where terrorists roam freely, and smug ruling elites still think they know better than and have disdain for the unwashed masses?",5
"When you have an organization which says ""Black Lives Matter"" whenever  police shootings are involved, how can the fact of the race of the dead person not be relevant enough to put in a headline?

Especially in a State where only 2.3% of the population is black and most of that population is in Portland?  

Not mentioning the race of the alleged victim could be construed as white censorship.

As in: ""We don't want people to know that white cops are killing black kids!""

Pick your headline and justify it.",5
"Totally agree with this. They've done nothing to change policy that would lift the neediest out of poverty, he's gunning for a regressive tax code, he's threatened trade wars that would only stand to hurt American business, he's surrounded himself with billionaires and his family. Were his white working class voters duped? YUP.",5
"It never works out for you. Other countries have immigrants moving in too. Can you believe it? Further, the U.S. has people moving out. Ted Bundy was one of the most prolific serial killers in the U.S. If you murdered one less, just think about how much better you would be. Even if the U.S. were the greatest country in the world (it's not), do you think that's an excuse to be a piece of crap because all others are worse? That's your fallacy of logic. Get your GED and learn to reason.",5
"I hope that they all Take A Knee this weekend, I would much rather see the NFL die by suicide then death by a thousand cuts. I hope it will free up the air space for better programming.",5
"Some of the essential air service subsidies are needed for down the chain,  but they are definatleynot need in the Bristol Bay region or the Bethel area.  The Federal government is so stupid that they recognize Grant Aviation in the Dillingham  and King Salmon area as the only airline that flys to the  Bristol Bay Region when in fact its a crock of shit.  There are about 25 small airlines out here that are not federally subsidized and these little airlines provide 90 percent of all the passenger service.  Grant Aviation is getting paid extra to compete with all the little guys.  What a scam.  More wasted taxpayer money",5
"Trudeau is nothing but corruptions
lol, this scumbag and his father praise the murderous/dictator Fidel Castro. ""Trudeau government allowing huge deal with Saudi Arabia despite human rights abuse concerns"" - the left are full of jokes on them!",5
"Most ignorant post of the season. ""Worst Offenses in Baseball""  really why is it they rank 6th in offense for entire MLB? and 4th in the NL.  You pick out one pitcher that has the Rockies number, happens to every team, one pitcher seems to pitch and match up well against a team. Means nothing.  Every team goes through a hitting slump, you look at past years performance and you know this team can hit.  It is the pitching that is questionable for the entire season, Rookies and facing batters multiple times is the issue, you think you know more than Bud Black? Please, its well established, hitters facing pitchers more times read them better and do better.",5
Do you think they (terrorists) would not jump at the chance to murder yours?,5
"The Islamic states will never allow the Palestinians to have a state - period.  The Palestinians are more useful as proxy terrorists.   The Palestinians are also governed by Hamas, a terrorist organization trained, armed, and funded by Iran,  The stated goals publicly time and time again of the Palestinians, and  by Iran publicly is the total destruction of Israel and to kill every Jewish man, woman, and child.  The Palestinians even  strap munitions on their own  women and children and send them into public markets and places to kill innocent Jewish civilians.  For that the family get $25,000 EU and the  public praise of Hamas and Iran.",5
"The full mast stupid was directed at GW Bush, if he actually believed in what he was saying.  I don't believe he did. I believe he knew full well they were going in there for other reasons, and the terrorism/WMD's/global threat was a bunch of bull.

You said Hussein's Iraq was not to have been thought to have terrorist ties.  Claims were being made to the contrary by our government, which is what I posted.  It didn't mean I believed it (I didn't).  

Our government has vilified many other countries to justify our use of force on them.  We make out N. Korea to be some huge violator of human rights.  Considering how many wars we've started in the name of some flag-waving garbage, which turned out to be nothing to begin with, I'd say our dropping of bombs killing hundreds of thousands in the process doesn't give us much of a right to point the ""humane"" finger at others.",5
"So all of your black friends through sports, military, college, and business stayed in school, got a job, improved their skills, and didn't have kids out of wedlock or commit crimes (because 94% of black people don't do any of those things, right, which is why they vote Democratic? LOL) but were still on welfare (and paid by the welfare system to vote Democratic LOL) because the system penalized black people (but not white people, I guess LOL) for getting married? Laugh Out Loud.

Keep digging. So self-unaware, you have no idea how how patronizing and predicable your 'splaining is. You're not doing yourself or your Southern Strategy GOP party any favors when you keep doubling down on your ""welfare queen"" propaganda. And you wonder why black Americans don't want to align with you politically. I would never align with you and your broad sweeping stereotypes.",5
"Scandals - yes
Treason - no
DT Jr would sell the nuclear codes for a shot at killing any endangered species",5
"""The Catholic Church and other Christian bodies are ""hemorrhaging its children,"" who no longer are involved in religious groups that say that God created men and women, with lesbian, gay, bisexual and transgender people marginalized, she said.""

Millennials see these ostracized groups as natural variations.  The traditional Christian teaching that these people are ""intrinsically disordered"" is leading to the growth of the ""none"" population.",5
"Again, Google Image Search ""starving mustangs"". Those horses are going to die one way or another. Slowly starving or bullet to the head. These horses can't survive on our love for them. Sucks, but that's the way it is.",5
"We're just about out of the first $50 million so lets have a ""hard reset"" (whatever the hell that means) and start again with another $50 million. Bennett needs to do something useful with her pathetic life such as stop pandering to these people. In general, they killed themselves, so let's get over it and get on with life.",5
"What good prison has done. What do you expect when half of you clowns condone rape in prison. ""HOPE YOU DONT DROP DA SOAP"".How it would it make you feel knowing this man was the one doing the raping, while costing taxpayers 30k a year, then gets parole after his party behing bars just to shoot and kill another innocent victim. What a beautiful system.",5
"The scariest thing about Trump making military decisions is this: Trump is like a scared, emotionally needy little boy. As we have all observed, he whines and obsesses over every criticism and strikes back with his foolish tweets and childish insults. This ""boy-man"" is always making decisions from a place of fear and insecurity. Life and death decisions should never be made by someone who is more worried about his macho reputation than human lives. America has elected a childish, ignorant, overindulged twit to make life and death decisions! Trump is hardly better than that murderous little dictator from North Korea! Is America now just as much a danger to life on this planet as North Korea? YES!",5
"The domestic terrorists at the company called ""civil comments"" are attempting to destroy your first amendment right to free speech!
Only in communist countries or in Nazi Germany you had to have approval of your speech by your peers!
That's not the United States of America!
That's Russia under the iron fist of a loser named Putin!
RESIST LOSING YOUR 1st Amendment right!
Here is the communists website I HOPE all hackers that are reading this understand it is time to take this website down are you listening @ ""anonymous"" our free-speech is being destroyed by these losers
Be a real American patriot like Thomas Jefferson and George Washington that fought for our first amendment rights for free speech !
https://www.getcivil.com",5
"The Republicans (some reluctantly) embraced Trump as a useful idiot who would sign the legislation they expected a Republican congress to grind out. They underestimated not only his corruption, incompetence and instability, but also their own. Paul Ryan and Mitch McConnell are easily the two biggest hypocrites and cowards in Washington, and perhaps in history (time will tell). Ryan and McConnell have a laser-like focus on one thing: taking health care away from as many people as they can in order to transfer the money to the wealthiest people in the country. They will abandon Trump when and if they determine that he is no longer a useful idiot but merely an ordinary idiot who impedes their pursuit of tax cuts for the wealthy.
Trump could have terminated Comey any time before Comey announced the investigation of the Trump campaign. After that, the termination is what it appears to be: a criminal attempt to cover up a federal investigation. History will see it as a turning point.",5
"I own guns and carry guns. I have lived in AK since 1969. I have NEVER shot a dog even if they were off the leash .. And I've had dogs charge me if I was near their property... ( wolf hybrid ) .. So the justification for this complicated situation isn't there. 
The person who shot the lab sounds like a spoiled brat from Malibu, CA.
😳😧🙀😐😕",5
"No need to speculate about Feminist leaders of the woman's march.   They are all murderers or Maoists.

http://nypost.com/2017/02/25/the-next-womens-march-is-co-organized-by-a-terrorist/

But that subject will never be explored in any NCR column.   Just white males, white males, always always straight white males.",5
"Uh, no, sorry.  This glib piece, an obvious attempt at normalizing the behavior and job performance of the most horrible excuse for a human being ... for a man ... I have ever seen in public life, is NO SALE.  Nothing this man has said or done in my earshot or my field of view in 30 years has built in me any motivation to trust him, believe him, or respect him in any way whatever.  No, I will not unite behind this horrible man and horrible president.  And he needs to know that if he botches this Korean thing and starts a war with his trust 30% of the people behind him, he is going to be sorry.  He is already a lame duck in Washington, and that would make him, politically, a dead duck.  War with Korea would be a catastrophe, and his playing with matches around this can of gasoline is not building any confidence out here in the real world.  

No, just no.  Don't ask me to ""unite"" behind the likes of Donald J. Trump.  Not happening.",5
Kill rail and turn it into an elevated roadway for buses and cars that pay . Oh that's right no more Common sense left in Hawaii.,5
"No matter what the factors were, it was still HIS CHOICE to beat and kill David Grunwald.",5
"When Trump refused to call out Nazis and white supremacists even after a domestic terrorist killed one woman and maimed more in Charlottesville, Virginia—and then averred that “very fine people” were marching under Confederate flags—the extremists recognized the signal.
When, only a week later, he pardoned Joe Arpaio—a man whom white supremacists had made a cause célèbre—they saw him in their corner again.
When Attorney General Jeff Sessions announced that the administration was bringing the hammer down on the DACA program, he cited two lies popular among far-right nativists: That “Dreamers” take jobs away from Americans, and that the program prompted the surge in unaccompanied child immigrants (who, for the record, are not eligible for DACA status).",5
"Islam means submission. It means that you submit to the rule of Allah as written in the Koran. The shahada, the prayer oath of obedience, ""There is one God. Allah is God. Muhammad is the prophet of God.” is the foundation of Islam and said of by all Muslims. One must put Islam ahead of all things, even one's own life. The hijab is a sign she is FIRST a Muslim. but an American secondly. . She is loyal to a country only to the extent that does not conflict with Islam. Therefore, Muslims must denounce any person, politician or country (which is in fact any western democracy) that does not uphold Islamic submission to Allah.  The mayor of London believes exactly the same thing: it is impossible/forbidden  to be critical of Islam, no matter how much blood is shed for Allah.  

The shahada also is the white text on the black flag of ISIS.  How could she be critical of them?",5
"What a total piece of crap! No doubt this 'Todd Simmons' is a died in the wool liberal with the brains of a gnat. The liberals that Hawaii have sent to congress are a bunch of lame brained idiots that can't think for themselves. Thinking that having Killary as President would be a good thing is off the charts! Obama has been the most bazaar and destructive president we have EVER had, his race baiting has divided Americans and set us back decades and the madness he has created in America would be carried on by Killary. Having more liberal justices will only contribute the decline of the America many of us grew up in and love. A liberal tax and spend congress would put us further into debt that our GRAND CHILDREN will be responsible for. Clinton as president be a good thing - WHAT A CROCK!!",5
"""Team Trump"" ?????

It is to laugh.

There is no ""team"".

There is a madman who is an unstable megalomaniac with no clue and no policies and NO leadership. 

Any that surround him now are mere sycophants and toadies.

And America fell.",5
"Columbus didnt discover America , the indigenous did and he was a murderer , rapist and worse and only celebrated by red neck low life scum",5
"Our consitution needs to be revised to make gun ownership a PRIVELAGE, not a right. If you have a criminal record or suffer from some sort of mental illness or depression, you should lose that privelage. The only people who are killing people with guns are criminals and psychos.",5
"Lynn, don't forget to require that the NRA allow weapons into their meetings. Last year guns weren't allowed. Actions speak louder than words, especially when it comes to wingers. Hypocrites one and all.",5
"Everything you say is absolutely correct. But they are going to ram this reprehensible, morally repugnant gift to the 1% down our throats, even when it results in many thousands of Americans dying. 

This is what Trump voters wanted. Well, let's see how much they like it when grandma and grandpa have no place to go and no way to get the medical care that they need. When children go without necessary medical care.  When pregnancy and post natal care isn't covered.  

You can't fix stupid, you can only wait for evolution to take care of the problem. This just might help it along.",5
"It might have looked less hypocritical if the Harper Government had shown even a fraction of that interest  in the families of  injured vets, instead he cut back on their  benefits withheld funds and closed offices No calls to the windows in those days. . i fact they were more likely to get the back of his hand.

http://ipolitics.ca/2014/11/11/unfriendly-fire-the-casualty-of-war-ottawa-would-rather-forget/

https://thetyee.ca/Opinion/2015/08/19/Conservative-Attacks-Canadian-Veterans/

However a soldier who did support vets especially those with PTSD does approve the settlement, General Romeo Dallaire
.
Also Scott Taylor from Esprit de Corps""

http://espritdecorps.ca/on-target-4/on-target-khadr-was-a-victim-not-a-terrorist
:",5
"Chaplin, give it up. You admit he built them, to use against our soldiers. Good enough, hang the bastard",5
He just voted for people to die that have the same condition he has. All republicans are sociopaths.,5
"Great job making it OK to crap in the street. Saw some bum pee on larimer square at noon 1/2 block from a porta potty. Thanks Handcock,  let's decriminalize beatings for people shooting dope in plain sight. (Nevermind, just public urination/defecating cause cherry creek smells better now)",5
"How does one ignorant comment by a CNN reporter make Brietbart into a good and credible source?  You need a logic course, Eddie.",5
"White guy kills, tougher gun laws not the answer. 
Muslim guy kills, tougher immigration laws are the answer. 
And the right wing wonders why they are labeled racist?",5
"But yes, it's significant.  Being killed in an auto accident is more significant.  But if you're murdered, it's nearly 8 times more likely that it will be by a white person, probably someone you know.",5
Where was Lady Gaga's  Big Mouth and VOICE when American Citizens and their CHILDREN were getting KILLED by ILLEGAL Undocumented Immigrants. Thank God for President Trump for SUPPORTING VICTIMS and their CHILDREN who were KILLED by ILLEGAL Immigrants for YEARS.  JUSTICE will Be DONE.,5
"As an Alaskan I am perplexed by the craven cowardice and willingness of so many of my fellow Alaskans to accept anything in the name of party unity and refusing to stand up to the middle school bullying tactics of the Trump administration.  I've always believed it would be better to die standing up for what one believes than to live on one's knees kowtowing to a wannabe despot who thinks leadership is a ""my way or the highway"" attitude.  Congratulations to Senator Murkowski for once again proving that the women of Alaska are oft times made of sterner stuff than their male counterparts!",5
"It may be true that cars kill way more people than guns but so what?  Guns main purpose is to kill, kill, killl... Main purpose of cars is to move people around but you do have a point.  Why did government pass all those laws regarding safety?  Hell, we didn't need any stinking seat belts.   Let the blood flow.  We need ways to keep the population down.  lol",5
"This would ALMOST be funny, if there weren't literally tens of MILLIONS of Americans who've COMPLETELY walked away from their principles, & cheered on his ludicrous tweet that ANY news coverage of him that isn't positive, is fake. 
How do you NOT feel embarrassed jumping on THAT bandwagon?
Then again, when he said early on that he could shoot someone in the middle of 5th Ave, & not lose a SINGLE supporter, anyone w/even a SHRED of dignity & self respect would've gotten the hell outta Dodge.
I'm curious how he or his cultists would answer this: At his delusional ""press conference"" today, I counted at LEAST 9 times that he said the only reason they couldn't pass their horrific bill TODAY was because ""one senator"", Thad Cochran, was in the hospital. Was he lying? Or is he really THAT clueless, w/the worst staff in the history of our presidency? How embarrassing would it be to a NORMAL person to have Cochran HIMSELF tweet that he's actually NOT in the hospital, & COULD'VE come & voted?",5
"The Left's collapse? That might have ""been happening,"" but it isn't happening anymore. Trump is what is killing the ""Right's"" power in the USA. And too many of them have their heads stuck in the sand and still don't realize it.",5
"Trump is a vile scumbag.  With this incredible retweet of the train image you wrote about, he's now mocking the murder of a woman by a Nazi at a rally to champion the alt-right specter in the White House.

Trump is a piece of garbage who is soiling the Constitution every single day he remains in office.  His approval rating falls every day and Senators are fleeing from him like he's radioactive.  His presidency is already a flaming pile of crap.",5
"No, that was loonie Al Gore who said that.  He also told us all these beaches would be gone by now and that all the polar bears would be dead.  Al just makes stuff up as he goes.  And the libs all lap it up. Meanwhile he flies around in a private jet and is out buying ocean front property.  Good old Al, inventor of the internet and teller of tall tales.  Must be good friends with Elizabeth Warren #fakeindian #andsheblatheredon",5
"I've never been a cat lover, after reading this article it's pretty simple what needs to be done,
shoot, shovel, and shut up.",5
"Racist hypocrisy is the tiki torch crowd running around this board running interference for yet another white mass murderer while trying to deflect to black reporters and Muslims. The tiki torch crowd views white people as individuals, each responsible only for himself and not representative of the whole and view black Americans and Muslims as a monolith, with each criminal being representative of the entire group.",5
"It does seem a little hypocritical: the most dangerous drug the world has ever known (alcohol=20 million dead annually, world-wide), is freely sold on many street corners in Ketchikan.",5
"The easiest way to win a beauty contest is to stand next to the fat girl wearing a diaper and bad pants suit. 

- Mental Instability? Ask Matt Lauer who went bat sh%$ crazy on him yelling and screaming and cursing him and threatening she was going to have him fired ...all for asking a question she hadn't pre approved..Advantage Shrillary
- Used Evangelicals? Hardly, their moral compass worked just fine in rejecting a 30 yr criminal who regularly has her political opponents and body guards whacked...advantage Killary
- Suckered Workers? Not this time They rejected Corporate Americas candidate - Advantage Corpillary
- Unprepared Millenials? Try again they don't want the TPP, and are anti war...Hillary was the ""Gold Standard of endless war candidates- Advantage - TPPillary 
- Misguided Tools? - Those are the ethically and morally bankrupt voters who ignored Hillary's 1,000's of felonies and selling out of this country to vote for herb - advantage Toollary

Out of space Hillary Wins 5-0",5
"Either these are serial killers in the making (it typically starts with animals), in which case there is not much that can be done to really make them understand the impact of what they have done.  If however, they are just stupid boys, who did something stupid, then perhaps they can be made to do community service for a year working with endangered animals and the scientists working to save them.  Then perhaps they might have some concept of why so many people are so upset about this.  

So.. awful...They are lucky it was not crows... they have a long, long memory for those who have wronged them...",5
"After a respectful amount of time is given to grieve, family members who may wish to speak about this should be given the chance.

Unfortunately the world will most likely not hear their voice. The media will view this through the same scope as Merkle would view an outright apology. 

Merkle's dead. Trump's wing of protection. You progressive jerks out there tell me who is the dangerous one.",5
"Not really seeing what your cynical, self stroking comment has to do with some jerk that had to skirt the system that is trying to keep out these invasive species and drive his trailer/boat into Green Mtn without going through the proper channels.  But, not matter how right you think you are and how terrible of a place this is for you, nobody is keeping you here.  Just go back on the same road that brought you here, make CO a better place and beat it!

""....attending school without shooting their classmates..""  what an ass you are!",5
"Quotes from the Mad Dog himself:  
""I don’t lose any sleep at night over the potential for failure. I cannot even spell the word.""

""Find the enemy that wants to end this experiment (in American democracy) and kill every one of them until they’re so sick of the killing that they leave us and our freedoms intact.""

""Be polite, be professional, but have a plan to kill everybody you meet.""
 
""There is nothing better than getting shot at and missed. It’s really great.""
 
""The first time you blow someone away is not an insignificant event. That said, there are some assholes in the world that just need to be shot.""

""You go into Afghanistan, you got guys who slap women around for five years because they didn’t wear a veil. You know, guys like that ain’t got no manhood left anyway. So it’s a hell of a lot of fun to shoot them. Actually it’s quite fun to fight them, you know. It’s a hell of a hoot. It’s fun to shoot some people. I’ll be right up there with you. I like brawling.""  

Word.",5
Niggers on knees get killed!,5
This boy is obviously sick ....really no reason to kill those birds and now will turn rat to save his own miserable hide....pathetic excuse for a human being,5
"Also how TF is manipulating men a crime?! Also if he was so worried for his life, he had the opportunity to leave, wtf did he stay writing letters. Sounds like he was a manipulator to me. And according to the story, the son originally claimed to have seen only his father washing the gun but it suddenly changed to both of them? I smell a rat.",5
Rumor is that Ivanka's government expenses are covered by funds from the after school program because she is officially his nanny. That means he'll be shooting himself in the s when cuts those funds. What a brainless idiot and embarrassment.,5
"To all you people jumping to conclusions... They already released the fact the shooter was NOT a liberal. In fact he has a multitude of Social Media posting being VERY anti-Hilary.   

It's awesome watching all the Alt-Rights jump at the chance to blame while crying about unity while pointing the finger at the other side... only to find out, their accusations were false in the first place.  Hypocrisy at it's finest. But then, that is what this Election was founded on, Lies and Hate Speech.",5
Thanks Poplak! I'm outa here - going to slit my throat!,5
"The day after the fracture, I had surgery. The day after that, I was having the pads soaking up the drainage from the incision changed once an hour, was receiving intravenous antibiotics, and was semi-conscious due to the painkillers. Three days after the surgery, I checked out of hospital against medical advice (the surgeon wanted me to stay another day or two). 

If you made it to court to represent a client the day after a compound fracture, that fracture must have been of a very minor bone. Further, your abilities as an advocate were certainly compromised either by pain or by pain killers; given that you could not possibly represent your client properly under those circumstances, pushing on was not only foolish but unethical.",5
"Do you think Catholics are Christian?    I don't care one way or the other, it's your life.    No Christian church has done more good or more harm than the Catholic church has done in its history.   

When you combine religious 'certainty' with very real human power to control outcomes we all lose our freedom of choice.  Christian churches have had periods of murder justified by claiming it was 'God's will'.    We're seeing the same arrogance and human self centeredness is some sects of the Muslim religion.   If you look at primitive cultures they also had spiritual lives, sometimes very brutal.     

Churches have also saved live by providing food/shelter/medical care/amnesty and sanctuary to those who are persecuted or in need.   The old testament in particular talks about the proper treatment of immigrants who are fleeing persecution. (Jews out of Egypt for instance)

My intent is not to judge people by their cover, in this case, religious labels.",5
Spruce Grouse are as dumb as can be and not very sporting.  They taste like their food spruce needles.  Real sportsman hunt waterfowl!  Kids stuff is hunting Spruceies!,5
Another lefty that wants to 'kill whitey'.,5
How about the rest of us start shooting at the tree service when they are working in the easements.  Then when the police come to our houses we can open fire on them.  Since he didn't do anything wrong we can all do the same.,5
"Really? I think it's fairly lame. To be called a cuck is laughable. You just know it's a beardy MRA alt-right type, hiding behind their keyboard...till they get up the nerve to shoot up a mosque.",5
"Harper's attack ads were an extreme form of US type partisanship which have never been seen before in Canada, back to the time of Macdonald.

Harper ran his attack on opposition leader ads for YEARS and well outside of the writ of election being dropped.  Anyone not in politics would have sued Harper for his smears, but politicians cannot do so.

(And really - still with the gripe about soldiers in the streets ad - that didn't run even though it was at least made to run during the election.  And if you recall it was on policy, specifically Harper's foolish idea to re-incorporate bases into major cities like Vancouver on the lie that soldiers were ""first responders"".  So foolish an idea even Harper abandoned it.)",5
"Doing the same thing over and over after shootings - you mean nothing? Doing nothing at all about shootings?

Yep,  pretty insane.",5
"You're laughably silent about the 3,000 American civilians that died on 9/11.  What's the matter there, Dave63, the body count to high for you?",5
"From the same bunch of fools that tanked the world's economy in the first decade of this century, another shot at killing it again.  They haven't a clue",5
"If the people who supported Trump don't get what they want, I believe they will turn on him with their guns and create chaos throughout the US. 
Remember these very people are supporters of the Ku Klux Klan, the NRA, and so many other white supremacists - all those people with swastikas marring their bodies.",5
"""Missed"" the aphids. No,     BTW, Since you seem to have political fixations , If I vote for Trump,  it's because Clinton is a crazy old corrupt idiot with more of the same lies.  She's nothing but another established political creep.    
It doesn't matter who wins............it's choosing the less destructive of two destructive parties.    And Trump is the less destructive.",5
"Read his Facebook page. If you can decipher. Both the killed and the killers family are throwing insults. Everyone one of them ignorant and breeding more criminals.

Children's Services needs to start making visits immediately.",5
"""A U.S. appeals court on Friday threw out the first-degree murder conviction of a former Blackwater Worldwide security guard sentenced to life in prison in the killings of 14 unarmed Iraqi civilians in a Baghdad traffic circle in 2007.""

""The four security guards opened fire on the Iraqis, including women and children, at Nisour Square.""

How is this NOT a war crime or murder?  I was not there and have never been in combat so maybe I am lacking in such experience but, wow, that is a bit ridiculous.  How would we feel if some contract mercenary from China came in and killed 14 unarmed Americans - including women and children.  Somebody help me out here...?",5
"Wake up white people!!!!!!!!!!

Black Lives Matter is a domestic terror organization that openly advocates the killing of whites. 

Stop the WHITE GENOCIDE!!!!!

IT IS NOT A CRIME TO BE WHITE AND PROUD!

TEACH THE 14 WORDS:  "" We must secure the existence of our people and a future for white children.""

White Pride World Wide 

Post it all over the net. 

If our grandchildren are to have a chance at survival,  we must all stick together and support and encourage one another.   Or, the white race will vanish from the earth. 

Shame race- mixers everywhere.   Put up their names,  addresses,  phone numbers,  and pictures on the Web so we can contact them.

BOYCOTT:   KELLOG'S,  GEORGE SOROS,  NFL,  BEN AND JERRY'S ICE CREAM,  XEROX CORPORATION,  SAFEWAY STORES INC., AND ALL BUSINESSES WHO USE RACE MIXING IMAGES IN THEIR ADVERTISING.",5
"Disgusting. The victims haven't even been laid to rest, and here are the attention whores in the media and congress, dancing in the blood of the victims, calling for more gun control. Oddly it's always the democrats calling for gun control, because ironically, ALL THE MASS SHOOTINGS HAVE BEEN COMMITTED BY DEMOCRATS!!",5
"Can't blame Facebook for what dummies and ignoprant milk-people re-post and believe, it's just a communication tool.  US voters, and probably many Canadians, are like herding cows to the slaughterhouse.",5
Dwayne didn't kill anyone dumbass hiss mom did keep getting tired. You didn't know him lmao,5
"The unarmed black men and women in the news who have been killed by police were not committing violent crimes.  I think one was for a broken tail light, another for selling cigarettes on the street.....  I mean, pul-lease stop being an apologist for a horrible reality that black people are almost twice as likely to be killed by the police and it is wrong.",5
"THIS IS ABSURD..GONE TOO FAR..I AM EMBARRASSED LIBERAL..  FORT BRAGG HOME OF THE 82ND AIRBORNE. FORT BENNING, HOME OF THE 101ST AIRBORNE...THIS FORTS ARE PART OF THE MILITARY TAPESTRY OF THE US IN WW1, WW2, KOREA AND NAM...TO CHANGE THE NAMES WOULD TRAMPLE THE MEMORIES OF THE THE SOLDIERS WHO WENT THROUGH THESE  VARIOUS TRAINING FORTS AND DIED FIGHTING FOR THE US AND WORLD FREEDOM...BACK OFF DEMS YOU ARE MAKING US LOOK BAD IN THE FACE OF TRUMP AND HIS MINIONS...BACK OFF BOOKER...THERE ARE BIGGER FISH TO FRY...",5
"I do not believe you seriously compare western country with Yemen or Nigeria.In places like Nigeria,Yemen,Afghanistan they are killing each other.Same people,same religion.In western countries thy are invaders.",5
you got it wrong. Either ISIS kills them or TheDonald's coalition against ISIS will. Cause these perpetrators will live another day after Hawaii's Liberal Judges slaps their hands,5
"Ah SD, do I see elitism hiding here?  Trump supporters are stupid and gullible and believe fake news while liberals see the truth?  This kind of thinking is beneath you.  When I look at what passed for news regarding Trump with virtually all the liberal media pumping out nonsense about how unstable, lecherous, and outright stupid he is, I see another kind of fake news.  Most of us Trump supporters do not believe ""Joan Rivers was killed for outing Obama as gay and Michelle as a transgender man"" -like stories.  But there are common-sense-deprived people all across the political spectrum.  To suggest that more of them support Trump requires substantiation that is lacking - at least if you live up to your name.",5
"The Honorable Mr. Scalise was openly against human trafficking.  This is the horrible secret that the DC and Hollywood elite want to hide.  It is worse than your worst nightmare.  Dr. Phil covered one victim on his March 21, 2017 show.  You would have a hard time listening to this evil, I know.  However, it permeates the elite, with their occult practices.  Google MOCA 2011 for pictures of the public exhibition that these people make.  Any halftime show at the Superbowl is another one of their sick and twisted rituals.  They are proud of what they do.  They are better than the rest of us, so they don't care.  It is used to keep them in line.  I believe that more than one man was part of this attempted murder, and that someone inside gave this guy the schedule of the baseball game and who would be playing.  I do not believe the media, bc you lied to me about JFK, and 911, and more.  Fool me once, shame on you.  Fool me twice, shame on me.  You won't fool me again.",5
"Here are ten misused words that make a stupid person look even more stupid:

""My sorrow is deep, Cuba's larger than life leader died"".

Are you reading this, Justin?",5
"Knock off your cherry picking, oldvalleyguy.  Many of the black men and teenagers that were gunned down by white police officers were unarmed and not resisting arrest.  Almost all of the cases had bystanders or witnesses video taping the murders.  Videos don't lie, over adrenaline police officers lie and manage to beat their murder wrap.  I can easily understand why protesters take to the streets rallying for justice.  And by the way, the liberals aren't the ones passing open carry or concealed gun laws.  You can't have it both ways hypocrite.  You must've left your morals in the military locker room.",5
"I didn't call Trumpass  supporters Nazis but Nazi sympathizers.  Trump is a deadbeat because he's gone belly up numerous times and he is known for stiffing vendors, ie.  not paying his legit bills.  But go ahead and kiss his fat but.  When I was one of the top salesman at Amfac we would have put his butt on COD or joint check.",5
"The same guy who laid out all the evidence of Killary's serial felonies and claimed no prosecutor would try the case.  The same guy who told Trump three times he was not under investigation, but refused to say that to the public.  Comey is a careerist weasel.",5
"I don't care if he did it because he ate too many Twinkies.  He was armed, in a combat zone and killed a soldier of one of our allies.  He's damned lucky they didn't execute him summarily.",5
"You're wrong.  

You have MORE of a chance of being killed by a mentally ill or angry white guy with a gun.  Exponentially more.",5
We kill Muslims and they kill Christians and Jews.  Imagine that.,5
"My neighbour is a Canadian infantry vet.  He says ""he was blown up 3 times"" in Afghanistan. He was discharged from the army after 9 years and 7 months because of his injuries. After 10 years he was eligible for a full pension. It would seem from this story the military treat their vets very unfairly. This war seemed so stupid to me - a waste of our soldiers lives.",5
"Spewing hate is not helpful from any quarter.   However, I hope you don't think it hateful just that I disagree with your emphasis.   I have roots in the South and have great affection for my dead relatives who fought for the Confederacy.   However, I also despise the cause they fought for and the institution of slavery itself.

Most of the statues came along as the white supremacists (used to be southern Democrats now Republicans) wanted to cancel the progress of Reconstruction and enforce Jim Crow.  They rewrote a lot of our history to make sure that fair minded whites knew they would be violently accosted in the South (if they didn't keep quiet) and that blacks would keep their place or be assaulted, killed, or prevented from working or getting credit.

Those who wish to keep some of the statues as history could position a slave cabin next to the statue and have a historical marker explaining secession, treason, the institution of slavery, etc.",5
"THIS is how thugs in Anchorage need to be taken care of EVERY TIME.  I am so sick and tired of the crime that has taken over this area since that wimpy mayor Berko took over and they changed the penalties for theft and started releasing thugs on the street to keep the prison population down.  A dead thug is a thug that won't bother us any more - this was a great start.  Much respect for our police officers, and my prayers for a speedy recovery to the injured officer.  Thank you for what you do to keep us safe!!!",5
"Fredie: I love Gino when he is on, but he does fight like a girl. The bear hug with PK was just silly.",5
Terminal stupidity - an act of stupidity so beyond the bounds of Common sense that it is likely to kill someone.  This is a prime example.,5
Or she might go out with a black man some night and a right wing white goober will gun them both down. Whats your point? Do you wan to start naming names? You'll loose that one starting with Mcviegh,5
"Have you been dead for the last year? You seriously think the media never covered the uranium one Story? 

You people are so gullible. You believe anything, it's pathetic. This story has been debunked for over a year. 

Jade helm!",5
"I think Chelsea Lyons Kent should flip all her stupid small minded critics too - maybe many of her travel donors feel their investment made a bigger and better difference than expected.

We paid for Bernie all the way through a dirty rigged DNC owned by Wall Street. From the out-set, we know the bs and odds against the establishment, media and cheats but we pitch in to make a stand and a difference - and we take this opportunity too to show the DNC and RNC up for what they are.

We know the suffering, oppression and genocide that comes with liars and war mungers pre-ordained to continue more of the same with a pathway to the WH.

The finger flip is nothing in the scheme of things - e.g.: not one iota to children in Syria. 

I'm glad Chelsea hasn't apologized - its free speech and I hope she walked out of the DNC.

Why don't you critics busy yourselves with posts about corruption in the DNC and bigotry in the RNC.

VOTE GREEN",5
"Do we question why white judges in the South for years threw black men in  jail with no evidence or sense of equitable punishment?

I do AGREE that we all carry bias and that includes judges.   And if bias is inescapable, and it is, then maybe we just have to work from the assumption that bias is going to show up in human behavior regardless. 

I also see positive bias (which matches mine of course  lol).  A bias to love children is not common to all.  A bias for financial safety is a reaction to our more primitive instinct for self preservation* *cavemen didn't build up IRA's.   

In a diverse society that requires cooperation, is a bias to one's own tribe going to damage the social structure and potential strength of the community? 

 If religious bias leads to charity, empathy, compassion, I'm OK.  If religious bias is toward killing non believers, I have a problem

Maybe the best we can do is recognize our bias consciously and deal with it.",5
You are an ignorant bitch and are talking shit. Get a life bitch. I dont have guns or do I know someone that killed themselves after killing someone else. You better check your facts!!!,5
"If the first part of your post is correct (the stipend is for a free will donation) then why the hell not just give a free will donation to a priest or parish??????

There is no way to disentangle the ""giving of a donation"" and the ""getting of a mass said for your specified intention"" in the stipend system. The honest assessment of the system is an exchange of money for something of value, and that is bloody well wrong headed. An alternative assessment of the system is bribery--the pretense of giving a gift with the full knowledge that something desired, but nominally unconnected, will happen in return; and that is also blood well wrong headed. 

There is no way to construe this practice as anything other that simony, no matter what ""alternate facts"" canon law or established practice may pretend to be the case.",5
"I am planning on going to Jordan/Israel on vacation in march.  Now granted the area is somewhat high risk, with middle east turmoil and ISIS crap in background.   However, the people there all do not have guns in their pockets, ready to shoot you dead.   I think going to USA is potentially much more risky now!",5
"Warm condolences? That's what you tell someone when their cat dies. Trump is incapable of empathy, the surest sign of a sociopath.",5
"Actual goal in Iraq was to take over their oilfields and let Haliburton run them to finance the invasion and make scads of money, dirty dicks new version of colonialism. The excuse was WMD, Sadamm considered Iran a much more dangerous nation than the US and wanted them to think he had nukes. Al Qaeda and the Taliban are still active in Afghanistan as well as what, 50 to 75 other nations. If we took territory in Nam it  would be abandoned, it came down to the theory that if we killed enough of the VC's they would quit fighting, thus the importance of the body count game. It was much like an attack on a village of native Americans, yes Sir 450 warriors killed, when it was really 425 women and children and 25 adult males. Look at the krap they pulled on Tillman, and the story concocted about that gal that was later rescued from a hospital. We need to stop being a colonial bully and stop selling arms to all these folks that turn them on us. Many places are too corrupt to be a democracy.",5
"Okay motley, the situation is what it is.  Its horrible.  Trump should be impeached.  There is no way to improve things.  Nuclear response is 4 minutes (response to what never mind).  This great country has configured a system wherein a drunk President or one who has been slipped LSD can kill hundreds of millions with guaranteed retaliation that will kill most Americans and no one will intervene or stop it because it would be ludicrous to do so.  Let's move on as we are not making progress on illumination or improvement.",5
Get out of the tub Joe.  Your brain is getting waterlogged.  Your fascists lefty buddies in black masks are not Republican nor Christian.  I haven't seen anyone beating up people with a cross lately.   Republicans respect private property and don't throw burning trash cans through windows.,5
"They are definitely hypocrites. No one remembers why the ACA was established. The system at that time was on very shaky legs because tens of millions of people were getting their healthcare at the emergency room. Who was paying for this? Well we all were. If the ACA is gutted, just for the sake of gutting. Where will people get their healthcare? The ER. It is amazing how uneducated these people are. We will pay one way or the other. Make the ACA better for all. But that would mean that the Congress would actually have to work together for the betterment of all.",5
"It is good to know Huggins will be gone.  I testified this session against the ""guns in college classrooms"" bill.  In testimony, Huggins said that it made him angry that he could not carry a loaded gun on a plane.   What an idiot.  And, of course, he has no problem with having you be intimidated during a Calculus exam by other students carrying handguns.  The people in Wasilla have be be knuckle draggers to have continued to elect a guy like Huggins.",5
"In other news, several cows were killed at the Meat packing plant. Micky Ds was decried as a murderer, and John Tepton said all white people are bad.",5
"AIDS, the sex abuse scandal (in which 4 out of 5 victims were boys), and a cultural crusade to lead children  into embracing same sex urges, including mutilating their bodies.  

Go do what you want, but don't tell me you're a some kind of public servant because you're not a breeder.",5
"I shall claim mine own soul over mine own brain anyday, Hire.

I have major problems with both of them.

Trump is a blowhard, misguided, leaning towards an uninformed and reactionary moron.

He is the champion of chosen ignorance, though to be honest, and he is honest, no matter how misguided, he speaks his own mind, and thought process, most often without any filters that should exist.

Clinton is much, much worse.

Why?

Because whilst Trump is a narcissistic blowhard that does not know when to keep his own mouth shut, and is a reactionary moron, at least he is honest within his own thought process, however wrong it may be.

Hillary, upon the other hand, is a calculating, pandering, and sociopathic entity, whereas she cares for no other individual save herself, and shall say, or do anything, to promote her own self, no matter who is injured, or dies, as a result of said ambition.

And that is the truth of it, Hire.

Her ambition supersedes all else within her own path, all inclusive.",5
"Democrats have given millions of US jobs to illegal aliens and are now importing thousands of young Syrian Muslim males who, under Sharia law, treat women like dogs, believe homosexuality is punishable by death, and that all ""infidels"" must convert to Islam or die.

If illegal immigrants can find work so easily in America, why can't young black males?  Maybe Paul Scott knows.

Why would any woman, black or LGBT vote for a Democrat?  Along with the Kennedy brothers, Bill Clinton is among the biggest womanizers in American history.",5
"If he took a CHL class like I have, he is made fully aware shooting someone, even it it is justified will cost you at least 40 grand. That was enough for me to choose not to carry most of the time, unless. I have even heard menacing will cost you a fair amount, the teacher of the class said he had a friend who pulled his jacket to the side to show some guy he was carrying and he got popped and cost him 10k in attorney fees. NO THANKS, these people will antagonize you just to get you to do something stupid so they can cost you money.",5
"Why didn't they shoot him and save us money, now money will be wasted to incarcerate this scum.
Money that could be used for more police officers, but not now.",5
"I would not like to stand on a street corner in sub-zero temperatures all day. That's why I work and have done so for 40 years. Five days a week for 40 years, I drag myself out of bed at about 6 a.m. and get ready and go to work whether I want to or not. Sometimes drive to work with tears rolling down my face, but still go to work. And will probably have to keep working until I die in order to provide a home for myself. So to hell with these able-bodied men I see standing on street corners begging.",5
Football is destroying itself.  Not by the players who chose to protest against Blacks being slaughtered by our police but by the constant pursuit of profits by the NFL.  A football game is 60 minutes.  Longer if it goes into overtime.  But it takes generally now 3 + hours for a game to be completed.  Disgusting.  Soccker is so much better.  Less predictable too.,5
O'bama supported murdering babies.  O'bama lied about being able to keep your doctor and premiums not going up.,5
"Love how these Reformaclowns keep wistfully bringing up Harpo's name when he departed the scene defeated long ago without having achieved any significant lasting political accomplishments.

Afraid to now even reveal his true whereabouts.

Probably off hiding in a closet somewhere or at Sheldon Adelson's casino in Lost Wages with his other loser Repugnican buddies.

He's not coming back, clowns.

Time to get over your man crush, methinks.",5
Back pedaling coward. Clearly Murkowski would kill him.,5
"Hey Mr. President, what are you waiting for...Send in the Special Decapitation Unit or at least do some missile testing of our own.  Right on Kim JongUn's big, fat head.",5
"All those folks had ample warning, time after time, that they must evacuate the Keys before the storm hit.  Yet they were stubborn and stayed.  Now they are complaining about service while first responders are trying to open roads. No sympathy whatsoever for your stupidity.  Let the rotting bodies be discovered one by one as a reminder.",5
Exactly right Lynn only your reasons why don't go nearly far enough and take Hillary Clintons status as a serial killer and treasonous racist demon who has failed at very job she was ever given. She is a liar and a hypocrite and the most corrupt person in politics anywhere in the world today,5
"That he is mentally ill, there is no doubt.  And it will be asked whether or not he knew that murder is wrong.  But as a practical matter, who beyond our justice system really cares?",5
"Your an idiot plain and simple. Your anti gun, anti hunting rhetoric is evidence that you have reach full retardation.",5
"After the mass murder  in Orlando  numerous gay and lesbian leaders of America's and even Toronto's LGBT communities made speeches at  memorial services for the dead. They  all blamed  Donald Trump for the bloodshed , while assuring us Islam is a peaceful and beautiful religion and had nothing to do with the  massacre.  Mateen's recorded shouts  of ALLAH AKBAR as he killed gay men  mean nothing because apparently no true Muslim would do such a terrible thing.   It is truly insane yet today perfectly orthodox.",5
".
He's starting out the same as usual, he is going to take someone else's money and then skip out on paying the workers and the contractors.

He'll paste his name on in gold and hop in his helicopter and leave the mess to someone else to clean up.

.

He's nothing but a petty con man.

( …well, …yes, ...he's a traitorous, belligerent and childish buffoon also.   And a racist fascist.  And an admitted sexual predator.  And a liar.  I'd say he's got  the grammatical skills of a seven year old, but that would be just piling on.  …. …. yeah, no.  He's all that and more.)
.",5
"Yes, I'm sure blowing up and murdering 22 innocent people, including children had nothing to do with it. It must be Trump!",5
"Race of the sleazy teens who let this man die?  Sadly Trump is such a poor example to teens.  He demonstrates callousness, hatred, racism and ignorance as models to emulate.",5
"Jade: I've studied anatomy and the nervous system, and a ""smarting"" butt does not always result in a smarter brain.",5
"We can say any religion is bad, chineseintoronto.  As the law stands today at least, I can say the following without fear of reprisal from the government.  Fear of reprisal from devout Muslims and Leftists on the other hand......

- Islam is based on an ancient death cult.
- Many Muslims around the world believe gays, infidels, apostates and non-believers should be killed
- It is perfectly ok to take sex slaves while in battle against the infidels
- It is the duty of all good Muslims to help establish a worldwide caliphate.

These are just the facts according to the Quran.  Fortunately, not all Muslims practice the Quran to the letter.  If they did, we'd all be dead by now. It's the many who do we need to be concerned about. 

- Jeff",5
Guess no one has to worry about bears in that area any longer since they killed ALL of them.  WTF!,5
"Denver already does a crap job running section 8. So much so that landlords that accept Section 8 for other counties don't want to deal with ""Denver"" Section 8. They have a high employee turner over, poor training, terrible organizational skills, terrible people skills, and no service skills. Maybe this program sounds great but it is doomed to fail and waste new if they have the same group of folks running it.",5
"The only white guy that I despise is the Chump. He is sick, vile and disgusting. He is dividing our country. My comments are merely pointing out the fact that a white male opened fire on an audience at a country western music concert. In all of the news reports that I have watched. I haven't seen a Black,Muslim, or Asian. Only Whites and Latinos. Thos why do you think the gunman chose that specific event to accomplish his unimaginable massacre.",5
"Good.  The NRA and tRump deserve each other.  Blam, blam, blam.  Shoot 'em up, bang 'em up.",5
"Discovery Channel, one of the worst things to ever visit and rip off the State of Alaska, paid for these scum who moved here with the intent of ""squatting to get free land and collect PFD's"""" (direct quote from billy byron brown) to spend their 30 Days in the Baronof Hotel in Juneau, one of the most expensive places in the entire State. I wished to hell I could afford to spend 30 days there complete with room service and pay-for view porn TV...The discovery channel ruined it for the chance that real Movies about Alaska would be filmed in Alaska, instead of Canada.....As the AkLeg cut off all the subsidies for making REAL MOVIES and instead gave the oil companies $700 Million Dollars a year to pump OUR Oil, and gave themselves big raises, because they work so hard for the oil companies, instead of the people of the state of Alaska......",5
"Paul, you are just repeating talking points, find the truth, I predict a huge swing away from the dem. party with the inner city voters, all citizens. Folks are getting fed up with being used and taken for granted, although there are still those who refuse to open their minds and look at results, preferring to just fall lock step in with hollow words spoken from their party leaders.
http://www.nytimes.com/2016/09/05/us/politics/young-blacks-voice-skepticism-on-hillary-clinton-worrying-democrats.html?_r=0

 “What am I supposed to do if I don’t like him and I don’t trust her?” a millennial black woman in Ohio asked. “Choose between being stabbed and being shot? No way!”

“She was part of the whole problem that started sending blacks to jail,” a young black man, also from Ohio, observed about Mrs. Clinton.

“He’s a racist, and she is a liar, so really what’s the difference in choosing both or choosing neither?” another young black woman from Ohio said.",5
"Those who deserve to die, die the death that they deserve.  Clearly, this guy deserved to die.

So why be so upset?   He earned this kind of death.   It was simply his own Karma coming back at him.

You should celebrate death.  It comes at the end of everyone's life.   Death is the natural way of life on this planet.",5
"Fake news in America has a birthday the Pope and Hillary Clinton should know .  August 8, 2014 is when the big lie ""Hands Up Don't Shoot"" started about a 282 ib 6' 5""  Black thug Brown who has just committed a felony and was reported by the media as shot in the back unarmed by a white police officer by ABC, CNN, CBS, NBC, NYT etc etc.... Well the truth is that several Black witnesses told a grand jury under oath said Brown had charged and assaulted the police officer and tried to take the officer's gun, and was shot in self defense. Then Black Lives Matter by Al Sharpton was formed based on this lie and marched chanting ""Fry 'em like bacon. Put the pigs in a blanket. What do we want now? Dead cops!"" While the Black racists got there way. To date this year 25 police officers have been killed by Black thugs and half of them saythey were inspired by Black Lives Matter to assassinate police officers. Listen to Denzil Washington not Hillary Clinton or Comrade Pope,",5
This is a sickening witch hunt.,5
"No.  Remove him now as a recipient of the rigged election orchestrated by his billionaire b**tards in key states with Republican Governors and Legislatures.  Traitorous acts begun decades ago by the Republican traitors infecting the nation.  His refusal to end his business empire to be President violates the 1st amendment.  You Strict Constructionists know it, but could care less about traitorous acts by one of your own.   The Mein Kampf reading of Trump is admitted and documented by himself.  Your Hillary claims are just more fascist nonsense.",5
"I think you are a sociopath if you shoot a moose with an elk tag, but if you shoot an elk with an elk tag you are a psychopath.",5
"Bull!  Please list for us all suicide bombs, truck attacks, nightclub shootings et. al. which Christians have committed in the name of god. 

Your silly little deflection is completely irrational and dishonest.",5
She's as much a serial killer as you are truthful.,5
"Did the woman put a tracking device on Russell's vehicle? Was the woman showing up around town in places where Russell was going about his life? Nope. Russell spent $140 on technology that allowed him to violate the restraining order that he obviously deserved. 
More women need to arm themselves with deadly force and be prepared to use it in order to protect their lives, liberty and pursuit of happiness. Male on female violent crime statistics justify what should be women's no nonsense, shoot-first ask questions later approach to men who fail to observe legal personal boundaries. I hope this woman takes this scumbag seriously by carrying a loaded firearm with her at all times.",5
60 years for murdering in cold blood? What happened to life sentences?!! Ridiculous!,5
"Killing babies makes women and families healthy, eh? smh",5
"Given his political bent and journalistic background,  Martin's tribute to the US liberal establishment (an Unholy Trinity of  Democrats, bureaucrats and media) in its effort to subvert the will of the American voters expressed just months ago is not surprising.

Martin applauds unethical traitors in the bureaucracy illegally leaking untruths, partial truths, unverifiable allegations and other anti-Trump garbage to bring down the new president, force a real constitutional crisis, and spit in the eye of their oath and of the ordinary people to selfishly maintain their privileges and power.

He waxes enthusiastically over an increasingly hysterical, dishonest and despicable media for their Pravda and Izvestia like propaganda to demonize Trump  and ensure a one party state of self serving liberals.

He is OK with Democrats abandoning even the pretence of seeking legislative compromises in the national interest.

Some of us are less sanguine about ""deep government"" aka ""permanent serfdom"".",5
"Que the anti-gun , anti-USA ,Canadian whining .",5
"Kenneth Conklin: Your constant attack on EVERYTHING HAWAIIAN, has reached an all new low! Here, you have managed to denigrate & greatly offend a whole race of people! To suggest that Hawaiians have a better chance to be ""cleansed"" on the Continent is extremely offensive & racists.

If your AMERICA is so great, why not go back there? America the land of mass murders, lynchings, brutal slavery & rapes of slaves, bombings of Black Churches, where it's open season on Black's by Cops, & a country on the verge of a race war.

Yet, you hide in passive Hawaii, where it's safe for you to continue to spew your hate against everything Hawaiian. You know full well that the majority of our prisoners are Hawaiian. Maybe your family is toxic to you. For you to project your own familial deficiencies upon Hawaiians, is not only insensitive, but pathetic.

You don't like Hawaiians go back home!",5
"""Hatred is at the root of much of the world’s horrors""

Muslims and liberals love to excoriate us about Islamophobia, but we should bear in mind Islam's entrenched racism, xenophobia, homophobia, misogyny, anti-Semitism, hatred of Christianity, Europe and America, destructive iconoclasm, and even Islamophobia against each other.  Entrenched civil  wars between Kurds, Shiite, Sunni, Wahhabi, Druze and other Islamic sects, ISIS , Taliban and Al Quada are the root causes of most of the wars and social chaos happening around the world today. It is a purely thankless job to try to stop Muslims from killing other Muslims, or non Muslims, or gays, or women,  or Jews, or Christians, or Buddhists or Hindus..  It is worse than anything expressed in the west, even by trolls.",5
"Yes ...Harper would have done the most Machiavellian moves in order to ingratiate himself to Trump. He would have thrown Mexico under the bus, given up on the auto manufacturing , sent Bombardier workers home and dug an open trench for the oil to flow to the US with little or no regulation. Then he would have slept comfortably with all the US old white men in charge...and play golf at Trumps private resort.
All the reasons why he isn't PM anymore. He doesn't represent modern Canadian Values.",5
"The massive security presence is ""to prevent truck attacks that are on the rise around the world"". Those darn self-driving trucks.  They better not try to operate in Canada. Wait a minute; they are not self-driving trucks. They are trucks used as weapons of mass murder driven by terrorists. A reasonable person might ask  what type of terrorist is driving those trucks.  Ah, that the Globe, the CBC and Toronto Star will not say.",5
"I hope he gets the Death Penalty and its carried out,  but here in Oregon its Unfortunately,  Extremely Unlikely, however, it would  Cleanse the Gene Pool......................

Any consolation????  He will DIE in prison.

Think of that young woman, what HORRIFIC, Mental, Physical Trauma and PAIN she went thru before he killed her.

This guy is a genuine ""MONSTER"", and deserves the ULTIMATE SENTENCE.................................",5
"Anti gun? Yes I am. The insanity spewed by gun nuts in this thread proves my point. I went from ""some people can handle guns"" to ""you know, NO ONE needs to have a flippin' handgun, ever, for any reason"" quite quickly reading the aggressive, posturing nonsense posted by you people.",5
"I would rejoice at getting Sen. Sessions out of the Senate, but he would be replaced with someone equally bad.  His nomination is a wake up call to people who would not vote because Obama was not on the ticket that voting matters.

DeVoss won't have the power to overturn the education establishment, but she will move the conversation.  I wonder if she (or the bishops) would entertain a compromise to require that voucher funded schools be unionized?  If not, I hope she fails badly.

Tillerson may be an excellent deal maker, but the question is whether he can be a Department of State organization man.  More important is seeing who his Deputy is, as the Deputy runs the department, including much of the policy.

The Democrats were overconfident fools when they changed the filibuster rules.  They made their beds and now they can lie in them.  The same is true of Trump voters.",5
"Perfect example of what she is eluding to.  Kill the messenger, the hell with the message.",5
"Hillary is so far removed from the Real World.  She is still living in the past.  I would never DARE to tell my magnificent wife HOW to vote or WHO to vote for any office.  Geez, Hillary just because you married Bill and put up with his indiscretions (to keep moving up the political ladder) tells a lot of ladies, that you are not too bright.   I mean, I do not know any woman in her right mind who would put up with his crap.  So no respect for you.",5
"What about all the other examples Renzetti cites? Did Jo Cox deserve to die because she was a woman? You are the problem, buddy.",5
"Where did we kill Bin Laden?  NOT THERE NOT IRAQ... and now that he is dead why the %%%% r we still fighting in those places.

KEEP EM HOME BRING EM ALL HOME... put em on the Mexican border wall DONE ... 

I Love the USA and I love our troops let's use the tip of the speer when we really need to not just cause we can ...

665 BILLION in Defense spending in 2018 ... too much we can't afford it  to be so wasteful. 

May All these soldiers come home safe and come home soon.",5
"He may have been mildly left once. So what?  When he took his gun, he murdered for and in the name of Trump, Le Pen, and the sewer of right-wing degenerates that supports them.",5
"The one thing that all tyrants fear the most is public ridicule. 

Their egos explode for they know that they control by fear. And if you can laugh at a bully or tyrant, they have to destroy you lest the laughter becomes contagious.",5
What a B$ headline. Really SA your LIBERAL bias is Disgusting.  Have some Respect for the dead and the one's fighting for their lives.  President Trump was trying to comfort the country and you talk political ? LAME,5
You care more about guns than you do people. Pathetic.,5
"Ivory tower? 😃😃😃 Has anyone ever asked what we wanted? No. Industry rules the world. Big oil lobbied and bribed Congress and stopped any access to alternative. Too many billions of bribes available for to buy stupid greedy legislators with IQ's smaller than their belt size. Oil will be the only fuel on earth forever till either we are dead from the poisons they fill their bank accounts with or some mental midget blows us to hell and back to be oil king. Either way its to late, but it still pisses me off when I read of constant polluting by these mental morons so they can be rich and famous with the brumps of the world.",5
"Now isn't the time for platitudes. It's time to buy a gun if you aren't white and male. Trump won because of white people, including college educated whites (by 1 point). They voted for him, he's their macho man gonna make America safe for the white male pussy grabbers and Christian rapos. 
Ultimately it was all that pent up rage at having an educated black man for president for 8 years. It's literally jealousy. Jealousy that some black people have moved up the economic ladder. The ignorant undereducated whites just popped their pills and drank themselves into a stupor while non-whites got competitive. 
Trump is the president for white people. The white supremacist heartland (and rustbelt) have spoken. The whites have fallen into line and are ready to do the bidding of the 1% even against their own self-interest because they are first and foremost racist.",5
"""...the need for white people to have advocacy like other groups do,”
I'm not sure that applies to a group in power. Look at government bodies and CEOs. Most of them are white males. Whites don't need an advocacy group.",5
"Some of the ignorant in one of the other threads tried to say this was a gun-free zone, and thus an easy target. Wrong, yet again.",5
"Australia hunted down and killed the original Crocodile Dundee?

If you're talking about William Ansell, the person that Paul Hogan based the Dundee character on, that guy ambushed and killed a policeman. From my perspective, he deserved to die in the ensuing shootout and he did.",5
"Sorry you can't handle being exposed to a differing opinion, Snowflake. If you do someday find yourself confronted by a jerk who is ""trying to ram his values down your throat"" tell him to get stuffed.

Problem solved.",5
He wanted to kill those people because he wanted to kill infidels.  Allah Akbar baby.,5
Yep kindness will work when one of those extremists has a machete to your throat.,5
"I read that article. Again, even in your article, they still have absolutely no dirt on the Donald. If anything, the Donald is draining the swamp, even in his own party! LOL Some Republican politicians are corrupt and are going down rightfully for hiding accounts overseas and funneling millions into those accounts. What you fail to understand in the witch hunt is the fact that they can't name a single thing the Russians did to coerce the public to vote for the Donald. The FBI nor anyone else can find a single living soul to come forward to claim they were coerced to voting for the Donald because of the Ruskis. You yourself can't find anyone. LOL In the end, no one will be charged for any crime related to your commie friends in Soviet Russia. Maybe you should come forward and visit the FBI Boots? I hear you voted for the Donald when you took the Russian ballot and got confused which Russian characters stood for senile Sanders and you accidentally voted for the Donald! LOL",5
"I thought that marijuana made people mellow and non violent?  

This is the second case in a Month of extreme violence centered around a group smoking pot..   The wonder weed that is going to save the State because of all the taxes raised by the legal sales.  The mind altering drug which idiots legalized because it was 'non harmful' and in fact even good for some!

Of course I wasn't there and the truth is always somewhere between the victim and the assailaint's stories but it is sure an interesting coincidence that we have a 16 year old teen murdered by pot smokers and now an unnamed 'victim' being beaten and tortured by more laid back pot smokers.

These two cases suggest that the 'non violence' of pot is BS!   Now all of you pot heads can flame over this but the evidence is pretty strong against you.",5
"Arse-kissing is an acquired skill. Universities do attempt to teach it though, judging by some of the students. Also ""relations"" with the TA-101, and creative clothing techniques for grade enhancement usually work.",5
Trump's Impeachment or removal from office by other means cannot happen soon enough.  Trump is dangerously incompetent and unstable.,5
"One question that those against vouchers ignore is ""Why, in 2008, were vouchers killed in Washington D.C. by Democrats when it was popular among low income black parents?",5
"Yeah, I don't like you either. 
Why don't you educate yourself on your own time, preferably before you and your buddies open your ignorant mouths and spew the malicious excrement that riddles this comment section?  You're  the ones who've decided to be judge, jury and executioner. And the fact that you find my comments objectionable, but the vitriolic rants of those that want to tear the limbs off the accused, subject them and their families and friends to anal rape, hanging, death and other forms of unspeakable violence tells me just how hypocritical you are.  You are the one perpetuating a criminal subculture as well as mob mentality, vigilantism and murder from high atop your self-righteous, self-serving soap box.",5
"Good thing the Representative Scalise has terrific healthcare provided for by the taxpayers of America.  Oh, that's something you fascists are against.  My bad.

Its also great that the right owns up to nothing of its own violence.  Say Timothy McVeigh killing 168 people, including children.  Hmm, must be collective lost of memory among you fascists scumbags.  I could go on but id rather  just tell you all to go fvck yourself.  Good Day a@@holes",5
"Yeah Mike quick your right Obama never had any scadals,at least none that the media would cover, comment on or bring to the attention of douchebags such as your self.so if you don't count solndra,fast and furious,the black panther voter suppression,failed stimulus,lying about hands up don't shoot and Trevon Martin, Benghazi slaughter that they sat and watched happening and never lifted a finger to send help and then lied to the families and all of us about some stupid vedio,the list goes on and on. But yeah I'm the idiot Mike.im the idiot because I still expect that kind of crap to matter to people like you,brainless sheep.",5
"Mission accomplished: bring people back to nature with all it's risks and deceases.
And the most fun and educational part for kids is the killing of Suzy Chicken for Sunday's dinner.
Back to nature indeed. The left's stupidity knows no boundaries.",5
"Other media has released his name and photo.  Nice looking young Hispanic.  Condolences to the young man's family and friends.  I hope they catch the murders.  They not only murdered him, they executed him because he likely knew who they were.  Nothing but cowards who deserve the death penalty and I don't support the death penalty easily.",5
"One by one, Trump's cabinet and inner circle are learning just how devastating this sedition coming from the corrupt establishment, the mainstream media and the left-wing useful idiots, can be to their country. How do you fight an enemy whose sole agenda has 'self-destruction of the entire country from within' as the ONLY other option?",5
"Just hurry up and die, Songbird.",5
"For your information the FBI investigates hate groups and hate crimes. In this nation.  Any other criminal activities that you ""claim"" may have occurred during the riot are investigated by local law enforcement.  I think I have an answer for you though, after the woman was killed by a white supremacist who ran his car over her, the mayor got of TV and told the Nazi lovers, many from out of state  to get out of his city, now.",5
"It must really kill the progressive liberals that Alaska is a red state.  You sound like a majority because of a left leaning ADN that prints fodder for you all.  But in reality, you all are a minority and will remain that way for quite a while.",5
"To those diehard liberal posters justifying unethical behavior by saying that conservatives used the same loopholes:  Trudeau campaigned on unparalleled transparency and social justice and this is what got them elected.  Everybody knew they'd be economic morons but its hard to have sunny ways when you your cabinet is riddled with scoundrels who no nothing of ethics.

This ... is ... a ... corrupt ... government ...",5
"good to hear from you, geoff.
'don't take any guff off of those swine.'
  - hunter s. thompson",5
"so   you prefer,a  lying,money hungry   killer/ any one who  claims to  be  a christian  should be appalled at this ""pastors'    remarks.  he  needs to retire.",5
"Seriously Paul, any woman that appears to be attracted to Trump could only be attracted to his fame and money. Let's face it the guy is beyond hideous and even when he was younger his personality alone would had to have made any normal women's skin crawl. 
Have you seen the pic of Don puckering up to Olivia Culpo, Ms. Universe 2012? Her turned head is a cry for help, most definitely. 
No Donny's a grotesque lecher and only a woman who is either an ass-kisser, a prostitute, or a resolute gold digger with a cast iron stomach, could get near the guy without puking or attempting to kill him, or both.",5
"She threatened the President of the United States of America with death by this image. She should be prosecuted to the full extent of the law and put in prison. Of course, that won't happen, so at the very least I hope her career is dead and that she never has another ""gig"" as long as she lives. Let her go work at McDonald's...",5
"A while ago there was a feeble joke that went... ""doesn't matter who shot John, John be dead"".
When Trump brings out maps of his electoral college wins in the middle of joint press conference with China... he looks as ridiculous as wasting time replaying the election. It is a distraction to the clear and present danger in the moment. Our children will die in the next war... manufactured in a twitter tantrum.",5
"Not all Republicans are racists. However, they are all collaborators with racists. They are like the ""good Germans"" that never asked, where did the Jews disappear to? Today, they never question why cops kill so many unarmed black  people, including children.",5
You are murdering feckless SCUM.  Your mother would slap you for being the piece of shit that you are.  I hope you die in enormous pain from cancer in your asshole that makes you cry from the pain every time you shit you fucking subhuman scum......Fuck you. I would gladly cut your fucking balls off in a minute....go suck cock you piece of shit! Fuck you and your mother you sorry fuckin swill!,5
"Seriously, Again?

How in the name of all that's sensible can this woman ever be trusted with classified top secret information?
Scandal follows her everywhere she goes and the dishonest establishment media just glosses over all of it...Debbie got fired and her termination turned into a promotion even after all those DNC staffers were caught planning to distribute propaganda, slander and lies against Bernie and Trump.
They used racial slurs to refer to Hispanics and Blacks and plotted to use Bernie's faith or lack of faith against him plotting to stir up a rift with Southern Baptists.
These people are dirty lying rotten scoundrels who operate like this 24/7
yet the dishonest media winks it's eye and turns it head as if nothing ever happened.
Apparently Socialist Liberal Democrats not only ignore the security of America as it relates to Islamic Terrorism they also seem to ignore Cyber Terrorism",5
"I think those who are the most manic about being anti-gun restrictions of any kind should have their mental health evaluated.

But then, Trump made it easier for the mentally ill to own guns, didn't he.",5
"Exactly what my original post said. Gun control is good, but it doesn't always work. 
Idiots want to ""break the record"" for the most killings so they will be ""famous"" is the problem. STOP publicizing their names and others will think twice about ""going out in a blaze of glory"" - as sick and sad as that may be.",5
"And had you had that issue in America, as a working class person,  your pre-existing condition would have kept your premiums for insurance too high to afford, assuming your parents had insurance at all and were able to get it diagnosed before becoming too bad to treat.  Either way, your grandmother would still be dead today and you'd either be dead or homeless from medical bills. 

Here's the human cost of not having socialized healthcare:  http://news.harvard.edu/gazette/story/2009/09/new-study-finds-45000-deaths-annually-linked-to-lack-of-health-coverage/

But, yes, I'm sure your anecdote about a misdiagnosis (something that happens in America all the time) entirely trumps the unimaginable human suffering we have actual numbers to back up. It also over rides the fear and pain of  people who are, right now, in fear for their lives due to healthcare reform. 

As you grew up British, allow me to summarize in your native tongue: Piss off, you rancid cunt.",5
Duterte is indeed a murderous thug.  But that won't prevent me from appreciating a decent (albeit stale) slam against Chelsea.,5
"Don needs to go on a diet, like Chris Christie, both losers in a sense, and should be physically.",5
"Paul Ryan is a rat . As is Romney , the Bush's and all those who signed a contract to support who ever won the republican nomination. They are all poor losers.  Murkowski has no idea how many votes she lost by becoming a turn coat.  And Sullivan will get his due in five years.  For months liberal writers begged Murkowski and Sullivan to turn on their own party.  Now they have .  How pathetic.   Let the first person who hasn't said something they regret in private stand up .   I'll bet if there was an open mic on Hillary's airplane every flight would contain trash talk .  We have terrorists killing American's and in Trump , a man who will end the madness. Instead , liberals want to talk about a tape from a non-politician . Some priority.",5
"notley is nothing but another left wing hypocritical fascist dictator!

Funny how the left always has no problems attacking every religion except islam!

Does she know that Islamic schools teach students that homosexuality is evil and it is O.K. to kill homosexuals?

Does she know Islamic schools train women to be second class citizens?

Does she know Islamic schools teach regressive misogynistic practices?

Yea I forgot notley actually wore a hijab in one of her press releases this year!

I wonder who she is really working for?",5
And you think it is alright for women to be allowed to kill their babies so you want the government to allow people to do what YOU think is right.,5
What if you are being served for a lawsuit? If you didn't order anything you get to shoot the FedEx guy?,5
"The tragic attack in Dallas is emblematic of, I fear, an escaclating cycle of violence between radical elements of the Black community and the police. Each incident of violence brings more violence. Now, the planned execution of five officers will take this conflict to a whole new level. I fear we’re headed for some very difficult and dangerous times for all of us.

I think, fear is the operative word here. As things escalate, fear increases and trust diminishes, leading to more liklihood of “untended” violence. Then, add planned, intentional attacks on the police as we just saw in Dallas, and, understandably, the level of anger increases among officers. On the “flip side”, each questionable shooting of Black men increases the anger among African Americans. Fear…..distrust…..anger…… a recipe for disaster. Then mix-in our polarized and factionalized politics and beware of a nationwide explosion… IMO, we all need to work together to try to de-escalate things… with hope, Gary Crum",5
"York, what a load of hooie.
They kept the Gifford crap going because they were trying to make Sarah Palin look bad.   They let the democrat shooter go because it make their side look bad.    They delight in the anti-Trump stuff and the only reason they are faking alarm, and clutching their pearls is because they - wrongly- think they can make our beloved President Trump look bad,  

But you know all that and just chose to blow smoke us, the people who regularly read you.  Talk about loyalty, are you there with CNN and think we are all stupid and won't notice your betrayal?",5
You are a fool and an imbecile. And so are anyone else who choose to support someone as totally corrupt as Hillary the serial killer and her rapist pedophile husband. Trump is the best choice and we are all wholly expecting him to blow up the establishment parasites who have been feeding office with the complicity of the Democratic Party for almost 100 years,5
"A rifle semi-automatic or otherwise not does not walk around indiscriminately killing people, however the ideas in the human mind carrying the rifle. Ahhhh they are evil and kill many innocents through the acts committed by the ignorant propaganda filled citizen. Why don't we start working on limiting the rights to some of these ideas that are killing so many.
P.S.  If you can't see a difference in race relations in the last seven years you are either ignorant or just plain blinded by partisanship. Barry owns this big mess, it his big community organizing project.

Hugs & Kisses",5
"How silly. Tell that to the Japanese, Germans, Singaporeans, Qatari...They may not run their countries according to our values, but they have prosperous and stable countries.",5
"I guess it's baby killing time! They're biggest freeloaders around!
Amirite?

Oh, and you're an idiot.  Not everything has - or should - have a dollar value. 

It's a good thing Alaska isn't gonna get all those free federal dollars anymore. For years we've gotten more than our share. What a bunch of freeloaders! But I have to say it sure has been getting to drive on paved roads though. Gonna miss that.",5
"""Russian aggression in the Ukraine and Baltic states""
wait. what? Russian aggression in the Baltic states? This is a lie and out right fabrication.
The Globe should clarify what is meant by this ""alternative fact""
Are they referring to the Russian people living there who might be a fifth column? In what way has Russia been ""aggressive"" towards the Baltic states?
what rubbish
Gawd journalism is dead.",5
"I worked Airport Police briefly, 70-75, found a common thread in the mindset, pecking-order & peer-pressure; The public was referred to as ""pukes, maggots, perps, nates, salmon crunchers"", a whole string of female derogatory descriptors & of course, the ever purposed, ""N-word! So with this mentality projected out there, this has a very strong impact on new hires & it doesn't matter your race or gender, you will bend to this mentality in your training because of human nature & the need to ""belong"" ! The macho, strutting instructors & senior officers that instills this on students in police academies set the agenda for that officers mentality for their career. I have observed officers provoke citizens into an arrest & physically abuse arrestees, especially if fellow officers were present, Eventually, they had an Officer chase a ""hippe"" to Bird Creek at 3:AM, over a broken taillight,  chased him into the woods & during a struggle, shot & killed him. No one is asking the right questions...",5
"My BS detector is screaming. If the local natives had no intention of using the meat they had no business killing the critters. If the animals were mysteriously exposed to radiation by some government agency, there was no need to do anything at all. Radiation poisoning is not communicable especially when it's totally mythical. The folks in Point Hope just kill things and they don't care whether it's legal or not. If it moves, kill it. If it flies it dies.

 This is very similar to the villagers in Kipnuk who destroyed the entire Kilbuck caribou herd back in the 80s and then killed every single caribou that was transplanted at great cost to Alaska taxpayers, into the area to rebuild the herd. When the troopers tried to arrest one of the villagers for killing caribou out of season and taking more than the limit of caribou, the entire village rallied around the perp and tried to arrest the trooper under village sovereignty. Ignorant, irresponsible fools.",5
"Well Dave, maybe if my ancestors killed off most of yours,then we would be providing health care for you.",5
"Did the person who gave you the tip demand to be called ""deepthroat""?",5
"The hypocrites Should save it for the next NRA fundraiser speech, or maybe when they've debating silencers, or gun trusts and all the rest of their freedom agenda.",5
"Trump is soooooooo corrupt, and soooooooo establishment !!!!!!    He is more crooked than the worst members of Congress.  I find I incredible you all don't get that.",5
That's nice but some stupid kids going to take it apart like they always do. I have pay hunters $20.00 a pig that at killed in that area or something la dat.,5
So what your data is saying is that minorities commit a disproportionate amount of crime. 22% of murder suspects were black while they represent only 5.9% of the population. You're being intellectually dishonest in an effort to appear not racist.,5
"Listen up you POS, we out number you, and we voted for Trump, and we will resist you, follow you, hunt you down, your fate is gone to the wind. All you Democrats are criminals, and OUR proof is one by one you all are getting caught by your own sloppy schemes and America is going to abolish your Democratic Party once and for all. You are fighting a losing battle when the world finds out the real racists are the Liberals and Democrats who own slaves even today but just don't know it. Blacks like you are the Uncle Toms as they say, as you are protecting the Democrats against this FACT that all those statues and monuments may be Confederates, but most of them are also Democrats that owned slaves, and not all Confederates supported slavery, just the Democrats did, You Democrats did not count on older wiser men like me to still be around with our truth about the Democrats Using black fools like you to do their slavery work.",5
"Francis is disturbed by emerging new ideas about gender. So are many who are fully self-honest. It disrupts our world view when something so fundamental is challenged. Worse, there is at the present time no real stability, no strong consensus in this field. Rather, every Tom, Dick and Harry is proposed their own distinctions.

BUT, in this particular quote Francis makes it very clear that he is fundamentally confused about what is happening in the field. He implies that groundless ideology comes first, and out of that ideology, pronouncement are made about reality. He reveals his confusion in a core sentence: 

""Today children – children! – are taught in school that everyone can CHOOSE his or her sex"" (emphasis added)

While it might be true that some idiot here or there might be teaching this, the gender issue today is founded on data, on observation, of disconcerting evidence that a few people experience their sexualtity and gendered in non-standard patterns.

(continued)",5
"never any mention that:
1. Giving more free shit (lockers, tiny houses, food, shelter, bus passes) to transients attracts more transients 
2. Telling illegals that your safe from ICE here will attract the south-of-border gangs (obv most all illegals are good people)
3. Constants attempts and successes to make gun ownership and the right to kill harder reduces the worry criminals have committing crimes. 
4. Increasing the burden of hiring people (minimum wages, regulations, fees, taxes) causes businesses to leave more people without legal jobs turns people to crime. 

If you are going to take the policies listed above, then own the problem, argue that the gains are worth the increase in crime. But no, I never hear people argue that, I only hear ""we need more money, more of your taxes, more fees, and only then can we solve the problem.""

Really annoying...",5
"Another instance of the blessing of guns upon America the Exceptional. America the Pathetic, Impotent Has-Been is more like it.",5
"Unprincipled legalese and total Garbage. The current system is an complete outrage! How dare you defend it? How is it that the rest of Canada gets it but not the BC Liberals? It undermines a citizens vote for unaccountable money. It sells out the public good for private corporate and possibly foreign  interests ( like real estate). Its crony ineffective capitalism undermining a functional democracy.  

Democracy should be a competition of ideas about the way to forward the public good. Not how to screw the taxpayer and citizen for a few bucks. The current system completely undermines this idea. Good ideas that are hampered or killed because the wealthy company bribed the right government is not progress. It fascism. 

If you honestly think bribes and corruption are good for the citizens of BC then by all means you have an argument. Most will strongly disagree.",5
"Sure, no doctors were killed, no clinics shot up.

Your wholly imaginary false reality won't save you.

And your failed defense of Nazis is disgusting.",5
"""Consciousness to the fact that they are going to have to hurt or kill a lot of people if they want to maintain societal dominance.""
~ ~ ~
How blatantly silly..

/..",5
"You want to kills yourself.  I'll give you the bullet.  But damn.  Wife. Kids.   Family. Why?????     Off yourself.  Ok.  But leave the kids alone.  I just can't imagine.   

Oh. Before any of you anti gun pussies chime in.  I know. I could be liable if I gave him the bullet.   But if I did.   And the wife and kids live.  Am I now a hero.   Sad. Sad sad.",5
"absolute decadence on needless defence spending for the sole purpose of playing up the fight against perceived enemies (yesterday the terrorist, today the immigrant, tomorrow you) and paying tribute to dumb old chumps daddy, the military industrial establishment.",5
Nah they just stab each other to death. Pick your pain.,5
"Erdrogan, Putin and Assad - war criminals.  Easy to get to a cease fire after you've killed so many innocent people.  There is no honour here.",5
The women is an IDIOT and if left in office she will destroy German identity.  She like many Germans still feeling guilty for what the Nazi's did to the Jews and they think that taking in Muslims by the hundreds of thousands will erase that guilt.  WRONG  most Germans alive today were not born when the Nazi's were killing Jews.,5
"Another stupid gun owner defends his 2nd Amendment Right to stupidity. There’s nothing “peaceful” about displaying killing tools to get a reaction. Lucky, no one else besides this douche was hurt.",5
"There are no such peopel as ""moderate"" Muslims. They all believe one thing and that is the submission of all humankind to Islam.   The end goal for  Aziz is the same as a car bomber in Paris.  She will never ever  actually be critical of Islam or  jihadists  who kill for Islam.    She will be endlessly  critical of people who are critical of Islam. This is her jihad because she helps deflect blame for global jihad bloodshed from  Islam to us  who don't want to convert or die.",5
"That is as false as it gets. Do you mean that Nazis, KKKs, and white supremacists murdering and maiming peaceful protesters by means of drive-through automobiles get to enjoy the same moral status as peaceful protesters? You must be out of your mind.",5
"From: 3rd gen AK
12 hours ago
In reply to:
'Outsiders' like those 3 white men from Goldman Sachs he chose for his cabinet from hell.
— UltraMachoAlaskanWolf
""Smart and white... Earths alpha males.""

From me: From Lisa Bloom. Lisa Bloom is a Legal analyst for NBC News and Avvo, attorney and bestselling author.

""In our nation’s history, so many of the sickest most appalling crimes have been committed by whites. Yet no matter how sadistic the crime, no matter how young the victims, no matter how much fear is engendered in a community, no matter how much media attention and public discussion the crimes of whites engender, the race itself is never sullied."" 

Lisa Bloom also says white men are at the top of the list for gaining foreign visas to have sex with children. 85-percent in Latin America, she says.

Lisa Bloom also adds the most prolific serial killers in this country (America) are white men. And last, white women are known for killing their children.",5
"Republicans recruited the racists that compose the GOP base. They finally have their leader to follow. Their greatest achievement in life is managing to be born white. They are angry about losing the white privilege they claim does not exist. They think they are victims. They are just victims of their choices in life. No one is forcing them to live in coal country. No one is forcing them to be high school drop outs or having children out of wed lock. No one is forcing their relatives to become drug addicts. No one is forcing them to live in depressed rural areas. They are the only demographic dying younger. They are killing themselves with their behaviors. I would pity them if they weren't armed and think killing minorities will solve their problems. They are more likely to use their guns in a murder suicide of their loved ones, than stopping a mass shooter in a mall. Being ignorant is not a good plan for success in the 21st century.",5
We'd be a lot better off if most of human life dropped dead tomorrow.,5
"Slow drivers in the left lane get people killed all the time. The self-righteous attitude of I ""have a right to drive the speed limit in any lane I want"" are selfish, self-centered idiots and can be ticketed for impeding traffic.
http://hermes.cde.state.co.us/drupal/islandora/object/co:7878/datastream/OBJ/view",5
"I get it.  tRump is not a Hitler.  But he is an oaf, rude, crude, misogynistic, xenophobic, racist.  His own words and the examples of how he treats women are enough to set my teeth on edge - and he regrets nothing.  In other words, this is not a man who can move this country in the right (or left) direction except by divisiveness.  It does take someone with some principles other than making money to really lead people in a way in which they learn to get along, to form and respect the idea that we are a community, that we do have to respect each other, find common ground.  I don't get that from tRump.  He acts out of a win/lose paradigm, with nothing in-between - and he will make ""deals"" that let him perceive a win even if they create great harm for others.  

I think that Hitler grew into his role as mass murderer, built up his own paranoia so that he could see nothing but the answer to kill, make war.  tRump is not a Hitler but I fear he has the potential.",5
"Regardless of Trump's belligerance and bullyism, cooler US heads need to take control.  With Trump sidelined NK is not going to start a shooting war and the US would be ridiculous beyond pale to do anything that gets hundreds of thousands of South Koreans killed

N Korea is never going to give up what they have.  They dont trust the US (and Trump only reinforces that-who would want to negotiate with someone who is likely lying) 
By all means mean a defensive shield that works but focus on talks. 
The real threat is that N K decides that terrorists might provide hard currency for some nuclear stuff.   Then we are really in trouble.
Negotiations need to focus on making N Korea feel their future is secure (ie; end the Korean war) and on getting security around their nuke supply.
Evn Russia poses this same risk  I mean Pakistan has nukes and they live right beside the Taliban and remnants of AlQaeda",5
"Trump has never blamed legal immigrants -- he supports them.

(Illegal immigrants aren't technically immigrants, they are uninvited lawbreakers.)

Trump has never blamed Muslims per se; he has blamed Muslim extremists who kill Americans.

Anyway, Trump has never, like Hillary, denigrated the American people.   That is, he has never called millions of Americans ""deplorable.""

Nor has Trump denigrated religious Americans, as Obama did when he said millions of us ""cling to religion.""

Glass houses my friend.",5
"The man is an established GREAT Athlete. Cheap rag Globe sports stooge hacking away at Phelps, pathetic Toronto!",5
".....so, when is the BLM community of West Indies ancestry going to do the same for the LGBT community? You *are* aware of course that the Black community has a long standing hate for Gay men, and that being gay can mean a death sentence in countries like Jamaica or Trinidad? In fact we have many refugees from these very countries who fled on threat of death because they were gay.  When will this ""major cultural shift"" happen? When will BLM ""recognize, own and apologize""?

(Of the 77 countries where being gay is illegal, 33 of them are in Africa, 10 of them are in the Caribbean - you've got some apologizing to do)",5
Your comment makes no sense Uber-baby. If you don't remember the common people that you meet in your common life it actually sounds like your own memory is faulty or you are lacking social skills. There are remedies for your malaise. Being an uber troll isn't one of them.,5
"To my knowledge not once has BLM marched in protest of the daily, weekly mulitple killing of Blacks shooting other Blacks in Chicago or anywhere else. The question becomes is Black Lives Matter really about the individual lives of Black Americans being lost or is it really a cover for something else?

IMHO Black Lives Matter is a farce and is becoming a very destructive force in America today. I for one have noticed the rhetoric their leadership displays, in general, more interest in promoting racism then working to end racism. And as I point out the multiple black on black killings that take place each and everyday you never hear a peep of outrage from Black Lives Matter becomes rather self evident.

People should wake up and realize ALL lives matter regardless of skin color.",5
"By all means take your son to a women's march. He'll be thoroughly bored, and more importantly, he won't learn a thing. 

A ""women's march"" to protest the inauguration of a President in a foreign country is nothing but an exercise for yourselves. It won't accomplish anything. No American who voted for Trump is going to reconsider their choice because a bunch of ladies went for a walk in the snow. 

Your son won't learn anything because the context of  women going for a walk in London to protest politics in the US is way beyond a 4 y/o ability to comprehend. 

But go nuts. Bore your son to death with your walk. It might help you sleep better at night if you delude yourself into thinking you did something.",5
"""Yep, and they're still breathing.""
That's easy to do if nobody is threatening you.
Consider this: a nut with a gun is shooting at people. You and I are in different parts of the store. Both draw our concealed handguns and start looking for the nut. You emerge from menswear with a gun. I don't know if you're a good guy or bad. All I see is someone with a gun. BOOM! You're down and the nut is still wandering around.
I'm not a gun-grabber. I've owned a few myself. I'm also not a lib/dem. Does that spoil your quick-draw stereotyping?",5
"America is a country and culture formed from a civil war contesting the issue of black slavery (there were no white slaves) and conflicts of powers between state and federal government. The other distinction is it relishes guns like no other civilized country in the world. 

Sadly racism has never left the psyche of America and continues to make the head lines despite a war that ended in 1865. 

They now have a fire breathing orange lizard that climbed from the gutter to light a fire and feed it with racism directed Mexicans, Latinos and Muslims. 

The country is not getting better but only worse. If America is serious about the race issue its time to impeach the orange lizard in the Whitehouse.",5
"To those arguing ""fascism"" is an ""right"" wing conservative phenomenon. You have no case, no evidence, no synapses firing. You are historically ignorant and dead solid wrong. Or you know this and are just dishonest.",5
"Love how Americans whine when things don't go their way. Lessee now, the USA sends over  500 drones to places all over the Middle East killing civilians and insurgents without trial - that is extra judicially  - and relies on a place of torture located  offshore so it can break its own laws  and then cries when someone else does something they think is wrong.

It was 100 Delta forces and troops, three helicopter gunships, and several fighter aircraft dropping 500 pound bombs and full on hellfire against a compound consisting of a few women and children and four  men plus Khadr.

Spear is helmetless and dressed in mufti and there are no witnesses that Khadr was responsible for his death. Nevertheless the men at CSIS and DFAIT allow him to be interrogated and later tortured for a period in excess of 8 years. Canada makes no effort to intervene or repatriate him.

Damn right we should apologise. As long as our so called ally   believes it  is above the law we must do the right thing.",5
"Treacherous RINOs are letting Dems run the show because RINOs are lying traitors who also want Trump gone. At least Dems are traitors who tell you up front they're enemies of the Constitution. RINOs like Oklahoma's backstabbing two-faced coward James Lankford did the talk show circuit saying how great the independent counsel was. Notice Dems and RINOs didn’t allow any such witch hunts for the scandal-ridden Obama administration. Without more primarying out of RINOs like Lankford, McCain, McConnell, etc, Communist Democrats will ignore and overturn elections with courts, criminal shenanigans of deep state traitors, otherwise pursue the dictatorship that Communists have always sought.",5
"What a cowardly action by the governor. The legislature couldn't get anything done this session except push draconian bills forward that hinder reproductive choices and restrict comprehensive sex ed. This state has the highest statistics in the country for domestic violence, rape, child abuse, gun violence towards women and numerous STI's. So what do our leaders do? Restrict access, of course! Knowledge regarding sex and healthy lifestyle choices is a bad thing for our students and youth, according to those in power. I'm so disappointed in the governor over this action - or rather, inaction. I can only surmise he didn't understand the repercussions this will have on teachers, counselors, students and our state as a whole. Teachers can get fired or lose their license for helping a student in crisis,  doctors or nurses won't be able to lecture because they're not ""qualified"", students have to opt in rather than opt out. Our legislature keeps taking us backwards. Shame on all of them.",5
"Trump appeals to those who mistake ignorance and bluster for resolve. The snake oil that Trump is selling is having an initial placebo effect on markets, however, all hell will soon break loose, both domestically and in the U.S.'s international relationships: in the real world, ignorance and bluster will get you killed.",5
You sir have never bern attacked by a dog when they do go for you and this is from expetience.  I was pulled off my sled and on the ground on my back in a blink of an eye. My throat is still here because it was really cold and had talked me into wearing a huge scarf wrapped around my neck five or six times.  My dad took the dod off of me and killed it within about 8 or 9 seconds oterwise i might not be here today.,5
Allie has a point for some there is hatred of military presence in Hawaii and some might be targeting them because of their race.  The murdered serviceman was African American.,5
"Everything about Trump, in the media, is innuendo and regardless of whether he is an idiot or not the witch hunt is on. Sadly though it is America which is being hurt by the foolishness of the likes of the WaPo and NYT and visual outlets such as MSNBC, CNN et al.",5
"white people didn't have flush toilets until Thomas Crapper invented the first lou around 1890, so all people have barely had flush toilets for barely 100 years. it would take the 1890s to today to install flush toilets through out the US and Europe, replacing chamber pots(white peoples honey buckets, by the way the white way to deal with chamber pots was disturbing and deadly, ever heard of the Night Soil Men? high rate of death and sickness to the crews.) George Washington was a fore-father and he never knew what ""flushtoilet"" meant. honestly David why do you open your mouth?",5
"Yes, as usual,  US spokesmen continue to reassure Canadians that trade relations are fantastic, but leave out the fact that they feel free to kick  Canadian ass with great expediency, any time they're  unhappy about anything.   The typical Canadian response is to download a billion or two in compensation to affected  industry players.",5
"The garbage he is spewing on the radio could get someone killed. Of course no one in their right mind in Florida would turn to Limbaugh for advice on hurricanes, but that is another story.",5
"The show made a compelling case of Burkes guilt. First it was the 911 call and what the mom said before hanging up followed by Burkes interview by a child psychologist when he was 9 or 10 where Burke was taunting the shrink about a secret he can't tell.  BTW the ransom note is just plain stupid, written by someone who thought they were clever.  What I can't believe is the mom not calling an ambulance even if she thought the girl was dead.  Pretty cold hearted if you ask me.",5
"The US enemy occupier and oppressor of Hawai'i and its people believes that its mandate to kill, maim and destroy all life in its imperialist. capitalist, warmongering pursuit of world domination should also be extended to include all marine life.

The mandate of Ke Aupuni Mo'i o Hawaii - the lawful government of Hawai'i - is to malama aina - nurture and sustain the natural world which nurtures and sustains us. We are developing peaceful, legal and diplomatic strategies designed to bring about the voluntary withdrawal of ALL US federal agencies and military forces from the entire Hawaiian archipelago including its territorial waters and exclusive economic zone by 2020. EO !

http://www.truth-out.org/news/item/36037-the-us-navy-s-mass-destruction-of-marine-life

ponokeali'i
Minister of Information
Deputy Interior Minister
Member, The Privy Council
Ke Aupuni Mo'i o Hawai'i
The Hawaiian Monarchy",5
"Good grief, how can you, Trump supporters, possibly defend this by bringing up Benghazi?  What kind of defense is that?  This absolute idol worship for this scumbag defies logic.  I have a 27 year old son.  The sorrow those parents are suffering is unfathomable to me - and what would it feel like to know that your Muslim sons' death as a soldier means nothing to a presidential candidate?  That he would even question your heartbroken wife for not speaking!  Trump wishes now that his own phony wife would have kept her mouth shut.",5
"""These cowards want to shoot 'em up, bang 'em up? Send them over to Iraq and relieve troops that want to come home.""

Yeah- because that's exactly the kind of people our honored men and women fighting oversees want to be serving with.  SMH.",5
"People might try taking responsibility for encouraging wild predators to live in their areas by leaving garbage out, bird feeders, etc. but they don't and who ""bears"" the brunt of their stupidity? Innocent wildlife.  To all those who disagree: You're part of the problem, if not the problem itself. To those who are just itching to kill any wildlife that moves: Pathetic. Finally, if you don't want to risk being around wild animals stay home or move to a concrete and glass city where you'll be safe from all but the worst predators of all: Humans.",5
"Frederick:  Ha, Ha, Good One.  GOD Forbid ANYONE from  actually seeing a SASQUATCH if they do  exist  because THEY would PANIC and SHOOT it FULL of HOLES.........Panic leads to FEAR, and people actually SWEAR that they see THINGS that are NOT really there...............They are NOT seeing what they THINK they are seeing............Dooooohhhhhhhhh.  Homer Simpson would tell them that, ""Well, that's just plain STUPID""................",5
"If you've read the article above, you'd see you're flat wrong on the facts. As one person interviewed said: ""People are going to march on the capitols. . . They're going to do whatever needs to be done to get her out of office, because she does not belong there.""

This is not what happens in a country like ours, where elections are decided by the vote. This is what people do  in third world backwaters like Ethiopia, Syria, Libya, or Niger - countries where the rule of law is only symbolic, and the transfer of power is accompanied by mass violence, which inevitably leads to the collapse of all civil society. 

This is why Trump and his minions are dangerous to our democracy. These aren't patriots - these are alienated losers with guns, wholly and totally ignorant of history and world events.",5
"Who said anything about Russians? Its Putin whos the problem. And no one cares about him participating in our ""marketplace of ideas"". Its his participation in our elections and his grooming of and leverage over our current president thats the problem. The sad thing is while hes an annoying problem for us, hes far worse to his fellow Russians whom he readily imprisons, tortures and kills for things that are universal rights such as disagreeing with him, being gay, Muslim or a minority. Many of the trolls he uses to flood our social media with have been coerced by him into doing so, often by threats to them or their families. Perhaps instead of reinforcing their oppression by welcoming them to our participate in our message boards you should instead be looking for and fighting for ways to welcome their defection from a violent totalitarian dictator or better yet trying to end that dictators evil reign. But youre right, those things you mention arent treason, theyre just stupid and mean.",5
It was a biker hit... the white guy shot up the mosque since the Muslim men who were inside were undercutting the bikers by selling low grade OC to old age homes. Thus the biker leader sanctioned a hit on the Muslim guys inside. Nothing was race or terrorism related to that shooting.,5
"Who are you kidding? Trump has the gall to claim that John McCain is not a war hero because he was caught when his aircraft was shot down. Trump is a coward and and a fool, and there is no doubt that he would blab that the soldier ""knew what he signed up for.""",5
The higher echelons of SAPS are determined foot shooters and Mbalula is just a bumbling tweetiot.,5
or in the real world....he proved once again to be s self possessed fool...with his admiration of mass murderer uncle fidel,5
"The only ""easy"" answer is whats been done? Mr. Gara, what planet are you from? Humbly, I must ask. I have lived here since the fall of 1964, I went through growing, the pipeline, the fall in the '80s, gains and losses, the stupid government plans, farming, ports and we could go on, that were only a way for people, politicians to line their pockets, along with special interests, not for the people, that would be ""us"" I apologize and do not wish to offend you, or any other ""Career Politicians"" yet that is what you folks are. The system that was established, folks in your position were a volunteer, quit their income jobs and did not stay over a few years and then someone else replaced them, it is not, a CAREER. You, along with many others, in my, again, humble opinion have been there too long. You folks, between perks, per-diums and associated, give up nothing, sorry, can't and won't put up with your rhetoric. Go Retire, Please. Of the People, for the People, by the People, US.",5
"This message brought to you by the sociopathy of the NRA. The National Rifle Association: we will fight to the death to carve out of flesh and lives some new liberty for our cult to kill: the right to shoot anyone without cause and inject violence and madness into a peaceful civilized modern world like an anachronistic highly-contagious viral memetic outbreak. It's step 4 of our 6-step plan to seize this county and its liberal democracy by militant force and violent overthrow. Our sworn ideological enemies don't own guns, are they not so very hapless? They'll never see our bullets coming, and as we have demonstrated, the government will not shield them from us. This sucker's already in the bag, it's just a matter of applying our absolute solutions with or without consent.",5
"I would like to say you are straight up a fool but that would be unkind.  But at the same time you say it is not the time to make a statement on the man, so you decry negative statements and then add pitiful positive statements.  Can you imagine the improvement in healthcare anywhere over a 55 year period?  It is time to call out a murdering dictator.",5
This is a disgrace after the Liberals lambasted the Cons on this issue--now it is worse and Trudeau is willing to send out troops to die and suffer in Africa so he gets a Security Council seat and his name in the papers.,5
why is it that u.s. police can't shot the leg ? .why must they behave like robots and always shot to kill ?,5
"You went onto private property with a handgun and just calmly looked around and left. So who took the photos posted on your crazy people hate site? You thuggish little hate mongers have less credibility then any homeless person I ever met and many of you have much more colorful criminal history's. Tell you creepy friend Morse most of the GOOD people of Port Angeles would prefer he just leave the trash where it lays if it comes with the price tag of making life even more  hellish for many people who already feel like they are living in hell. None of you seem to have even a drop of humanity  in you empty little souls. It's creepy and you need to knock it off. If you are not offering real help, leave the homeless alone.",5
"If that is bigotry bring it on.
Someone has to stand up for our kids
You losers are killing our world",5
"I heard the interview on CBC of Layne Morris whose twisting of the facts to suit his opinion was breathtaking in the extreme. I think, if he could, Mr. Morris would blame the attack on Pearl Harbor on Omar Khadr. For a former elite combat soldier to come across as so dumb was staggering.",5
"American Forces were 'in harms way' somewhere in the world every single day of 'Obama Nobel Peace Prize' eight years in office. He didn't just hurt folk, his policies ensured many were killed both abroad and at home. 
Time will tell whether Trump's legacy will be a greater or a lesser 'tragedy'(your description).
Your single minded apparent hatred of a president only just in office makes you a left wing bigot.",5
"No, that's not good news -- because Donald Trump -- an emotionally unstable, corrupt, incompetent, bigoted blowhard -- is.",5
"""Masturbation is not evil per se, contraceptives are a reasonable tool for family planning, premarital sexual experience is common .... there really are people who by their nature are sexually attracted to people of the same sex.""

Theft is common; so is murder. Demonstrate the reasoning behind your assertions. Because a human behaviour is common does not make it moral. Desire is not the yardstick of moral conduct.",5
"Based on what I learned about this kid he felt like he would stand on his right to carry and literally would shoot an officer down before letting them stop him.  As he said he refused to be ""kidnapped"" by police.  He would rather see a revolution (bloody as it were) because he feels that the only successful ones were the ones where there was blood shed.  

The problem is even if it were true and even if black ppl were oppressed, we can't have a civil war, other countries would see that as a weakness and come take us over just like that!  Officers being targeted come in every nationality so this isn't a white vs black showdown.  

Even if it was, the black community would lose.  Realistically speaking they'd be gunned down or blown up before winning any kind of civil war. 

I've been to the lower 48 my entire life I've seen how tense racial issues are down there.  Especially with those that fly the confederate flag. I've seen the dolls that some people have that express their feelings..",5
Friggin players disrespecting our soldiers who laid down their lives for our flag should pull their heads out of their a_ses. What the hell does our flag and national anthem have to do with their false narrative of cops out to kill black people.,5
"Arrogance and ignorance like that stupidly drives US gun politics. 
Your calculations are off and your modification of a 20-round magazine is a straw man argument. Bump firing a 50-round-magazine-equipped semi-automatic firearm takes about as long as it takes to change magazines (have a look on YouTube and educate yourself about bump-firing). Five-round magazines means five-round magazines. Modifying a large-capacity magazine blocked at five rounds does not apply.
I do know what I am talking about; I have owned long guns and shotguns, I was a hunter, a reloader, and I have fired handguns and fully-automatic weapons. I am not anti-gun; I am pro-sanity.
Why add Canada and Mexico? Canada is proof that gun laws work. Mexico? Really?
Blowing about how much you know about guns while talking nonsense is childish. Carry on.",5
"Please give examples of the ""incorrect rheteric"" being spewed by BLM. There are now so many proven examples of white cops ""gunning down innocent blacks"" that you cannot simply make a statement like this and expect to be believed by anyone except racists. And the focus of BLM is on the far greater number of black people killed by police than any other race. You're blaming the victims here. I would hope that BLM would inspire a similar movement among Latinos. But it is up to them to speak up for their own people.",5
"Here’s a few more sad commentaries on politics in that country...


""I could stand in the middle of 5th Avenue and shoot somebody and I wouldn't lose voters.”

“If Ivanka weren’t my daughter, I'd be dating her.”

“An ‘extremely credible source’ has called my office and told me that Barack Obama’s birth certificate is a fraud.”",5
Nature abhors a vacuum - remove the Syrian govt and it will be filled by a concoction of killers,5
This Savage murdered my cousin in cold blood. He deserves far worse than what he's getting.,5
Almost every single protest since November 8th. Are you blind or just another MSM robot ? They stab police horses with nails and throw urine filled bottles at the officers. Complete losers every one of them.,5
"Of course, killing infants and pregnant women is not ""murder"" when God orders it.  It is the lawful , just and warranted taking of life.  And genocide is not forbidden by the fifth.  But wasn't the genocide of the people of the Promised Land not convenient and expedient for God, since He needed to get them out of the way?   Naturally, because the One True Church is led by the Infallible, and is Infallible,  any wars it waged were just and those who died got what they had coming to them, as did the Canaanites.  I am glad we are in agreement on this point.",5
"If Denver Broncos considered fans cynical last year just wait.
No one is safe.
Let's crack a few eggs.
First, if DeMarcus Walker invests in being a ""quarterback menace,"" he better get with it. If he wants to make millions he better start concentrating on football and not buying his mother gaudy items.
As for Derek Wolfe, maybe he's learned to channel his mental health issues. We all know he's a loose keg and not really as good as he thinks he is.
Incidentally, that brings us around to Domata Peko. He's supposedly a heavyweight anchor the Broncos plan on dropping at the line of scrimmage to hold the opponents running game.
This is just my cynical/jaded/jaundiced opinion but Peko ain't worth a pack of Pall Malls cigarette butts. Sure he might lend leadership skills and show others how to prepare.
But, when all is said and done, Denver will see Peko planted on his butt.
Too little/too late/too old. Washed up and ready for the spin cycle.
Denver needs defenders not a bunch of whineabes.",5
"Nobody in their right mind would invest in Russia. It's economy is in a downward spiral, unemployment skyrocketing, inflation in double digits, and investment dried up. Those are only the economic problems, not to mention social issues (crime, drugs, alcoholism, etc.). There is also no rule of law and Putin is a brutal dictator who steals and murders and feels his right to attack other countries. There are no positive prospects for the country. This story looks like a plant by the Russia propaganda machine.",5
Who listens to this brain dead loser nowadays?,5
"Oh course Trump would admire Saddam Hussain's policy for dealing with terrorists and dissent. Trumps proposals of lots of torture, going after family members, and massive indiscriminate reprisals, are taken straight out of Saddam Hussain's playbook, and have long been the tactics of murderous right-wing dictators, many of whom Trump appears quite publicly to admire. Metaphorically, they are similar to his cut throat business practices, except as President, he could actually torture and murder people. Heady stuff for someone like Trump.",5
"What a bunch of morons.  Ok I understand if some misdemeanor person was in a halfway house for some petty garbage.  But an accused rapist with a history of charges and walkaways?  Yeah that's freaking bright.  

Facepalm; here's when you have one hand that has absolutely no idea what the other hand is doing.  Why anyone with a violent felony conviction or charge would be sitting in a halfway house is just plain stupid.  

Note ""violent"". I don't care if some fool wrote bad checks and ended up with a class c felony & is sitting in a halfway house.  Or any other non violent, non destructive felonies ... But attempted or otherwise rape, murder, arson, assault, burglary, etc  doesn't take a rocket scientist to figure out that you should keep them behind BARS! 

Are you telling me that it would just be too much work, time and $ to figure this out before sending them there? Seriously?",5
"The majority of serial killers are white males, last I knew.",5
"What a complete and total idiot!  I am so embarrassed for our country (except his base, who worship him as the second coming of Ray-Gun)!  Apparently, he (and his base) have no clue the devastation a nuclear bomb can rent. Show  him some movies...and be sure and include cartoons.",5
"""It argued that having a religious symbol on government property violates the establishment clause of the First Amendment.""

By this ""logic"" every cross, Star of David, crescent, or pagan symbol will have to be removed from every federal cemetery.  Stupid.",5
"They're welcome to have their opinions of what the flag represent.  They can do what they want with it, too.  But, to me, I listen to what the person says and not some generalized opinion from someone else.

Kaepernick?  The guy's a fool, in my opinion.  He can kneel all he wants, but I won't respect his cause because I've seen nothing more than a personal beef and no sacrifice of his own life towards that cause.  I think I've read that he's starting to do positive things, but I'm unsure of that.  If I see it, my opinion will likely change.  A guy like Brandon Marshall is different, to me.

I, like some (many? most?), hitch my wagon based on hearing what the person standing up (or kneeling down) has to say, not some impression I make up about them. 

Appearance matters only to the audience demographic.  One will be offended by Kaepernick, side with the President even though our own President worked his tail off NOT to serve in the military.  To me, that's disrespectful.",5
"<""Leaving aside the whole debate about whether homosexual acts are intrinsically sinful in a way that heterosexual acts are not .... "">

Well, no, let's not leave this central issue to one side! 

A person who dies unrepentant of willfully committed grave sin, with full knowledge and assent, is, according to Church teaching, facing God's judgement and eternal damnation. Their lives have been lived outside of God's grace and their eternity will be the same.  

To offer a Catholic funeral Mass for a person known to be publicly embracing a gravely sinful homosexual lifestyle cannot but fail to give a false message to others that God, in His mercy and compassion, judges nobody and that homosexual sex acts are acceptable.",5
"Stolen from Jim Wright

""Hilariously, however, the very people who are right now cheering Candidate Trump's genius in not paying taxes are the very same people who seem to think a President Trump will somehow fix the tax code so rich people like Tycoon Trump and his rich buddies will have to pay taxes.

That's so ridiculously deluded I can't even come up with a mocking dismount without feeling like I'm picking on the mentally challenged.""",5
"Do I think this one guy was crazy before he bought his guns?  He probably was.  Am I saying anyone who buys a gun is crazy?  No, I didn't say that all.  

I do find it funny how you think an inanimate object can turn someone into a homicidal maniac who wants to mow down large numbers of people.  I think that's a little crazy.",5
So a verbal threat is a reason to shoot someone?,5
"Friend, shooting to maim is not good shooting.",5
"Ann Coulter had a simple solution to USA problems in the Middle East:

""We should invade their countries, kill their leaders and convert them to Christianity. We weren't punctilious about locating and punishing only Hitler and his top officers. We carpet-bombed German cities; we killed civilians. That's war. And this is war.""
Read more at: https://www.brainyquote.com/quotes/quotes/a/anncoulter167043.html


In her own words, on video:

https://www.youtube.com/watch?v=PJfGmaDrXJQ",5
"When evil Serbian nationalist monsters tried to cleanse peace-loving Muslims from Bosnia-Herzegovina, Canadians were outraged and 100% supportive of the Muslim victims in that part of the world.

Maybe Canadians just don't like murdering bullies in the world, regardless of religion, nationality or association.",5
"DICK ... ""The first thing we do, let's kill all the lawyers""

-Henry VI, part 2 | Act 4, Scene 2

What is it about Dicks and lawyers?  Out of the mouths of bards...",5
"Hi, I'm a straight white cisgender retired combat veteran who has a Gay Godfather, my son and daughter have ""2"" Gay Godfathers, my family waves the ""FAMILY"" flag in a neighborhood who doesn't agree and I have lost friends in the military due to my stance on gays in the military and then your A** goes and does this!! How the hell do you expect us ""WHITE STRAIGHT MEN"" to stand up with you when you are secretly shooting us down? I love my big gay family and it's ""women"" (yes I labeled you) that will make it harder for my ""FAMILY"" to be accepted.  I hope that you get all the non white non cisgender people for your department and get your ass hacked to the stone ages!  I'm sure you will go and find a safe place now and blog/tweet/skype/snap/facebook and your probably so hipster you still use myspace or BBS and say how this warpig hurt your feelings. Rome was not built in a day but you are damn set on seeing it burn in one to get your way! Have a Happy Thanksgiving and a MERRY Christmas!",5
"If SOB to an NFL player is offensive, then lets talk the words to the music they, black players, listen to before, and after the game. Like kill cops, women, are b i iches, f this f that, f f f f f. In the week since Trump used SOB whats happen with the protests? Oh and by the way Colin Kappernick said "" he couldn't stand for a flag or an Anthem, while bodies lie in the streets."" The original protest, was about the flag and the Anthem.",5
"Liberal scum will do anything it takes to make sure this muslim terrorist gets this money and not the widow of medic Speer. Wonder why we hate you and you politically correct garbage? Great example, reward the murderer and do everything you can to circumvent the victims rights.",5
Ridiculous to call them deaths. They are addicts being murdered by drug dealers. Time to get police out of their cars and back walking their beats. The jails in BC should be full of drug dealers.,5
"There they go again. When Russia established nukes in Cuba JFK did not tolerate this. Liberals don't have a problem. When Russia tried to establish communism in central-South America democrats voted to fund a war so long as American troops were not involved. After starting this war the democrats then pulled the funding leaving our allies on their own to fight a super power. This is what created Iran Contra. As for Iraq, this dictator made it clear he wanted to be the new Hitler, and take over the middle east he thought belongs to Iraq. On a little deeper note, this bailed out Russia after we bankrupted them, and got money flowing into that country before they sold their nukes on the black market for cash. It also bailed out Mexico who was decimated by runaway inflation that made the peso worthless. Now, as a democrat, there's not a chance I would vote for either of the incompetent clowns put up anymore than I would vote for the incompetent republicans. Ron, you are a bleating sheep.",5
"I am somebody who knows Edgar Rodriguez personally and what you all are saying is pretty much on target, except for the idiots who think the police were just doing their job.  The problem for them is that he survived.  He's a minority who legally open carried a handgun for self protection from the guy he called the police about and they shot him instead.  These cops had better be fired and brought up on charges of attempted murder because Rod wouldn't hurt a fly.  He's in school studying to become a doctor.  I served with him in Iraq and we carried guns all day everday and Rod never pointed his at anyone and vice versa, so to imply that he would point a weapon at a police officer is beyond ludicrous.  This makes my blood boil and makes me want to get revenge for shooting my fellow soldier and brother but I'm going to wait until the outcome and then if they are not terminated as they should be, then  revenge becomes a viable option.",5
"I'm not sure why you'd say he didn't have to use it. Surely under the circumstances that was the best option.

Also, please note that the gunman did not shoot; one would expect a gun-nut with an itchy trigger finger to shoot the loser in cold blood. He did not. Well played.",5
"This happened to involve an AK variant so it is extra dramatic to some. But absent an AK it likely would have been something else-perhaps a single shot shotgun. No rounds were fired so the type of gun made no difference, in this incident. Bottom line-it was an idiot young adult with too much alcohol in his system who did something really dumb. Glad no one was hurt and I hope he gets more than a slap on the hand.",5
"For those brain-dead walking dead zombie Your Leafs Nation Steoford Wife class of hockey fan, here's a little something to brighten your day...

Your Leafs, whose GM shills as a spokesperson for some car dealership up your way while trying to persuade his minions not to do the same--hypocrite?--have a goal diff, not counting the SO, that's 9th in the NHL.

They's also upper middle of the pack in reg, a .500 record going on a PPG basis, which is middle of the pack.

It would be nice if somebody, anybody in that mass of humanity mindlessly roaming throughout the countryside just 1ce posted something similar in support of their team rather than just reprising, on cue, the mantra that Your Leafs are doing it right this time.",5
"I am grateful that Dr. Schill is taking racism, in all it's mutations, seriously. I got my degree from the UO despite the daily racism I experienced there. After 150 years, it is about time. The folks complaining about PC just want their white privilege. They are proud in their ignorance of American history. They don't want to know how they benefit from white racism daily. I would pity them if they didn't think killing black folks will make their lives better. All I want is equal protection under the law. White racism makes that goal impossible. It is more than a little ironic that the lady in black face is a law professor. You can't make this stuff up.",5
"And Trump equated his white supremacist alt right killer supporters to the people they attacked, as though this were a dispute between two sides with equal claim to the moral high ground.",5
"Which ""onerous government regulations"" are you talking about? A conservative friend of mine made that same claim but was unable to name a single regulation that supported his case. 

I did hear one example from one of the North Carolina senators. He was claiming that the EPA was now monitoring the runoff from manure piles! Stupid!!!!!

So I looked into the ""manure piles""... 

They're really limited to five acres and consist of liquid pig feces. The EPA requires they be lined and monitored for leaks. One did leak a few years ago and dumped 12 million gallons of this manure into the local river, killing all wildlife in a 12-mile stretch of the river.

That's an example of the ""onerous government regulations"" they're eliminating. If you wonder why your morning coffee tastes odd you might be downstream. Bon Appetit!",5
"You are a sick sociopathic and possibly psychopathic individual.  These particular mental health markers are often determined by the murderous urges that one voices and then in extreme circumstances acts out upon other living creatures. Murderers tend to start with innocent animals and then progress to their own kind.

You seem rather ignorant yet you seem to believe that as human being your life is somehow worth more than a cat.  I seriously doubt that given your negative attitude and likely mental illness, that you bring even a fraction of happiness to those around you that a feline or other companion animals do, in fact, if you have mated and then bred, I can pretty much guarantee that your wife hates and fears you and she and your children have zero respect for you, but hey, carry on with your cat-killing ways, I just hope for our species that you don't progress along the path that it seems certain you will.  Your family and your neighbors should fear for their lives.",5
"Wow, you  people are whacked. Defending this guy for shooting a dog? Bunch of psychopaths. Why don't you move to Korea, you can torture dogs all you want to there, with no repercussions. Good God almighty.",5
"What is wrong with the media? Every person in the comments section of every article on this story expresses horror that parents would voluntarily expose their children to rape, murder and torture in a war zone in Afghanistan, yet not a single journalist challenges their narrative. At the very least they are incompetent parents who have willingly put their children in mortal danger. At worst they are fundamentalist traitors who have spun a story in  a failed attempt to extort millions of dollars in ransom from the West. 
Let's have some critical journalism here. Please.",5
"Yeah, Terhune, a deranged psychopath with a gun.  A gun that killed and innocent woman.  If the psychopath had tried killing the woman with his bare hands, the woman's brother would've kicked his butt to the curb, but the loaded gun did the job.",5
"There is not doubt that Trump is an A1 AH, SOB, economically clueless scumbag, but, unlike Obama, he didn't stab Canada in the back.",5
I like the home button. Why??? Why did you have to kill it???!!!!!,5
tRump knows diddly about domestic or foreign policies.  How could there have been sparing?  I hope when and if tRump debates Hillary he'll again repeat that he knows more about ISIS than our military generals.  tRump arrogantly makes this comment based on his disdain for President Obama and Hillary's experience as secretary of state.  tRump's comment is laughable especially given the fact that the world knows that it was President Obama that gave the order to kill Bin Ladin and has since killed many of ISIS leaders and troops.,5
"I'm more of an ""eye-for-an-eye"" kind of guy.   

He should be stabbed 22 times in the precise places and manner he killed his victim and die without any family or friends in attendance.  

Victims of vehicular homicides should experience death precisely as their victims died as well.

You don't want to experience what I want as a punishment for rapists!",5
"Audience gives it 79%, I dont care what some critics say. Best is to go and watch yourself, dont you think? Wait, but you are some troll supporting Kremlin denial. What a useful idiot!",5
"Trump's EPA pick Scott Pruitt could care less about the local people.  His interests are mining period.  If mining kills the fishery, that is tough shit, per Pruitt.  If you voted for Trump, you voted for Pruitt's EPA,  Trump told everyone what he was going to do, just like Hitler broadcast what he was going to do prior to his coming to power.   And yet Alaskans went for Trump and many seem unaware of what they voted for and against.  You voted for Pebble Mine and against Alaskan salmon.  And note that the Pebble profits will go to a Canadian company.  So much for the ""America First"" crap that Trump sold to the rubes, marks, fools, suckers, and Trump's Chumps. 

Frontline just did a show on Pruitt.  Too bad for Alaska. 

http://www.pbs.org/wgbh/frontline/film/war-on-the-epa/",5
"Perhaps a well aimed shotgun would deter this woman.  And if not, well, . . . .",5
"DRUGS, it time to take a hard stand on illegal narcotics.
Drug traffickers are ""Terrorist"" killing our kids and country
It's time to kill them back, when caught trafficking these terrorist deserve to be Exicuted",5
"I am not going to be called a hypocritical right-winger and stay silent.  If you were labeled a sycophant brain-dead leftists, I would expect you to defend yourself.  You may lose that argument but don't worry, I am not that uncivil.",5
"I knew from the very first  post that I read  of  Aaron's that  he is either extremely MENTALLY ILL or Partially Brain DEAD from using to much METH, HEROIN...............

My GOD, the Sad thing is HE has a computer or one of his Cronies is letting him use theirs...............",5
She should apologize right after Ted Nugent apologizes for threatening to shoot Obama.,5
"CleanupEugene, what do you think is funny about a harmless student being stabbed through his heart by a mentally ill homeless man for no reason? Is it the same thing you find amusing about threatening another poster with genital mutilation, performed by yourself?",5
"If criminals obeyed laws....like say the new gun-grabber law  requiring someone to submit to a background check before takin possession of a gun.....then either the guns would still be in the store or the criminals would have left behind photocopies of their IDs and background paperwork.  

Blaming the guns for being stolen is like blaming a woman for being raped.",5
"Another Alaska carpetbagger dropping in for a few years to hijack the political system for a free ride back to his Ohio roots to join the wealthy family responsible for it all.  Alaskans blinded by the false ideology of oil, guns, military, and government hatred conned one more time.  Meanwhile, he and his fellow government haters gridlock the entire governing system to allow the Wall Street thieves to loot the nation while escaping any financial participation in the health and welfare of said nation.  Disgusting.",5
"Start with a stupid premise (Israeli Occupation of Palestine); End with a stupid conclusion (The problem is Caterpillars!  Yeah, that's it!...Oh, and knives kill people!)",5
"""I will not name examples but I will make it clear where I agree and disagree with anyone"", said Cory the Worm.

He brags about being open and clear and then refused to clarify or give an example - in the same sentence!  Straight outta the how-to-spread-propaganda repub-Russian playbook.

Yeah, the Kochs have their boy alright.  Doing what he is told and wouldn't say $h!t if he had a mouthful.  Believe him at your peril, vote for him if you are brain dead.",5
"Let's face it, those are not your causes.  There is nothing ""civil"" or ""respectful"" about the establishment.  It's all about power.  They will do whatever it takes to remain in power.  Just look at the way they treated Bernie.  That should give you a clue as to what it's all about.  Nobody can argue that his treatment was legitimate, but I would challenge you to explain to me how your treatment of Trump is any different.  Would you accuse Bernie of the same things as Trump?  No?  Then how can you explain Bernie's treatment?

Trump deserved to win.  The DNC has some VERY serious problems.  The party has learned nothing from this election.  They have gone all-in on stupid in an effort to avoid reality.  The truth is that Americans are tired and fed up from all the bullshit.   The proof is that they voted for Trump.  Seriously, what more evidence do you need?  A kick in the ass?  A slap in the face?  What would it take for you to realize that you've made some serious mistakes?",5
"Bahahahaha if there is one thing I will stand up for in life, it is free speech and the things that I believe in.  And nothing amps me up more than politics.  Yesterday someone (don't even know him) walked by me with a ""Make America Great Again"" hat and nodded at me.  I guess he sensed we were on the same side.

The irony is that I never voted for Trump, nor have I ever supported him.  I just can't stand the BS media echo chamber that has done nothing but lie and shill for Hillary throughout the election.  Repeating the same election narratives that Trump is a racist and hates women and gays.  

Trump's already done something GREAT, and I really mean that.  He talked to to Putin.  Hillary Clinton wanted to establish a no-fly zone with Syria (war).  She wanted conflict with Russia. No American would benefit from a conflict with Russia, just the out of touch, smug, pompous, Washington DC elites.  The sooner the people rise up with their pitchforks and burn them at the stake, the better.",5
"Still working the Big Lie, eh Gerson? Yes, 9/11 was a tragedy and quite possibly avoidable if your then boss had been paying attention, but it was in no way a Pearl Harbor. It was a golden opportunity for you neo-cons to have the war you'd wanted since the first Gulf war, and to get it you lied. You lied and got your war and then bungled and mis-mismanaged the occupation and so set the stage for ISIS. You lied and hundreds of thousands of people have died, and hundreds of thousands have been forced to flee for their lives. And here you are again, still with the lie that this was somehow all justified because 11 young men carried out a suicide attack, and again, tragic as that was, there was no follow up attack. There was no grand strategy other than provoking the US into a stupid war to unite muslims in a jihadist war against America. And you and your cohort of war criminals, let them get exactly what they wanted. Do us all a favor Michael, have some sense of shame and just shut up.",5
"WA:The NYT has a well-documented article on Trump in Atlantic City and an editorial by Peter Werner.  Here's a paragraph from the OpEd piece.  Both articles are well worth reading.  ""Mr. Trump knows his target audience, which explains why, beginning the morning of the Indiana primary on May 3 (the day he became the de facto nominee), he has — among other in-the-gutter moments — implied that Senator Ted Cruz’s father was implicated in the assassination of President Kennedy; insinuated that Vince Foster, a friend of the Clintons who was White House deputy counsel, was murdered (five official investigations determined that Mr. Foster committed suicide); engaged in a racially tinged attack on Gonzalo Curiel, a district court judge presiding over a fraud lawsuit against Trump University; and expressed doubt that a Muslim judge could remain neutral in the case. This is conspiratorial craziness and rank racism — and all of it has happened after we were told Mr. Trump would raise his game.""",5
"Oh no. Not that ""losing an hour of sleep"" nonsense again. That's why the time change is done on Saturday night. You won't lose sleep unless you're foolish enough to use an alarm clock on a Sunday morning. (Apologies to those who must work Sundays.) 

I know there are studies saying that the change messes people up. How much of that is because thousands of people reading articles like this expect a bad day on Monday? It's only a one-hour change. In ordinary life, it is not unusual for bedtime to vary by an hour because of things we must do in work or social life, or even because there's something good on TV.

The worst part of Daylight Savings Time is changing all of your clocks. I'd be happy to keep DST year-round.",5
"I took you up on your dare and checked the website you cited. Nothing in the story indicates that the three young men, aged 16-19 had anything in mind other than burglary. The weapons you describe were never used. Instead three stupid teenagers were killed by another young man with a semi-automatic rifle.

I dare you to look the families of those dumb kids in the eye and tell them that their sons deserved to die for an attempted burglary.",5
"enough of this crap. Alston Hunt Floyd & Ing along with all ACLU staff, list all your home address and or business address and lets bring every single stinkin homeless to your home and or office and you help take care of them and YOU find a way to rid them of your home and or your office.  put up or shut up!! sick of the homeless and these good for nothing lawyers.",5
"It is not Doug Chin's moral conviction or sense of ethnic justice that I question.

It is more of a balancing act, between the civil rights of good & non-practicing sharia law Muslims, versus Muslim terrorists.

There are many people who strongly believe that sharia law should remain intact.

I have a problem with child brides, multiple wives, a temporary wife, sex slaves, wife beating, honor killing, killing of non-Muslims, etc...",5
"Living with the fact that I pay these goons to beat up or kill people I don't like, or collect revenue for the state(except that they are too expensive) but I don't really want to kiss their behinds all the time or genuflect to them as they pass by. I think their main problem is that their traditional enemies are fading into the background and the middle class white folks they could once count on might shoot them in the face on a traffic stop. Don't like it? Get another job.",5
"Elise,
As a female, I wouldn't waste my time with guns if I wanted to kill a lot of people fast. I'd use Kool-Aid and poison--like Mr. Jones, or any carrier solvent and poison in spray or pour form, or bacteria, in a pinch, sprayed on the vegetables in the supermarket. 

Back in the day, before Independence, the world was so much safer, except for in the cities. Back then, sovereignty ruled the day and if someone was overstepping their bounds, they got what they were asking for and it was okay. Today, the cities are nothing more than nested victims paying for someone else to kill and die for them, when the paid for killers are around. It's very dangerous in the cities.

You are afraid of your own self and what you really are, so you want to buy the responsibility of protection instead of own it. You want to stop me from packing a fully automatic weapon of any sort, when I understand it as a tool with specific purposes of tending to my responsibilities of birth for self-protection.",5
"Before I get started there is a lot wrong with HPD. Lets hope they clean out their ranks quickly and keep it that way. Rape is a very serious and long lasting crime upon the victims. A person we rescued more than a year ago is still terrified that she doesn't want to testify even though we know who the people involved are and some of them are employed by hint hint. Granted we snagged about 5 people but there are more on this island that need to go.

Death penalty I believe in it. But there is nothing worse than putting an innocent person to death. I think these people who do these rapes should at least have their *things* removed not sure what to do about females who are involved though. Those who are serial rapists put to death. I've killed a lot of people it doesn't bother me putting scum down. Only one really bothers me but that is because I could see the fear in his eyes. He deserved it. But it left a scar on my soul as a human being.",5
"Obama didn't kill the coal industry you ignoramus . THE WORLD MARKET IS SATURATED WITH COAL, CAUSING A DECLINE IN EXPORTS.   Ditto for oil.   Look up supply and demand concepts before you type such nonsense.",5
"that's just retarded the news is all over the place left wing cultural marxist thugs are attacking free speech, attacking people, destroying property. THEY are the Brownshirts 100%. Go read the accounts of the woman and others with direct experience in Nazi Germany, they all say the rioters shutting down speeches are exactly what Hitler and his supporters were doing. 
Your smug little put down is exactly that of an adolescent, attempting to deflect from reality in order to continue to be smug and lazy.
One day we may have to kill these people as they are trying to destroy us and we will be killing Nazis when we do.",5
Sitting on your ignorant butt watching conjecture on the internet isn't proof of murder. Your intellectual bar is set dangerously low.,5
He will be dead in less than 6 months.,5
"Ridiculous. The VAST majority of murderers, mass or not, use semi-auto weapons. Since when are handguns not semi-auto weapons? Shotguns, are you kidding??  No, building a bomb or flying a plane into a building are nowhere near as fast and efficient as a gun, which are ridiculously easy to get. Rural Texas, Las Vegas, Orlando, San Bernardino, Aurora, Columbine, Virginia Tech, SANDY HOOK, mothers shooting their children, toddlers shooting each other, men regularly shooting and killing their wives/girlfriends, ..... nah, we don’t have a gun problem (sarcasm) .... we clearly have a stupidity problem",5
"You are correct.  I don't know any Hawaiian Studies graduates with scholarship in constitutional law, finance, economics and tax law.  And you are at least ironically correct in that it is ignorant to opine someone with scholarship and professional experience as ignorant in that person's professional matters while being anemic or stunted in that scholarship and professional experience.",5
"We can't do anything about what tax breaks/subsidies may or may not have been given decades ago.  All we can do is set tax policy going forward.  

And no, we're not in the ME just for oil.  We're in there to kill terrorists before they kill us.  And we're in there because we have allies in the region, like Israel.  As well as various other reasons.",5
"Building on DOE's new policy not to rank, apply the exact same guidelines to all their employees. Rank them all the same, no need to pay some employees more than others. Lower the pay levels.

What a huge financial savings this will be to taxpayers. No more money wasted on paper shufflers, deadwood bureaucrats, loser teachers.

Yes. Good for the goose. Good for the gander.  Git'r done!!!!",5
"The Nazis were pretty violent, cold blooded killers, just like their Muslim counterparts.",5
"I've been poisoned by a liberal Gom Jabbar! ""Using violence to subdue criminality is wrong......so you should die!""
No one can survive that.",5
"WHAT ABOUT THE General Motors  PEOPLE THAT HIDE THE DEFECT OF
THE KEY TURNING OFF THE CAR?

OH I SEE PEOPLE BEING KILLED  IS OK-JUST DON'T POLLUTE!!!",5
"We accommodate Mennonites and Hutterites  in Western Canada. Public school Teachers have to go to the colonies to teach. Mennonite men will not serve in the Canadian military even if drafted due to their religious beliefs. What message does that send to society?  Violent Christians such as Timothy McVeigh bomb government buildings in the US killing children, and Christian activists threaten and occasionally do shoot doctors performing abortions. No apologies from the Christian community for these nut bars... Zionist settler extremists in Israel assassinated Yitzak Rabine for pursuing peace on the West Bank.  Point is Islam is certainly not the only Abrahamic religion with violent and extreme members who twist faith into something awful. 

It would seem to an outside observer that the ""guise of religious freedom"" in Canada  is somehow only to be applied to accommodate Christians and Jews and not others.",5
There are also a lot more whites killing whites than cops killing whites.,5
He is truly our country's village idiot and this brain dead POS is actualy running our country we are so screwed.,5
Civil rights movement?  That is a sick joke.  It is a hate group that encourages the murder of police officers.  Disgusting.,5
Wrong.  There will be gangs of liberal's with weapons who will kill and rape conservatives for their food to survive.   This is what will happen,5
I heard on the news that the driver of the van was passing cars in a no passing zone.  Therefore it's good that the lowlife driver of the van died.  The roads are safer and the world's a better place now that that loser is dead.  Hopefully the driver of the other vehicle recovers.,5
"Here’s one example of why accepting face coverings in public is not a great idea:
https://youtu.be/yB9J51MA8uw
It’s a Toronto Police press conference. Two individuals walked into a jewelry store wearing burkas and cleaned it out at gunpoint. They were not muslim women, but allowing a segment of society to normalize such clothing created a situation where the criminal’s “disguise” raised little notice or suspicion as they travelled to and from their mark and made them near impossible to identify. I believe the violent crime remains unsolved.",5
"One stupid criminal dead, three LEOs going home their families.

Doesn't get much better than that.",5
"the punk revels in the many lives he's destroyed and now his aim is helping trump's dirty work, he's worse than any murderer",5
"Braindead morons. No respect for themselves, family, community or value of a life.",5
The CPPp shooter is a nut job. Nut jobs will take anything out of context. No one should be forced to stop speaking just because some nut job might take it the wrong way and do something crazy...that's simply what nut jobs do.,5
"To answer this by you ""If the shooter were Muslim, ...when it is a white mass murderer it is ""not the time"" to talk about anything to do with the problem of gun violence in the US or the hypocrisy of Trump and his sycophants.""

God bless the victims. I pray for your recovery, for your families. As does the nation by majority. Murder is murder is murder. Period. 

Every single political ('Trump, Guns, and racist White mention') hate post -including this one by you-is prime examples of truly despicable human beings. 'Despicable' as in nasty hateful heartless people.",5
"Did it ever occur to you that while you're praying for global safety and peace there are others praying that they're able to kill or injure as many people as possible simply by planning and having the opportunity to make it happen?

If prayer is all it takes, theirs seem to be working better than yours.",5
"This man is a dangerous sociopath. He will continue to be a danger to anyone he is around, animals, children and adults. No one is safe. I am sickened that he served less than 3 years for a triple murder! We are lucky he didn't kill everyone in the house! It wasn't an accident! He didn't like being rejected, left out, not included and not wanted. So he set a fire. 3 years for killing 3 people, which means each person's life is only worth 1 year in jail? Judge, this isn't justice! Good for the tribal leaders banning this guy from their village!! We should banish criminals from Alaska! You commit a crime - you're gone! We need to back the tribal leaders, if they banish someone w/ good reason, then they should be able to do so. We can't blame them for not taking care of their own problems, refuse to give them armed LEO, and then bash them for trying to handle it through tribal law. It doesn't work that way. JUDGE RAY - THIS MAN IS A MONSTER!! When he doesn't get his way he gets violent!",5
"When spoiled brats misbehave we spank them and send them to bed. Good night you rich overpaid crybaby.  I'm sure OJ Simpson feels your pain. America didn't treat him right either so he killed 2 innocent people in his rage, just like the Black Lives Matter people whose actions got many innocent cops killed. Maybe your RAGE will help get many more innocent people killed and finally all the crying you're doing about standing for the National Anthem will finally reward your pathetic little wimpers with a bloody justice. Afterall, isn't that the real justice you are seeking? That's the justice OJ wanted and got. Or are you just mad because the billionaires wouldn't give more than $126 million for such a precious little crybaby?  Don't bother worrying about a 2 year old Syrian boy with blood on his hands and face from a barrel bomb, because in your world the real injustice is that you will have to wait a couple years to buy a yacht!!!!",5
"The Russian troll farms have cooked up the appropriate line of propaganda for their bots to reintroduce and echo.

And Bitebart was first in line to start the ball rolling again.
The line of propaganda is crafted to appeal to those who have no view grounded in reality, those who are easily led to believe the exact opposite of any evident reality.
Trump/Putin can tell their followers up is down and they'll all chime in that anything else is fake news.
Truly wondrous, …the extent of the indoctrination.
Trump can murder America in the street, (…and he's hard at it.), and yet his followers won't lift an eyebrow.
They're too busy listening to Sebastion Gorka, or Alex Jones or some other equally crazy loon.",5
What kind of pervert tortures and kills an animal for pleasure and pride?,5
There's lots more need shootin so what do you say we quit wasting time?,5
"killed and injured about the same amount of people as one month in chicago ill. with the some of the strictest gun laws, in the nation. gun laws, don't work with taught ignorant, stupid, or unpatriotic people.

i would say all your hate groups, teaching hate america hate america are the greater problem. even the nfl, is fallen victim of being hate america and hate americans fascism.

they even, teach this fascism in our public schools. as if we do not get enough of that from islam, n. korea, and other enemies of america today. democracy and fascism's, are not compatible. whether they are fascist communists, clerical, nazi, dictatorial, monarch, anarchy, or fascisimo socialist, fascism.

in fact fascist socialist, don't even get alone with other fascist witches.",5
All I say is if these idiots looking for money then they better make the deadline for the Federal money. 1+ billion is a lot of money. And yet some idiots want to stop and reassess the project. Why? It's being built already and a lot of people went out of business or about to be. These guys have no clue and should be fired. Once Ige signs FINISH it.,5
"""Slaves seldom died of hunger or exposure.""

No. just from overwork, rape, or beatings.",5
What a scumbag. Cops should shoot him on sight with the slightest resistance. They should have done the same with James Holmes and the rest of the mass shooters and terrorists.,5
"Be careful before throwing the lying flag little man. 
The tax cut agreement you talk about was both offset by reviving the inheritance tax and spreading a few dollars across 95% of America. The fact that every working family, except those making more than $190,000, received as much as $800 in tax cuts was quickly gobbled up by another tax and a stimulus package that doubled our national debt. He almost single handily killed the middle class working Americans while blaming the previous administration for everything. Today, sycophants like yourself try rewriting a blight on American history. Not with me little man...",5
They will have to establish as eco fee on the sales of new evs.  That should kill it.,5
"This author mixes together statements and examples of racism, culturalism and religious intolerance as if they are the same thing and are interchangeable.  They are not.  I can deplore certain cultural practices and religious beliefs without ever going near the scourge of racism.

For example, I'm not keen to get to know or be pals with someone whose foundational religious beliefs call for me to be hunted down and exterminated.  I don't care about the colour of their skin or wence they came or their ethnic background but I find that religious belief to be more than somewhat repugnant and intolerable.",5
"Before you do that IDIOT and DISRESPECT thing, supposedly this is ALL for blacks killed by Police. THINK about the FACTS that ALL but ONE ( that officer sentenced to life in prison ), were killed while in the commission of yet ANOTHER FELONY, ALL RESISTED arrests, NONE HAD THEIR hands up, NONE NONE NONE, ONLY ONE had fewer that EIGHT prior FELONY CONVICTIONS, including the PUNK THUG in La. who was convicted of RAPING THIRTEEN YEAR OLD GIRL. Think of those FACTS.",5
"Jackson was a terrible president.  He mistreated both Native Americans and African Americans and was extremely corrupt.  ""Indians"" aka Native Americans have been honored on currency in the past.  African Americans never have been on currency despite having fought and died for this country like everyone else, and Harriet Tubman's story is inspirational on many levels.   She risked her life for the greater good of this country and was a war hero.   She deserves this honor.",5
""" .... saying Moscow should decide whether it wants to remain aligned with a “murderous regime” that kills its own people.""

But Russia is a  “murderous regime” that kills its own people.",5
"""“Now who do I blame?” he asked, pointing to the audience. “The people. A bunch of idiots following Pied Piper over the edge of the cliff. That's who I blame. They ought to know better than that.""

Odd, I feel exactly the same way about you in your office.",5
"Catherine Rampbell Rambling on and on.  Your scoring sucks. For extreme achievements look at the 10 BILLION dollars he's worth. English language? Clearly his language skills got him voted in as POTUS. (not bad)  High paying job offers? YES, he offers a LOT of high paying jobs.His total would would lead the pack.",5
"None of his supporters, that's for sure. I mean if you don't care that he is a disgusting, vile, incompetent, mentally unstable, con man, why would you care about a silly faked magazine cover.",5
"The idea that Obama killed the middle class is incredibly ignorant and anti-Obama rhetoric based in partisan talking points of no merit. Automation, Computers, Outsourcing and Global Competition are killing the middle class because firms make their money overseas (like Trump) and Americans would rather buy poorly made products multiple times rather than quality that costs more but only has to be purchased once. Wait 'til China reigns in its crappy processes and starts making quality, tell your kids to learn Mandarin; this century belongs to the Chinese.",5
"Kira girl is spot-on.  It was not justified.  I hope that Hawaii does not become  another victim of untrained or undertrained security, police or sheriffs waving guns around.  Mainland cities have really suffered from this.",5
